2025-11-13 11:57:18,233 INFO: Attempting final DB update for job b56f64fd-f92d-4c18-8048-dee9808fdee5; payload (truncated): {"status": "finished", "modelPath": "artifacts/11/b56f64fd-f92d-4c18-8048-dee9808fdee5/model.joblib", "metrics": {"r2": -0.19137896963651402, "rmse": 0.3129547369889867, "cv_mean": -0.15013845720925575, "cv_std": 0.019789047273416405}}
2025-11-13 11:57:18,233 INFO: Prisma update attempt for job b56f64fd-f92d-4c18-8048-dee9808fdee5; payload (truncated): {"status": "finished", "modelPath": "artifacts/11/b56f64fd-f92d-4c18-8048-dee9808fdee5/model.joblib", "metrics": "Json"}
2025-11-13 11:57:18,476 INFO: Prisma update successful for job b56f64fd-f92d-4c18-8048-dee9808fdee5 on attempt 1
2025-11-13 11:57:18,476 INFO: DB updated to finished for job b56f64fd-f92d-4c18-8048-dee9808fdee5
2025-11-13 13:07:48,309 INFO: Attempting final DB update for job 76c569c9-d498-426c-8b72-27b43ef10c8f; payload (truncated): {"status": "finished", "modelPath": "artifacts/11/76c569c9-d498-426c-8b72-27b43ef10c8f/model.joblib", "metrics": {"r2": -0.1870342630219377, "rmse": 0.31238357598677674, "cv_mean": -0.15315314178046782, "cv_std": 0.018021645344838657}}
2025-11-13 13:07:48,310 INFO: Prisma update attempt for job 76c569c9-d498-426c-8b72-27b43ef10c8f; payload (truncated): {"status": "finished", "modelPath": "artifacts/11/76c569c9-d498-426c-8b72-27b43ef10c8f/model.joblib", "metrics": "Json"}
2025-11-13 13:07:48,508 INFO: Prisma update successful for job 76c569c9-d498-426c-8b72-27b43ef10c8f on attempt 1
2025-11-13 13:07:48,508 INFO: DB updated to finished for job 76c569c9-d498-426c-8b72-27b43ef10c8f
2025-11-14 18:54:28,503 INFO: Attempting final DB update for job ce3703ad-fecf-4092-bc15-2798436e1f8d; payload (truncated): {"status": "finished", "modelPath": "artifacts/11/ce3703ad-fecf-4092-bc15-2798436e1f8d/model.joblib", "metrics": {"r2": -0.19564506250407554, "rmse": 0.31351455085318314, "cv_mean": -0.1507336362311881, "cv_std": 0.022064188764655608}}
2025-11-14 18:54:28,505 INFO: Prisma update attempt for job ce3703ad-fecf-4092-bc15-2798436e1f8d; payload (truncated): {"status": "finished", "modelPath": "artifacts/11/ce3703ad-fecf-4092-bc15-2798436e1f8d/model.joblib", "metrics": "Json"}
2025-11-14 18:54:28,768 INFO: Prisma update successful for job ce3703ad-fecf-4092-bc15-2798436e1f8d on attempt 1
2025-11-14 18:54:28,769 INFO: DB updated to finished for job ce3703ad-fecf-4092-bc15-2798436e1f8d
2025-11-14 19:11:22,733 INFO: Prisma update attempt for job 21fc2352-76a5-4522-84c3-a2f2e37c71cd; payload (truncated): {"status": "failed"}
2025-11-14 19:11:22,969 INFO: Prisma update successful for job 21fc2352-76a5-4522-84c3-a2f2e37c71cd on attempt 1
2025-11-14 19:12:22,957 INFO: Prisma update attempt for job d18c4c04-d3e5-4f8a-8791-a8fd1925f247; payload (truncated): {"status": "failed"}
2025-11-14 19:12:23,147 INFO: Prisma update successful for job d18c4c04-d3e5-4f8a-8791-a8fd1925f247 on attempt 1
2025-11-14 19:15:15,219 INFO: Prisma update attempt for job 11f4f32d-d75a-4b8e-9a5c-7a09402f62ae; payload (truncated): {"status": "failed"}
2025-11-14 19:15:15,477 INFO: Prisma update successful for job 11f4f32d-d75a-4b8e-9a5c-7a09402f62ae on attempt 1
2025-11-14 20:02:42,676 INFO: Prisma update attempt for job f92b94e7-0484-4ccf-9978-db1610383a51; payload (truncated): {"status": "failed"}
2025-11-14 20:02:43,000 INFO: Prisma update successful for job f92b94e7-0484-4ccf-9978-db1610383a51 on attempt 1
2025-11-14 20:03:11,926 INFO: Prisma update attempt for job 9a0bac7b-9ddb-4c41-9412-3f0d94610f1b; payload (truncated): {"status": "failed"}
2025-11-14 20:03:12,139 INFO: Prisma update successful for job 9a0bac7b-9ddb-4c41-9412-3f0d94610f1b on attempt 1
2025-11-14 20:07:27,278 INFO: Prisma update attempt for job a95e82e0-ff23-4072-b773-95cc222b5294; payload (truncated): {"status": "failed"}
2025-11-14 20:07:27,497 INFO: Prisma update successful for job a95e82e0-ff23-4072-b773-95cc222b5294 on attempt 1
2025-11-14 20:12:56,712 INFO: Prisma update attempt for job 3e20423a-d66b-458c-8b3f-b3671bde687b; payload (truncated): {"status": "failed"}
2025-11-14 20:12:56,895 INFO: Prisma update successful for job 3e20423a-d66b-458c-8b3f-b3671bde687b on attempt 1
2025-11-14 23:33:06,492 INFO: Prisma update attempt for job b3de82e1-d50e-4485-80f0-176a70bf016e; payload (truncated): {"status": "failed"}
2025-11-14 23:33:06,791 INFO: Prisma update successful for job b3de82e1-d50e-4485-80f0-176a70bf016e on attempt 1
2025-11-14 23:34:34,512 INFO: Prisma update attempt for job 98e31626-49ab-49b5-affc-9003a4f5c0eb; payload (truncated): {"status": "failed"}
2025-11-14 23:34:34,806 INFO: Prisma update successful for job 98e31626-49ab-49b5-affc-9003a4f5c0eb on attempt 1
2025-11-14 23:40:55,578 INFO: Prisma update attempt for job e260c191-2e00-431d-949c-8aa6ac13ea99; payload (truncated): {"status": "failed"}
2025-11-14 23:40:55,904 INFO: Prisma update successful for job e260c191-2e00-431d-949c-8aa6ac13ea99 on attempt 1
2025-11-14 23:41:24,232 INFO: Prisma update attempt for job f4de9028-beae-405c-860c-d8b3c1eb5d53; payload (truncated): {"status": "failed"}
2025-11-14 23:41:24,442 INFO: Prisma update successful for job f4de9028-beae-405c-860c-d8b3c1eb5d53 on attempt 1
2025-11-14 23:42:09,570 INFO: Prisma update attempt for job 81cde44b-f8aa-42c9-80a9-c81808119c7e; payload (truncated): {"status": "failed"}
2025-11-14 23:42:09,773 INFO: Prisma update successful for job 81cde44b-f8aa-42c9-80a9-c81808119c7e on attempt 1
2025-11-14 23:42:34,527 INFO: Prisma update attempt for job e89162b9-82b9-4777-8205-1726af8424ec; payload (truncated): {"status": "failed"}
2025-11-14 23:42:34,714 INFO: Prisma update successful for job e89162b9-82b9-4777-8205-1726af8424ec on attempt 1
2025-11-15 00:02:21,194 INFO: Prisma update attempt for job 2c38437f-3423-4095-a70c-993fce199159; payload (truncated): {"status": "failed"}
2025-11-15 00:02:21,448 INFO: Prisma update successful for job 2c38437f-3423-4095-a70c-993fce199159 on attempt 1
2025-11-15 00:02:41,945 INFO: Prisma update attempt for job 08fa38ab-a4c0-49e9-8420-b435a5ccc857; payload (truncated): {"status": "failed"}
2025-11-15 00:02:42,151 INFO: Prisma update successful for job 08fa38ab-a4c0-49e9-8420-b435a5ccc857 on attempt 1
2025-11-15 00:05:15,557 INFO: Prisma update attempt for job 1617805a-5fd4-4520-86bc-d48661f37ecb; payload (truncated): {"status": "failed"}
2025-11-15 00:05:15,757 INFO: Prisma update successful for job 1617805a-5fd4-4520-86bc-d48661f37ecb on attempt 1
2025-11-15 00:10:03,970 INFO: Attempting final DB update for job 8a5b17b5-f5e5-43e7-b51b-9ab5f30e1513; payload (truncated): {"status": "finished", "modelPath": "artifacts/11/8a5b17b5-f5e5-43e7-b51b-9ab5f30e1513/model.joblib", "metrics": {"r2": -0.18496215325122733, "rmse": 0.31211080551636944, "cv_mean": -0.15309230535069798, "cv_std": 0.016962798967121537}}
2025-11-15 00:10:03,971 INFO: Prisma update attempt for job 8a5b17b5-f5e5-43e7-b51b-9ab5f30e1513; payload (truncated): {"status": "finished", "modelPath": "artifacts/11/8a5b17b5-f5e5-43e7-b51b-9ab5f30e1513/model.joblib", "metrics": "Json"}
2025-11-15 00:10:04,170 INFO: Prisma update successful for job 8a5b17b5-f5e5-43e7-b51b-9ab5f30e1513 on attempt 1
2025-11-15 00:10:04,171 INFO: DB updated to finished for job 8a5b17b5-f5e5-43e7-b51b-9ab5f30e1513
2025-11-15 00:12:26,519 INFO: Prisma update attempt for job bb1a1f71-8dd5-4aee-829c-a5d7ec4175c2; payload (truncated): {"status": "failed"}
2025-11-15 00:12:26,734 INFO: Prisma update successful for job bb1a1f71-8dd5-4aee-829c-a5d7ec4175c2 on attempt 1
2025-11-15 00:13:10,228 INFO: Prisma update attempt for job e27939a9-0e9d-41b8-96e4-c67026805fab; payload (truncated): {"status": "failed"}
2025-11-15 00:13:10,465 INFO: Prisma update successful for job e27939a9-0e9d-41b8-96e4-c67026805fab on attempt 1
2025-11-15 00:14:00,667 INFO: Attempting final DB update for job b84392f2-8eed-49bc-ba3e-8310c66abd11; payload (truncated): {"status": "finished", "modelPath": "artifacts/11/b84392f2-8eed-49bc-ba3e-8310c66abd11/model.joblib", "metrics": {"r2": -0.48205039980515196, "rmse": 0.34905032860069096, "cv_mean": null, "cv_std": null}}
2025-11-15 00:14:00,668 INFO: Prisma update attempt for job b84392f2-8eed-49bc-ba3e-8310c66abd11; payload (truncated): {"status": "finished", "modelPath": "artifacts/11/b84392f2-8eed-49bc-ba3e-8310c66abd11/model.joblib", "metrics": "Json"}
2025-11-15 00:14:00,871 INFO: Prisma update successful for job b84392f2-8eed-49bc-ba3e-8310c66abd11 on attempt 1
2025-11-15 00:14:00,871 INFO: DB updated to finished for job b84392f2-8eed-49bc-ba3e-8310c66abd11
2025-11-15 00:18:59,773 INFO: Attempting final DB update for job ae9e5a7a-1c65-4ee4-bfaf-9f3e0511579c; payload (truncated): {"status": "finished", "modelPath": "artifacts/11/ae9e5a7a-1c65-4ee4-bfaf-9f3e0511579c/model.joblib", "metrics": {"r2": -0.48116863762594764, "rmse": 0.34894647748630103, "cv_mean": -0.4975167514740688, "cv_std": 0.03742034413645099}}
2025-11-15 00:18:59,774 INFO: Prisma update attempt for job ae9e5a7a-1c65-4ee4-bfaf-9f3e0511579c; payload (truncated): {"status": "finished", "modelPath": "artifacts/11/ae9e5a7a-1c65-4ee4-bfaf-9f3e0511579c/model.joblib", "metrics": "Json"}
2025-11-15 00:19:00,055 INFO: Prisma update successful for job ae9e5a7a-1c65-4ee4-bfaf-9f3e0511579c on attempt 1
2025-11-15 00:19:00,056 INFO: DB updated to finished for job ae9e5a7a-1c65-4ee4-bfaf-9f3e0511579c
2025-11-15 00:21:20,999 INFO: Attempting final DB update for job a116fa3e-a77f-40ba-8622-bdb494843d08; payload (truncated): {"status": "finished", "modelPath": "artifacts/11/a116fa3e-a77f-40ba-8622-bdb494843d08/model.joblib", "metrics": {"r2": -0.1915492713575737, "rmse": 0.3129771038542712, "cv_mean": -0.15157747773741911, "cv_std": 0.016936002338394675}}
2025-11-15 00:21:21,003 INFO: Prisma update attempt for job a116fa3e-a77f-40ba-8622-bdb494843d08; payload (truncated): {"status": "finished", "modelPath": "artifacts/11/a116fa3e-a77f-40ba-8622-bdb494843d08/model.joblib", "metrics": "Json"}
2025-11-15 00:21:21,254 INFO: Prisma update successful for job a116fa3e-a77f-40ba-8622-bdb494843d08 on attempt 1
2025-11-15 00:21:21,254 INFO: DB updated to finished for job a116fa3e-a77f-40ba-8622-bdb494843d08
2025-11-15 00:27:22,583 INFO: Attempting final DB update for job 57cd4add-ee01-461e-a1ca-2c4cc1dae570; payload (truncated): {"status": "finished", "modelPath": "artifacts/11/57cd4add-ee01-461e-a1ca-2c4cc1dae570/model.joblib", "metrics": {"r2": -0.19446307262976226, "rmse": 0.3133595455484383, "cv_mean": -0.15584399821548311, "cv_std": 0.020930442220039338}}
2025-11-15 00:27:22,584 INFO: Prisma update attempt for job 57cd4add-ee01-461e-a1ca-2c4cc1dae570; payload (truncated): {"status": "finished", "modelPath": "artifacts/11/57cd4add-ee01-461e-a1ca-2c4cc1dae570/model.joblib", "metrics": "Json"}
2025-11-15 00:27:22,784 INFO: Prisma update successful for job 57cd4add-ee01-461e-a1ca-2c4cc1dae570 on attempt 1
2025-11-15 00:27:22,784 INFO: DB updated to finished for job 57cd4add-ee01-461e-a1ca-2c4cc1dae570
2025-11-15 00:28:42,646 INFO: Prisma update attempt for job a8cead59-69dd-4493-bc8a-ead6a21afc34; payload (truncated): {"status": "failed"}
2025-11-15 00:28:42,854 INFO: Prisma update successful for job a8cead59-69dd-4493-bc8a-ead6a21afc34 on attempt 1
2025-11-15 00:29:20,242 INFO: Prisma update attempt for job 342dce75-fcb6-4976-b855-8b18ef720037; payload (truncated): {"status": "failed"}
2025-11-15 00:29:20,447 INFO: Prisma update successful for job 342dce75-fcb6-4976-b855-8b18ef720037 on attempt 1
2025-11-15 00:31:53,853 INFO: Prisma update attempt for job 32563e59-c151-415f-a32d-c83359d86966; payload (truncated): {"status": "failed"}
2025-11-15 00:31:54,036 INFO: Prisma update successful for job 32563e59-c151-415f-a32d-c83359d86966 on attempt 1
2025-11-15 00:32:03,740 INFO: Prisma update attempt for job 2b45deb3-ded5-479a-87e5-cd29fdb0f3e2; payload (truncated): {"status": "failed"}
2025-11-15 00:32:03,925 INFO: Prisma update successful for job 2b45deb3-ded5-479a-87e5-cd29fdb0f3e2 on attempt 1
2025-11-15 01:01:38,424 INFO: Attempting final DB update for job 5e68e989-3091-4eee-9270-8c59c5e5851c; payload (truncated): {"status": "finished", "modelPath": "artifacts/11/5e68e989-3091-4eee-9270-8c59c5e5851c/model.joblib", "metrics": {"r2": -0.19463719333983165, "rmse": 0.31338238442874344, "cv_mean": -0.1544127903280112, "cv_std": 0.01959642274513909}}
2025-11-15 01:01:38,425 INFO: Prisma update attempt for job 5e68e989-3091-4eee-9270-8c59c5e5851c; payload (truncated): {"status": "finished", "modelPath": "artifacts/11/5e68e989-3091-4eee-9270-8c59c5e5851c/model.joblib", "metrics": "Json"}
2025-11-15 01:01:38,632 INFO: Prisma update successful for job 5e68e989-3091-4eee-9270-8c59c5e5851c on attempt 1
2025-11-15 01:01:38,633 INFO: DB updated to finished for job 5e68e989-3091-4eee-9270-8c59c5e5851c
2025-11-15 01:03:15,320 INFO: Prisma update attempt for job 82070e53-5f90-4e4f-af33-82289ec12d30; payload (truncated): {"status": "failed"}
2025-11-15 01:03:15,532 INFO: Prisma update successful for job 82070e53-5f90-4e4f-af33-82289ec12d30 on attempt 1
2025-11-15 01:03:53,732 INFO: Attempting final DB update for job e362fefd-8bab-452c-aa7c-7f5bbb371fbc; payload (truncated): {"status": "finished", "modelPath": "artifacts/11/e362fefd-8bab-452c-aa7c-7f5bbb371fbc/model.joblib", "metrics": {"r2": -0.20023189740614455, "rmse": 0.31411534074732717, "cv_mean": -0.15085702550278296, "cv_std": 0.013209843908670322}}
2025-11-15 01:03:53,733 INFO: Prisma update attempt for job e362fefd-8bab-452c-aa7c-7f5bbb371fbc; payload (truncated): {"status": "finished", "modelPath": "artifacts/11/e362fefd-8bab-452c-aa7c-7f5bbb371fbc/model.joblib", "metrics": "Json"}
2025-11-15 01:03:53,921 INFO: Prisma update successful for job e362fefd-8bab-452c-aa7c-7f5bbb371fbc on attempt 1
2025-11-15 01:03:53,922 INFO: DB updated to finished for job e362fefd-8bab-452c-aa7c-7f5bbb371fbc
2025-11-15 01:08:16,923 INFO: Attempting final DB update for job 9a2931f5-8744-4778-a7f6-f83049ec54f5; payload (truncated): {"status": "finished", "modelPath": "artifacts/11/9a2931f5-8744-4778-a7f6-f83049ec54f5/model.joblib", "metrics": {"r2": -0.4812392276647335, "rmse": 0.34895479249219546, "cv_mean": null, "cv_std": null}}
2025-11-15 01:08:16,924 INFO: Prisma update attempt for job 9a2931f5-8744-4778-a7f6-f83049ec54f5; payload (truncated): {"status": "finished", "modelPath": "artifacts/11/9a2931f5-8744-4778-a7f6-f83049ec54f5/model.joblib", "metrics": "Json"}
2025-11-15 01:08:17,126 INFO: Prisma update successful for job 9a2931f5-8744-4778-a7f6-f83049ec54f5 on attempt 1
2025-11-15 01:08:17,126 INFO: DB updated to finished for job 9a2931f5-8744-4778-a7f6-f83049ec54f5
2025-11-15 01:10:01,919 INFO: Attempting final DB update for job 65d5cc2d-b7d4-49f9-bf6a-74175c571dbc; payload (truncated): {"status": "finished", "modelPath": "artifacts/11/65d5cc2d-b7d4-49f9-bf6a-74175c571dbc/model.joblib", "metrics": {"r2": -0.4808352284523574, "rmse": 0.3489072015721431, "cv_mean": null, "cv_std": null}}
2025-11-15 01:10:01,920 INFO: Prisma update attempt for job 65d5cc2d-b7d4-49f9-bf6a-74175c571dbc; payload (truncated): {"status": "finished", "modelPath": "artifacts/11/65d5cc2d-b7d4-49f9-bf6a-74175c571dbc/model.joblib", "metrics": "Json"}
2025-11-15 01:10:02,141 INFO: Prisma update successful for job 65d5cc2d-b7d4-49f9-bf6a-74175c571dbc on attempt 1
2025-11-15 01:10:02,142 INFO: DB updated to finished for job 65d5cc2d-b7d4-49f9-bf6a-74175c571dbc
2025-11-15 01:12:33,773 INFO: Attempting final DB update for job 9811daaa-4bc1-4e29-a372-453c065c3168; payload (truncated): {"status": "finished", "modelPath": "artifacts/11/9811daaa-4bc1-4e29-a372-453c065c3168/model.joblib", "metrics": {"r2": -0.4821508766418341, "rmse": 0.34906216047849364, "cv_mean": null, "cv_std": null}}
2025-11-15 01:12:33,774 INFO: Prisma update attempt for job 9811daaa-4bc1-4e29-a372-453c065c3168; payload (truncated): {"status": "finished", "modelPath": "artifacts/11/9811daaa-4bc1-4e29-a372-453c065c3168/model.joblib", "metrics": "Json"}
2025-11-15 01:12:33,998 INFO: Prisma update successful for job 9811daaa-4bc1-4e29-a372-453c065c3168 on attempt 1
2025-11-15 01:12:33,999 INFO: DB updated to finished for job 9811daaa-4bc1-4e29-a372-453c065c3168
2025-11-15 01:18:56,622 ERROR: Training error for job 80348d3b-3c24-4e96-9df7-4f672bf902d1: Training failed: Cross-validation failed: Found array with 0 feature(s) (shape=(6400, 0)) while a minimum of 1 is required by RandomForestRegressor.
Traceback (most recent call last):
  File "/Users/smarthsood/Desktop/Gene_startup/gene_web/apps/model_backend/pipeline/pipeline.py", line 333, in train
    cv_scores = cross_val_score(pipe, X_tr, y_tr, cv=cv_folds, scoring=scoring, error_score='raise')
  File "/Users/smarthsood/Desktop/Gene_startup/gene_web/apps/model_backend/venv/lib/python3.13/site-packages/sklearn/utils/_param_validation.py", line 218, in wrapper
    return func(*args, **kwargs)
  File "/Users/smarthsood/Desktop/Gene_startup/gene_web/apps/model_backend/venv/lib/python3.13/site-packages/sklearn/model_selection/_validation.py", line 677, in cross_val_score
    cv_results = cross_validate(
        estimator=estimator,
    ...<9 lines>...
        error_score=error_score,
    )
  File "/Users/smarthsood/Desktop/Gene_startup/gene_web/apps/model_backend/venv/lib/python3.13/site-packages/sklearn/utils/_param_validation.py", line 218, in wrapper
    return func(*args, **kwargs)
  File "/Users/smarthsood/Desktop/Gene_startup/gene_web/apps/model_backend/venv/lib/python3.13/site-packages/sklearn/model_selection/_validation.py", line 399, in cross_validate
    results = parallel(
        delayed(_fit_and_score)(
    ...<15 lines>...
        for train, test in indices
    )
  File "/Users/smarthsood/Desktop/Gene_startup/gene_web/apps/model_backend/venv/lib/python3.13/site-packages/sklearn/utils/parallel.py", line 82, in __call__
    return super().__call__(iterable_with_config_and_warning_filters)
           ~~~~~~~~~~~~~~~~^^^^^^^^^^^^^^^^^^^^^^^^^^^^^^^^^^^^^^^^^^
  File "/Users/smarthsood/Desktop/Gene_startup/gene_web/apps/model_backend/venv/lib/python3.13/site-packages/joblib/parallel.py", line 1986, in __call__
    return output if self.return_generator else list(output)
                                                ~~~~^^^^^^^^
  File "/Users/smarthsood/Desktop/Gene_startup/gene_web/apps/model_backend/venv/lib/python3.13/site-packages/joblib/parallel.py", line 1914, in _get_sequential_output
    res = func(*args, **kwargs)
  File "/Users/smarthsood/Desktop/Gene_startup/gene_web/apps/model_backend/venv/lib/python3.13/site-packages/sklearn/utils/parallel.py", line 147, in __call__
    return self.function(*args, **kwargs)
           ~~~~~~~~~~~~~^^^^^^^^^^^^^^^^^
  File "/Users/smarthsood/Desktop/Gene_startup/gene_web/apps/model_backend/venv/lib/python3.13/site-packages/sklearn/model_selection/_validation.py", line 859, in _fit_and_score
    estimator.fit(X_train, y_train, **fit_params)
    ~~~~~~~~~~~~~^^^^^^^^^^^^^^^^^^^^^^^^^^^^^^^^
  File "/Users/smarthsood/Desktop/Gene_startup/gene_web/apps/model_backend/venv/lib/python3.13/site-packages/sklearn/base.py", line 1365, in wrapper
    return fit_method(estimator, *args, **kwargs)
  File "/Users/smarthsood/Desktop/Gene_startup/gene_web/apps/model_backend/venv/lib/python3.13/site-packages/sklearn/pipeline.py", line 663, in fit
    self._final_estimator.fit(Xt, y, **last_step_params["fit"])
    ~~~~~~~~~~~~~~~~~~~~~~~~~^^^^^^^^^^^^^^^^^^^^^^^^^^^^^^^^^^
  File "/Users/smarthsood/Desktop/Gene_startup/gene_web/apps/model_backend/venv/lib/python3.13/site-packages/sklearn/base.py", line 1365, in wrapper
    return fit_method(estimator, *args, **kwargs)
  File "/Users/smarthsood/Desktop/Gene_startup/gene_web/apps/model_backend/venv/lib/python3.13/site-packages/sklearn/ensemble/_forest.py", line 359, in fit
    X, y = validate_data(
           ~~~~~~~~~~~~~^
        self,
        ^^^^^
    ...<5 lines>...
        ensure_all_finite=False,
        ^^^^^^^^^^^^^^^^^^^^^^^^
    )
    ^
  File "/Users/smarthsood/Desktop/Gene_startup/gene_web/apps/model_backend/venv/lib/python3.13/site-packages/sklearn/utils/validation.py", line 2971, in validate_data
    X, y = check_X_y(X, y, **check_params)
           ~~~~~~~~~^^^^^^^^^^^^^^^^^^^^^^
  File "/Users/smarthsood/Desktop/Gene_startup/gene_web/apps/model_backend/venv/lib/python3.13/site-packages/sklearn/utils/validation.py", line 1368, in check_X_y
    X = check_array(
        X,
    ...<12 lines>...
        input_name="X",
    )
  File "/Users/smarthsood/Desktop/Gene_startup/gene_web/apps/model_backend/venv/lib/python3.13/site-packages/sklearn/utils/validation.py", line 1137, in check_array
    raise ValueError(
    ...<3 lines>...
    )
ValueError: Found array with 0 feature(s) (shape=(6400, 0)) while a minimum of 1 is required by RandomForestRegressor.

Traceback (most recent call last):
  File "/Users/smarthsood/Desktop/Gene_startup/gene_web/apps/model_backend/pipeline/pipeline.py", line 333, in train
    cv_scores = cross_val_score(pipe, X_tr, y_tr, cv=cv_folds, scoring=scoring, error_score='raise')
  File "/Users/smarthsood/Desktop/Gene_startup/gene_web/apps/model_backend/venv/lib/python3.13/site-packages/sklearn/utils/_param_validation.py", line 218, in wrapper
    return func(*args, **kwargs)
  File "/Users/smarthsood/Desktop/Gene_startup/gene_web/apps/model_backend/venv/lib/python3.13/site-packages/sklearn/model_selection/_validation.py", line 677, in cross_val_score
    cv_results = cross_validate(
        estimator=estimator,
    ...<9 lines>...
        error_score=error_score,
    )
  File "/Users/smarthsood/Desktop/Gene_startup/gene_web/apps/model_backend/venv/lib/python3.13/site-packages/sklearn/utils/_param_validation.py", line 218, in wrapper
    return func(*args, **kwargs)
  File "/Users/smarthsood/Desktop/Gene_startup/gene_web/apps/model_backend/venv/lib/python3.13/site-packages/sklearn/model_selection/_validation.py", line 399, in cross_validate
    results = parallel(
        delayed(_fit_and_score)(
    ...<15 lines>...
        for train, test in indices
    )
  File "/Users/smarthsood/Desktop/Gene_startup/gene_web/apps/model_backend/venv/lib/python3.13/site-packages/sklearn/utils/parallel.py", line 82, in __call__
    return super().__call__(iterable_with_config_and_warning_filters)
           ~~~~~~~~~~~~~~~~^^^^^^^^^^^^^^^^^^^^^^^^^^^^^^^^^^^^^^^^^^
  File "/Users/smarthsood/Desktop/Gene_startup/gene_web/apps/model_backend/venv/lib/python3.13/site-packages/joblib/parallel.py", line 1986, in __call__
    return output if self.return_generator else list(output)
                                                ~~~~^^^^^^^^
  File "/Users/smarthsood/Desktop/Gene_startup/gene_web/apps/model_backend/venv/lib/python3.13/site-packages/joblib/parallel.py", line 1914, in _get_sequential_output
    res = func(*args, **kwargs)
  File "/Users/smarthsood/Desktop/Gene_startup/gene_web/apps/model_backend/venv/lib/python3.13/site-packages/sklearn/utils/parallel.py", line 147, in __call__
    return self.function(*args, **kwargs)
           ~~~~~~~~~~~~~^^^^^^^^^^^^^^^^^
  File "/Users/smarthsood/Desktop/Gene_startup/gene_web/apps/model_backend/venv/lib/python3.13/site-packages/sklearn/model_selection/_validation.py", line 859, in _fit_and_score
    estimator.fit(X_train, y_train, **fit_params)
    ~~~~~~~~~~~~~^^^^^^^^^^^^^^^^^^^^^^^^^^^^^^^^
  File "/Users/smarthsood/Desktop/Gene_startup/gene_web/apps/model_backend/venv/lib/python3.13/site-packages/sklearn/base.py", line 1365, in wrapper
    return fit_method(estimator, *args, **kwargs)
  File "/Users/smarthsood/Desktop/Gene_startup/gene_web/apps/model_backend/venv/lib/python3.13/site-packages/sklearn/pipeline.py", line 663, in fit
    self._final_estimator.fit(Xt, y, **last_step_params["fit"])
    ~~~~~~~~~~~~~~~~~~~~~~~~~^^^^^^^^^^^^^^^^^^^^^^^^^^^^^^^^^^
  File "/Users/smarthsood/Desktop/Gene_startup/gene_web/apps/model_backend/venv/lib/python3.13/site-packages/sklearn/base.py", line 1365, in wrapper
    return fit_method(estimator, *args, **kwargs)
  File "/Users/smarthsood/Desktop/Gene_startup/gene_web/apps/model_backend/venv/lib/python3.13/site-packages/sklearn/ensemble/_forest.py", line 359, in fit
    X, y = validate_data(
           ~~~~~~~~~~~~~^
        self,
        ^^^^^
    ...<5 lines>...
        ensure_all_finite=False,
        ^^^^^^^^^^^^^^^^^^^^^^^^
    )
    ^
  File "/Users/smarthsood/Desktop/Gene_startup/gene_web/apps/model_backend/venv/lib/python3.13/site-packages/sklearn/utils/validation.py", line 2971, in validate_data
    X, y = check_X_y(X, y, **check_params)
           ~~~~~~~~~^^^^^^^^^^^^^^^^^^^^^^
  File "/Users/smarthsood/Desktop/Gene_startup/gene_web/apps/model_backend/venv/lib/python3.13/site-packages/sklearn/utils/validation.py", line 1368, in check_X_y
    X = check_array(
        X,
    ...<12 lines>...
        input_name="X",
    )
  File "/Users/smarthsood/Desktop/Gene_startup/gene_web/apps/model_backend/venv/lib/python3.13/site-packages/sklearn/utils/validation.py", line 1137, in check_array
    raise ValueError(
    ...<3 lines>...
    )
ValueError: Found array with 0 feature(s) (shape=(6400, 0)) while a minimum of 1 is required by RandomForestRegressor.

The above exception was the direct cause of the following exception:

Traceback (most recent call last):
  File "/Users/smarthsood/Desktop/Gene_startup/gene_web/apps/model_backend/workers/train_worker.py", line 172, in _run
    result = train(dataset_path, config, str(out_dir))
  File "/Users/smarthsood/Desktop/Gene_startup/gene_web/apps/model_backend/pipeline/pipeline.py", line 350, in train
    raise ValueError(error_msg) from e
ValueError: Cross-validation failed: Found array with 0 feature(s) (shape=(6400, 0)) while a minimum of 1 is required by RandomForestRegressor.
Traceback (most recent call last):
  File "/Users/smarthsood/Desktop/Gene_startup/gene_web/apps/model_backend/pipeline/pipeline.py", line 333, in train
    cv_scores = cross_val_score(pipe, X_tr, y_tr, cv=cv_folds, scoring=scoring, error_score='raise')
  File "/Users/smarthsood/Desktop/Gene_startup/gene_web/apps/model_backend/venv/lib/python3.13/site-packages/sklearn/utils/_param_validation.py", line 218, in wrapper
    return func(*args, **kwargs)
  File "/Users/smarthsood/Desktop/Gene_startup/gene_web/apps/model_backend/venv/lib/python3.13/site-packages/sklearn/model_selection/_validation.py", line 677, in cross_val_score
    cv_results = cross_validate(
        estimator=estimator,
    ...<9 lines>...
        error_score=error_score,
    )
  File "/Users/smarthsood/Desktop/Gene_startup/gene_web/apps/model_backend/venv/lib/python3.13/site-packages/sklearn/utils/_param_validation.py", line 218, in wrapper
    return func(*args, **kwargs)
  File "/Users/smarthsood/Desktop/Gene_startup/gene_web/apps/model_backend/venv/lib/python3.13/site-packages/sklearn/model_selection/_validation.py", line 399, in cross_validate
    results = parallel(
        delayed(_fit_and_score)(
    ...<15 lines>...
        for train, test in indices
    )
  File "/Users/smarthsood/Desktop/Gene_startup/gene_web/apps/model_backend/venv/lib/python3.13/site-packages/sklearn/utils/parallel.py", line 82, in __call__
    return super().__call__(iterable_with_config_and_warning_filters)
           ~~~~~~~~~~~~~~~~^^^^^^^^^^^^^^^^^^^^^^^^^^^^^^^^^^^^^^^^^^
  File "/Users/smarthsood/Desktop/Gene_startup/gene_web/apps/model_backend/venv/lib/python3.13/site-packages/joblib/parallel.py", line 1986, in __call__
    return output if self.return_generator else list(output)
                                                ~~~~^^^^^^^^
  File "/Users/smarthsood/Desktop/Gene_startup/gene_web/apps/model_backend/venv/lib/python3.13/site-packages/joblib/parallel.py", line 1914, in _get_sequential_output
    res = func(*args, **kwargs)
  File "/Users/smarthsood/Desktop/Gene_startup/gene_web/apps/model_backend/venv/lib/python3.13/site-packages/sklearn/utils/parallel.py", line 147, in __call__
    return self.function(*args, **kwargs)
           ~~~~~~~~~~~~~^^^^^^^^^^^^^^^^^
  File "/Users/smarthsood/Desktop/Gene_startup/gene_web/apps/model_backend/venv/lib/python3.13/site-packages/sklearn/model_selection/_validation.py", line 859, in _fit_and_score
    estimator.fit(X_train, y_train, **fit_params)
    ~~~~~~~~~~~~~^^^^^^^^^^^^^^^^^^^^^^^^^^^^^^^^
  File "/Users/smarthsood/Desktop/Gene_startup/gene_web/apps/model_backend/venv/lib/python3.13/site-packages/sklearn/base.py", line 1365, in wrapper
    return fit_method(estimator, *args, **kwargs)
  File "/Users/smarthsood/Desktop/Gene_startup/gene_web/apps/model_backend/venv/lib/python3.13/site-packages/sklearn/pipeline.py", line 663, in fit
    self._final_estimator.fit(Xt, y, **last_step_params["fit"])
    ~~~~~~~~~~~~~~~~~~~~~~~~~^^^^^^^^^^^^^^^^^^^^^^^^^^^^^^^^^^
  File "/Users/smarthsood/Desktop/Gene_startup/gene_web/apps/model_backend/venv/lib/python3.13/site-packages/sklearn/base.py", line 1365, in wrapper
    return fit_method(estimator, *args, **kwargs)
  File "/Users/smarthsood/Desktop/Gene_startup/gene_web/apps/model_backend/venv/lib/python3.13/site-packages/sklearn/ensemble/_forest.py", line 359, in fit
    X, y = validate_data(
           ~~~~~~~~~~~~~^
        self,
        ^^^^^
    ...<5 lines>...
        ensure_all_finite=False,
        ^^^^^^^^^^^^^^^^^^^^^^^^
    )
    ^
  File "/Users/smarthsood/Desktop/Gene_startup/gene_web/apps/model_backend/venv/lib/python3.13/site-packages/sklearn/utils/validation.py", line 2971, in validate_data
    X, y = check_X_y(X, y, **check_params)
           ~~~~~~~~~^^^^^^^^^^^^^^^^^^^^^^
  File "/Users/smarthsood/Desktop/Gene_startup/gene_web/apps/model_backend/venv/lib/python3.13/site-packages/sklearn/utils/validation.py", line 1368, in check_X_y
    X = check_array(
        X,
    ...<12 lines>...
        input_name="X",
    )
  File "/Users/smarthsood/Desktop/Gene_startup/gene_web/apps/model_backend/venv/lib/python3.13/site-packages/sklearn/utils/validation.py", line 1137, in check_array
    raise ValueError(
    ...<3 lines>...
    )
ValueError: Found array with 0 feature(s) (shape=(6400, 0)) while a minimum of 1 is required by RandomForestRegressor.


2025-11-15 01:18:56,622 INFO: Prisma update attempt for job 80348d3b-3c24-4e96-9df7-4f672bf902d1; payload (truncated): {"status": "failed", "metrics": "Json"}
2025-11-15 01:18:56,950 INFO: Prisma update successful for job 80348d3b-3c24-4e96-9df7-4f672bf902d1 on attempt 1
2025-11-15 01:18:56,952 INFO: Prisma update attempt for job 80348d3b-3c24-4e96-9df7-4f672bf902d1; payload (truncated): {"status": "failed"}
2025-11-15 01:18:57,172 INFO: Prisma update successful for job 80348d3b-3c24-4e96-9df7-4f672bf902d1 on attempt 1
2025-11-15 01:20:22,835 ERROR: Training error for job 21b4b361-d529-41ee-8716-61b24f8c5020: Training failed: Cross-validation failed: Found array with 0 feature(s) (shape=(6400, 0)) while a minimum of 1 is required by RandomForestRegressor.
Traceback (most recent call last):
  File "/Users/smarthsood/Desktop/Gene_startup/gene_web/apps/model_backend/pipeline/pipeline.py", line 333, in train
    cv_scores = cross_val_score(pipe, X_tr, y_tr, cv=cv_folds, scoring=scoring, error_score='raise')
  File "/Users/smarthsood/Desktop/Gene_startup/gene_web/apps/model_backend/venv/lib/python3.13/site-packages/sklearn/utils/_param_validation.py", line 218, in wrapper
    return func(*args, **kwargs)
  File "/Users/smarthsood/Desktop/Gene_startup/gene_web/apps/model_backend/venv/lib/python3.13/site-packages/sklearn/model_selection/_validation.py", line 677, in cross_val_score
    cv_results = cross_validate(
        estimator=estimator,
    ...<9 lines>...
        error_score=error_score,
    )
  File "/Users/smarthsood/Desktop/Gene_startup/gene_web/apps/model_backend/venv/lib/python3.13/site-packages/sklearn/utils/_param_validation.py", line 218, in wrapper
    return func(*args, **kwargs)
  File "/Users/smarthsood/Desktop/Gene_startup/gene_web/apps/model_backend/venv/lib/python3.13/site-packages/sklearn/model_selection/_validation.py", line 399, in cross_validate
    results = parallel(
        delayed(_fit_and_score)(
    ...<15 lines>...
        for train, test in indices
    )
  File "/Users/smarthsood/Desktop/Gene_startup/gene_web/apps/model_backend/venv/lib/python3.13/site-packages/sklearn/utils/parallel.py", line 82, in __call__
    return super().__call__(iterable_with_config_and_warning_filters)
           ~~~~~~~~~~~~~~~~^^^^^^^^^^^^^^^^^^^^^^^^^^^^^^^^^^^^^^^^^^
  File "/Users/smarthsood/Desktop/Gene_startup/gene_web/apps/model_backend/venv/lib/python3.13/site-packages/joblib/parallel.py", line 1986, in __call__
    return output if self.return_generator else list(output)
                                                ~~~~^^^^^^^^
  File "/Users/smarthsood/Desktop/Gene_startup/gene_web/apps/model_backend/venv/lib/python3.13/site-packages/joblib/parallel.py", line 1914, in _get_sequential_output
    res = func(*args, **kwargs)
  File "/Users/smarthsood/Desktop/Gene_startup/gene_web/apps/model_backend/venv/lib/python3.13/site-packages/sklearn/utils/parallel.py", line 147, in __call__
    return self.function(*args, **kwargs)
           ~~~~~~~~~~~~~^^^^^^^^^^^^^^^^^
  File "/Users/smarthsood/Desktop/Gene_startup/gene_web/apps/model_backend/venv/lib/python3.13/site-packages/sklearn/model_selection/_validation.py", line 859, in _fit_and_score
    estimator.fit(X_train, y_train, **fit_params)
    ~~~~~~~~~~~~~^^^^^^^^^^^^^^^^^^^^^^^^^^^^^^^^
  File "/Users/smarthsood/Desktop/Gene_startup/gene_web/apps/model_backend/venv/lib/python3.13/site-packages/sklearn/base.py", line 1365, in wrapper
    return fit_method(estimator, *args, **kwargs)
  File "/Users/smarthsood/Desktop/Gene_startup/gene_web/apps/model_backend/venv/lib/python3.13/site-packages/sklearn/pipeline.py", line 663, in fit
    self._final_estimator.fit(Xt, y, **last_step_params["fit"])
    ~~~~~~~~~~~~~~~~~~~~~~~~~^^^^^^^^^^^^^^^^^^^^^^^^^^^^^^^^^^
  File "/Users/smarthsood/Desktop/Gene_startup/gene_web/apps/model_backend/venv/lib/python3.13/site-packages/sklearn/base.py", line 1365, in wrapper
    return fit_method(estimator, *args, **kwargs)
  File "/Users/smarthsood/Desktop/Gene_startup/gene_web/apps/model_backend/venv/lib/python3.13/site-packages/sklearn/ensemble/_forest.py", line 359, in fit
    X, y = validate_data(
           ~~~~~~~~~~~~~^
        self,
        ^^^^^
    ...<5 lines>...
        ensure_all_finite=False,
        ^^^^^^^^^^^^^^^^^^^^^^^^
    )
    ^
  File "/Users/smarthsood/Desktop/Gene_startup/gene_web/apps/model_backend/venv/lib/python3.13/site-packages/sklearn/utils/validation.py", line 2971, in validate_data
    X, y = check_X_y(X, y, **check_params)
           ~~~~~~~~~^^^^^^^^^^^^^^^^^^^^^^
  File "/Users/smarthsood/Desktop/Gene_startup/gene_web/apps/model_backend/venv/lib/python3.13/site-packages/sklearn/utils/validation.py", line 1368, in check_X_y
    X = check_array(
        X,
    ...<12 lines>...
        input_name="X",
    )
  File "/Users/smarthsood/Desktop/Gene_startup/gene_web/apps/model_backend/venv/lib/python3.13/site-packages/sklearn/utils/validation.py", line 1137, in check_array
    raise ValueError(
    ...<3 lines>...
    )
ValueError: Found array with 0 feature(s) (shape=(6400, 0)) while a minimum of 1 is required by RandomForestRegressor.

Traceback (most recent call last):
  File "/Users/smarthsood/Desktop/Gene_startup/gene_web/apps/model_backend/pipeline/pipeline.py", line 333, in train
    cv_scores = cross_val_score(pipe, X_tr, y_tr, cv=cv_folds, scoring=scoring, error_score='raise')
  File "/Users/smarthsood/Desktop/Gene_startup/gene_web/apps/model_backend/venv/lib/python3.13/site-packages/sklearn/utils/_param_validation.py", line 218, in wrapper
    return func(*args, **kwargs)
  File "/Users/smarthsood/Desktop/Gene_startup/gene_web/apps/model_backend/venv/lib/python3.13/site-packages/sklearn/model_selection/_validation.py", line 677, in cross_val_score
    cv_results = cross_validate(
        estimator=estimator,
    ...<9 lines>...
        error_score=error_score,
    )
  File "/Users/smarthsood/Desktop/Gene_startup/gene_web/apps/model_backend/venv/lib/python3.13/site-packages/sklearn/utils/_param_validation.py", line 218, in wrapper
    return func(*args, **kwargs)
  File "/Users/smarthsood/Desktop/Gene_startup/gene_web/apps/model_backend/venv/lib/python3.13/site-packages/sklearn/model_selection/_validation.py", line 399, in cross_validate
    results = parallel(
        delayed(_fit_and_score)(
    ...<15 lines>...
        for train, test in indices
    )
  File "/Users/smarthsood/Desktop/Gene_startup/gene_web/apps/model_backend/venv/lib/python3.13/site-packages/sklearn/utils/parallel.py", line 82, in __call__
    return super().__call__(iterable_with_config_and_warning_filters)
           ~~~~~~~~~~~~~~~~^^^^^^^^^^^^^^^^^^^^^^^^^^^^^^^^^^^^^^^^^^
  File "/Users/smarthsood/Desktop/Gene_startup/gene_web/apps/model_backend/venv/lib/python3.13/site-packages/joblib/parallel.py", line 1986, in __call__
    return output if self.return_generator else list(output)
                                                ~~~~^^^^^^^^
  File "/Users/smarthsood/Desktop/Gene_startup/gene_web/apps/model_backend/venv/lib/python3.13/site-packages/joblib/parallel.py", line 1914, in _get_sequential_output
    res = func(*args, **kwargs)
  File "/Users/smarthsood/Desktop/Gene_startup/gene_web/apps/model_backend/venv/lib/python3.13/site-packages/sklearn/utils/parallel.py", line 147, in __call__
    return self.function(*args, **kwargs)
           ~~~~~~~~~~~~~^^^^^^^^^^^^^^^^^
  File "/Users/smarthsood/Desktop/Gene_startup/gene_web/apps/model_backend/venv/lib/python3.13/site-packages/sklearn/model_selection/_validation.py", line 859, in _fit_and_score
    estimator.fit(X_train, y_train, **fit_params)
    ~~~~~~~~~~~~~^^^^^^^^^^^^^^^^^^^^^^^^^^^^^^^^
  File "/Users/smarthsood/Desktop/Gene_startup/gene_web/apps/model_backend/venv/lib/python3.13/site-packages/sklearn/base.py", line 1365, in wrapper
    return fit_method(estimator, *args, **kwargs)
  File "/Users/smarthsood/Desktop/Gene_startup/gene_web/apps/model_backend/venv/lib/python3.13/site-packages/sklearn/pipeline.py", line 663, in fit
    self._final_estimator.fit(Xt, y, **last_step_params["fit"])
    ~~~~~~~~~~~~~~~~~~~~~~~~~^^^^^^^^^^^^^^^^^^^^^^^^^^^^^^^^^^
  File "/Users/smarthsood/Desktop/Gene_startup/gene_web/apps/model_backend/venv/lib/python3.13/site-packages/sklearn/base.py", line 1365, in wrapper
    return fit_method(estimator, *args, **kwargs)
  File "/Users/smarthsood/Desktop/Gene_startup/gene_web/apps/model_backend/venv/lib/python3.13/site-packages/sklearn/ensemble/_forest.py", line 359, in fit
    X, y = validate_data(
           ~~~~~~~~~~~~~^
        self,
        ^^^^^
    ...<5 lines>...
        ensure_all_finite=False,
        ^^^^^^^^^^^^^^^^^^^^^^^^
    )
    ^
  File "/Users/smarthsood/Desktop/Gene_startup/gene_web/apps/model_backend/venv/lib/python3.13/site-packages/sklearn/utils/validation.py", line 2971, in validate_data
    X, y = check_X_y(X, y, **check_params)
           ~~~~~~~~~^^^^^^^^^^^^^^^^^^^^^^
  File "/Users/smarthsood/Desktop/Gene_startup/gene_web/apps/model_backend/venv/lib/python3.13/site-packages/sklearn/utils/validation.py", line 1368, in check_X_y
    X = check_array(
        X,
    ...<12 lines>...
        input_name="X",
    )
  File "/Users/smarthsood/Desktop/Gene_startup/gene_web/apps/model_backend/venv/lib/python3.13/site-packages/sklearn/utils/validation.py", line 1137, in check_array
    raise ValueError(
    ...<3 lines>...
    )
ValueError: Found array with 0 feature(s) (shape=(6400, 0)) while a minimum of 1 is required by RandomForestRegressor.

The above exception was the direct cause of the following exception:

Traceback (most recent call last):
  File "/Users/smarthsood/Desktop/Gene_startup/gene_web/apps/model_backend/workers/train_worker.py", line 172, in _run
    result = train(dataset_path, config, str(out_dir))
  File "/Users/smarthsood/Desktop/Gene_startup/gene_web/apps/model_backend/pipeline/pipeline.py", line 350, in train
    raise ValueError(error_msg) from e
ValueError: Cross-validation failed: Found array with 0 feature(s) (shape=(6400, 0)) while a minimum of 1 is required by RandomForestRegressor.
Traceback (most recent call last):
  File "/Users/smarthsood/Desktop/Gene_startup/gene_web/apps/model_backend/pipeline/pipeline.py", line 333, in train
    cv_scores = cross_val_score(pipe, X_tr, y_tr, cv=cv_folds, scoring=scoring, error_score='raise')
  File "/Users/smarthsood/Desktop/Gene_startup/gene_web/apps/model_backend/venv/lib/python3.13/site-packages/sklearn/utils/_param_validation.py", line 218, in wrapper
    return func(*args, **kwargs)
  File "/Users/smarthsood/Desktop/Gene_startup/gene_web/apps/model_backend/venv/lib/python3.13/site-packages/sklearn/model_selection/_validation.py", line 677, in cross_val_score
    cv_results = cross_validate(
        estimator=estimator,
    ...<9 lines>...
        error_score=error_score,
    )
  File "/Users/smarthsood/Desktop/Gene_startup/gene_web/apps/model_backend/venv/lib/python3.13/site-packages/sklearn/utils/_param_validation.py", line 218, in wrapper
    return func(*args, **kwargs)
  File "/Users/smarthsood/Desktop/Gene_startup/gene_web/apps/model_backend/venv/lib/python3.13/site-packages/sklearn/model_selection/_validation.py", line 399, in cross_validate
    results = parallel(
        delayed(_fit_and_score)(
    ...<15 lines>...
        for train, test in indices
    )
  File "/Users/smarthsood/Desktop/Gene_startup/gene_web/apps/model_backend/venv/lib/python3.13/site-packages/sklearn/utils/parallel.py", line 82, in __call__
    return super().__call__(iterable_with_config_and_warning_filters)
           ~~~~~~~~~~~~~~~~^^^^^^^^^^^^^^^^^^^^^^^^^^^^^^^^^^^^^^^^^^
  File "/Users/smarthsood/Desktop/Gene_startup/gene_web/apps/model_backend/venv/lib/python3.13/site-packages/joblib/parallel.py", line 1986, in __call__
    return output if self.return_generator else list(output)
                                                ~~~~^^^^^^^^
  File "/Users/smarthsood/Desktop/Gene_startup/gene_web/apps/model_backend/venv/lib/python3.13/site-packages/joblib/parallel.py", line 1914, in _get_sequential_output
    res = func(*args, **kwargs)
  File "/Users/smarthsood/Desktop/Gene_startup/gene_web/apps/model_backend/venv/lib/python3.13/site-packages/sklearn/utils/parallel.py", line 147, in __call__
    return self.function(*args, **kwargs)
           ~~~~~~~~~~~~~^^^^^^^^^^^^^^^^^
  File "/Users/smarthsood/Desktop/Gene_startup/gene_web/apps/model_backend/venv/lib/python3.13/site-packages/sklearn/model_selection/_validation.py", line 859, in _fit_and_score
    estimator.fit(X_train, y_train, **fit_params)
    ~~~~~~~~~~~~~^^^^^^^^^^^^^^^^^^^^^^^^^^^^^^^^
  File "/Users/smarthsood/Desktop/Gene_startup/gene_web/apps/model_backend/venv/lib/python3.13/site-packages/sklearn/base.py", line 1365, in wrapper
    return fit_method(estimator, *args, **kwargs)
  File "/Users/smarthsood/Desktop/Gene_startup/gene_web/apps/model_backend/venv/lib/python3.13/site-packages/sklearn/pipeline.py", line 663, in fit
    self._final_estimator.fit(Xt, y, **last_step_params["fit"])
    ~~~~~~~~~~~~~~~~~~~~~~~~~^^^^^^^^^^^^^^^^^^^^^^^^^^^^^^^^^^
  File "/Users/smarthsood/Desktop/Gene_startup/gene_web/apps/model_backend/venv/lib/python3.13/site-packages/sklearn/base.py", line 1365, in wrapper
    return fit_method(estimator, *args, **kwargs)
  File "/Users/smarthsood/Desktop/Gene_startup/gene_web/apps/model_backend/venv/lib/python3.13/site-packages/sklearn/ensemble/_forest.py", line 359, in fit
    X, y = validate_data(
           ~~~~~~~~~~~~~^
        self,
        ^^^^^
    ...<5 lines>...
        ensure_all_finite=False,
        ^^^^^^^^^^^^^^^^^^^^^^^^
    )
    ^
  File "/Users/smarthsood/Desktop/Gene_startup/gene_web/apps/model_backend/venv/lib/python3.13/site-packages/sklearn/utils/validation.py", line 2971, in validate_data
    X, y = check_X_y(X, y, **check_params)
           ~~~~~~~~~^^^^^^^^^^^^^^^^^^^^^^
  File "/Users/smarthsood/Desktop/Gene_startup/gene_web/apps/model_backend/venv/lib/python3.13/site-packages/sklearn/utils/validation.py", line 1368, in check_X_y
    X = check_array(
        X,
    ...<12 lines>...
        input_name="X",
    )
  File "/Users/smarthsood/Desktop/Gene_startup/gene_web/apps/model_backend/venv/lib/python3.13/site-packages/sklearn/utils/validation.py", line 1137, in check_array
    raise ValueError(
    ...<3 lines>...
    )
ValueError: Found array with 0 feature(s) (shape=(6400, 0)) while a minimum of 1 is required by RandomForestRegressor.


2025-11-15 01:20:22,836 INFO: Prisma update attempt for job 21b4b361-d529-41ee-8716-61b24f8c5020; payload (truncated): {"status": "failed", "metrics": "Json"}
2025-11-15 01:20:23,119 INFO: Prisma update successful for job 21b4b361-d529-41ee-8716-61b24f8c5020 on attempt 1
2025-11-15 01:20:23,119 INFO: Prisma update attempt for job 21b4b361-d529-41ee-8716-61b24f8c5020; payload (truncated): {"status": "failed"}
2025-11-15 01:20:23,306 INFO: Prisma update successful for job 21b4b361-d529-41ee-8716-61b24f8c5020 on attempt 1
2025-11-15 01:22:39,774 ERROR: Training error for job ccb013c7-ecb3-4b49-9d5d-b722f1e3d83e: Training failed: Cross-validation failed: Found array with 0 feature(s) (shape=(6400, 0)) while a minimum of 1 is required by RandomForestRegressor.
Traceback (most recent call last):
  File "/Users/smarthsood/Desktop/Gene_startup/gene_web/apps/model_backend/pipeline/pipeline.py", line 379, in train
    cv_scores = cross_val_score(pipe, X_tr, y_tr, cv=cv_folds, scoring=scoring, error_score='raise')
  File "/Users/smarthsood/Desktop/Gene_startup/gene_web/apps/model_backend/venv/lib/python3.13/site-packages/sklearn/utils/_param_validation.py", line 218, in wrapper
    return func(*args, **kwargs)
  File "/Users/smarthsood/Desktop/Gene_startup/gene_web/apps/model_backend/venv/lib/python3.13/site-packages/sklearn/model_selection/_validation.py", line 677, in cross_val_score
    cv_results = cross_validate(
        estimator=estimator,
    ...<9 lines>...
        error_score=error_score,
    )
  File "/Users/smarthsood/Desktop/Gene_startup/gene_web/apps/model_backend/venv/lib/python3.13/site-packages/sklearn/utils/_param_validation.py", line 218, in wrapper
    return func(*args, **kwargs)
  File "/Users/smarthsood/Desktop/Gene_startup/gene_web/apps/model_backend/venv/lib/python3.13/site-packages/sklearn/model_selection/_validation.py", line 399, in cross_validate
    results = parallel(
        delayed(_fit_and_score)(
    ...<15 lines>...
        for train, test in indices
    )
  File "/Users/smarthsood/Desktop/Gene_startup/gene_web/apps/model_backend/venv/lib/python3.13/site-packages/sklearn/utils/parallel.py", line 82, in __call__
    return super().__call__(iterable_with_config_and_warning_filters)
           ~~~~~~~~~~~~~~~~^^^^^^^^^^^^^^^^^^^^^^^^^^^^^^^^^^^^^^^^^^
  File "/Users/smarthsood/Desktop/Gene_startup/gene_web/apps/model_backend/venv/lib/python3.13/site-packages/joblib/parallel.py", line 1986, in __call__
    return output if self.return_generator else list(output)
                                                ~~~~^^^^^^^^
  File "/Users/smarthsood/Desktop/Gene_startup/gene_web/apps/model_backend/venv/lib/python3.13/site-packages/joblib/parallel.py", line 1914, in _get_sequential_output
    res = func(*args, **kwargs)
  File "/Users/smarthsood/Desktop/Gene_startup/gene_web/apps/model_backend/venv/lib/python3.13/site-packages/sklearn/utils/parallel.py", line 147, in __call__
    return self.function(*args, **kwargs)
           ~~~~~~~~~~~~~^^^^^^^^^^^^^^^^^
  File "/Users/smarthsood/Desktop/Gene_startup/gene_web/apps/model_backend/venv/lib/python3.13/site-packages/sklearn/model_selection/_validation.py", line 859, in _fit_and_score
    estimator.fit(X_train, y_train, **fit_params)
    ~~~~~~~~~~~~~^^^^^^^^^^^^^^^^^^^^^^^^^^^^^^^^
  File "/Users/smarthsood/Desktop/Gene_startup/gene_web/apps/model_backend/venv/lib/python3.13/site-packages/sklearn/base.py", line 1365, in wrapper
    return fit_method(estimator, *args, **kwargs)
  File "/Users/smarthsood/Desktop/Gene_startup/gene_web/apps/model_backend/venv/lib/python3.13/site-packages/sklearn/pipeline.py", line 663, in fit
    self._final_estimator.fit(Xt, y, **last_step_params["fit"])
    ~~~~~~~~~~~~~~~~~~~~~~~~~^^^^^^^^^^^^^^^^^^^^^^^^^^^^^^^^^^
  File "/Users/smarthsood/Desktop/Gene_startup/gene_web/apps/model_backend/venv/lib/python3.13/site-packages/sklearn/base.py", line 1365, in wrapper
    return fit_method(estimator, *args, **kwargs)
  File "/Users/smarthsood/Desktop/Gene_startup/gene_web/apps/model_backend/venv/lib/python3.13/site-packages/sklearn/ensemble/_forest.py", line 359, in fit
    X, y = validate_data(
           ~~~~~~~~~~~~~^
        self,
        ^^^^^
    ...<5 lines>...
        ensure_all_finite=False,
        ^^^^^^^^^^^^^^^^^^^^^^^^
    )
    ^
  File "/Users/smarthsood/Desktop/Gene_startup/gene_web/apps/model_backend/venv/lib/python3.13/site-packages/sklearn/utils/validation.py", line 2971, in validate_data
    X, y = check_X_y(X, y, **check_params)
           ~~~~~~~~~^^^^^^^^^^^^^^^^^^^^^^
  File "/Users/smarthsood/Desktop/Gene_startup/gene_web/apps/model_backend/venv/lib/python3.13/site-packages/sklearn/utils/validation.py", line 1368, in check_X_y
    X = check_array(
        X,
    ...<12 lines>...
        input_name="X",
    )
  File "/Users/smarthsood/Desktop/Gene_startup/gene_web/apps/model_backend/venv/lib/python3.13/site-packages/sklearn/utils/validation.py", line 1137, in check_array
    raise ValueError(
    ...<3 lines>...
    )
ValueError: Found array with 0 feature(s) (shape=(6400, 0)) while a minimum of 1 is required by RandomForestRegressor.

Traceback (most recent call last):
  File "/Users/smarthsood/Desktop/Gene_startup/gene_web/apps/model_backend/pipeline/pipeline.py", line 379, in train
    cv_scores = cross_val_score(pipe, X_tr, y_tr, cv=cv_folds, scoring=scoring, error_score='raise')
  File "/Users/smarthsood/Desktop/Gene_startup/gene_web/apps/model_backend/venv/lib/python3.13/site-packages/sklearn/utils/_param_validation.py", line 218, in wrapper
    return func(*args, **kwargs)
  File "/Users/smarthsood/Desktop/Gene_startup/gene_web/apps/model_backend/venv/lib/python3.13/site-packages/sklearn/model_selection/_validation.py", line 677, in cross_val_score
    cv_results = cross_validate(
        estimator=estimator,
    ...<9 lines>...
        error_score=error_score,
    )
  File "/Users/smarthsood/Desktop/Gene_startup/gene_web/apps/model_backend/venv/lib/python3.13/site-packages/sklearn/utils/_param_validation.py", line 218, in wrapper
    return func(*args, **kwargs)
  File "/Users/smarthsood/Desktop/Gene_startup/gene_web/apps/model_backend/venv/lib/python3.13/site-packages/sklearn/model_selection/_validation.py", line 399, in cross_validate
    results = parallel(
        delayed(_fit_and_score)(
    ...<15 lines>...
        for train, test in indices
    )
  File "/Users/smarthsood/Desktop/Gene_startup/gene_web/apps/model_backend/venv/lib/python3.13/site-packages/sklearn/utils/parallel.py", line 82, in __call__
    return super().__call__(iterable_with_config_and_warning_filters)
           ~~~~~~~~~~~~~~~~^^^^^^^^^^^^^^^^^^^^^^^^^^^^^^^^^^^^^^^^^^
  File "/Users/smarthsood/Desktop/Gene_startup/gene_web/apps/model_backend/venv/lib/python3.13/site-packages/joblib/parallel.py", line 1986, in __call__
    return output if self.return_generator else list(output)
                                                ~~~~^^^^^^^^
  File "/Users/smarthsood/Desktop/Gene_startup/gene_web/apps/model_backend/venv/lib/python3.13/site-packages/joblib/parallel.py", line 1914, in _get_sequential_output
    res = func(*args, **kwargs)
  File "/Users/smarthsood/Desktop/Gene_startup/gene_web/apps/model_backend/venv/lib/python3.13/site-packages/sklearn/utils/parallel.py", line 147, in __call__
    return self.function(*args, **kwargs)
           ~~~~~~~~~~~~~^^^^^^^^^^^^^^^^^
  File "/Users/smarthsood/Desktop/Gene_startup/gene_web/apps/model_backend/venv/lib/python3.13/site-packages/sklearn/model_selection/_validation.py", line 859, in _fit_and_score
    estimator.fit(X_train, y_train, **fit_params)
    ~~~~~~~~~~~~~^^^^^^^^^^^^^^^^^^^^^^^^^^^^^^^^
  File "/Users/smarthsood/Desktop/Gene_startup/gene_web/apps/model_backend/venv/lib/python3.13/site-packages/sklearn/base.py", line 1365, in wrapper
    return fit_method(estimator, *args, **kwargs)
  File "/Users/smarthsood/Desktop/Gene_startup/gene_web/apps/model_backend/venv/lib/python3.13/site-packages/sklearn/pipeline.py", line 663, in fit
    self._final_estimator.fit(Xt, y, **last_step_params["fit"])
    ~~~~~~~~~~~~~~~~~~~~~~~~~^^^^^^^^^^^^^^^^^^^^^^^^^^^^^^^^^^
  File "/Users/smarthsood/Desktop/Gene_startup/gene_web/apps/model_backend/venv/lib/python3.13/site-packages/sklearn/base.py", line 1365, in wrapper
    return fit_method(estimator, *args, **kwargs)
  File "/Users/smarthsood/Desktop/Gene_startup/gene_web/apps/model_backend/venv/lib/python3.13/site-packages/sklearn/ensemble/_forest.py", line 359, in fit
    X, y = validate_data(
           ~~~~~~~~~~~~~^
        self,
        ^^^^^
    ...<5 lines>...
        ensure_all_finite=False,
        ^^^^^^^^^^^^^^^^^^^^^^^^
    )
    ^
  File "/Users/smarthsood/Desktop/Gene_startup/gene_web/apps/model_backend/venv/lib/python3.13/site-packages/sklearn/utils/validation.py", line 2971, in validate_data
    X, y = check_X_y(X, y, **check_params)
           ~~~~~~~~~^^^^^^^^^^^^^^^^^^^^^^
  File "/Users/smarthsood/Desktop/Gene_startup/gene_web/apps/model_backend/venv/lib/python3.13/site-packages/sklearn/utils/validation.py", line 1368, in check_X_y
    X = check_array(
        X,
    ...<12 lines>...
        input_name="X",
    )
  File "/Users/smarthsood/Desktop/Gene_startup/gene_web/apps/model_backend/venv/lib/python3.13/site-packages/sklearn/utils/validation.py", line 1137, in check_array
    raise ValueError(
    ...<3 lines>...
    )
ValueError: Found array with 0 feature(s) (shape=(6400, 0)) while a minimum of 1 is required by RandomForestRegressor.

The above exception was the direct cause of the following exception:

Traceback (most recent call last):
  File "/Users/smarthsood/Desktop/Gene_startup/gene_web/apps/model_backend/workers/train_worker.py", line 172, in _run
    result = train(dataset_path, config, str(out_dir))
  File "/Users/smarthsood/Desktop/Gene_startup/gene_web/apps/model_backend/pipeline/pipeline.py", line 396, in train
    raise ValueError(error_msg) from e
ValueError: Cross-validation failed: Found array with 0 feature(s) (shape=(6400, 0)) while a minimum of 1 is required by RandomForestRegressor.
Traceback (most recent call last):
  File "/Users/smarthsood/Desktop/Gene_startup/gene_web/apps/model_backend/pipeline/pipeline.py", line 379, in train
    cv_scores = cross_val_score(pipe, X_tr, y_tr, cv=cv_folds, scoring=scoring, error_score='raise')
  File "/Users/smarthsood/Desktop/Gene_startup/gene_web/apps/model_backend/venv/lib/python3.13/site-packages/sklearn/utils/_param_validation.py", line 218, in wrapper
    return func(*args, **kwargs)
  File "/Users/smarthsood/Desktop/Gene_startup/gene_web/apps/model_backend/venv/lib/python3.13/site-packages/sklearn/model_selection/_validation.py", line 677, in cross_val_score
    cv_results = cross_validate(
        estimator=estimator,
    ...<9 lines>...
        error_score=error_score,
    )
  File "/Users/smarthsood/Desktop/Gene_startup/gene_web/apps/model_backend/venv/lib/python3.13/site-packages/sklearn/utils/_param_validation.py", line 218, in wrapper
    return func(*args, **kwargs)
  File "/Users/smarthsood/Desktop/Gene_startup/gene_web/apps/model_backend/venv/lib/python3.13/site-packages/sklearn/model_selection/_validation.py", line 399, in cross_validate
    results = parallel(
        delayed(_fit_and_score)(
    ...<15 lines>...
        for train, test in indices
    )
  File "/Users/smarthsood/Desktop/Gene_startup/gene_web/apps/model_backend/venv/lib/python3.13/site-packages/sklearn/utils/parallel.py", line 82, in __call__
    return super().__call__(iterable_with_config_and_warning_filters)
           ~~~~~~~~~~~~~~~~^^^^^^^^^^^^^^^^^^^^^^^^^^^^^^^^^^^^^^^^^^
  File "/Users/smarthsood/Desktop/Gene_startup/gene_web/apps/model_backend/venv/lib/python3.13/site-packages/joblib/parallel.py", line 1986, in __call__
    return output if self.return_generator else list(output)
                                                ~~~~^^^^^^^^
  File "/Users/smarthsood/Desktop/Gene_startup/gene_web/apps/model_backend/venv/lib/python3.13/site-packages/joblib/parallel.py", line 1914, in _get_sequential_output
    res = func(*args, **kwargs)
  File "/Users/smarthsood/Desktop/Gene_startup/gene_web/apps/model_backend/venv/lib/python3.13/site-packages/sklearn/utils/parallel.py", line 147, in __call__
    return self.function(*args, **kwargs)
           ~~~~~~~~~~~~~^^^^^^^^^^^^^^^^^
  File "/Users/smarthsood/Desktop/Gene_startup/gene_web/apps/model_backend/venv/lib/python3.13/site-packages/sklearn/model_selection/_validation.py", line 859, in _fit_and_score
    estimator.fit(X_train, y_train, **fit_params)
    ~~~~~~~~~~~~~^^^^^^^^^^^^^^^^^^^^^^^^^^^^^^^^
  File "/Users/smarthsood/Desktop/Gene_startup/gene_web/apps/model_backend/venv/lib/python3.13/site-packages/sklearn/base.py", line 1365, in wrapper
    return fit_method(estimator, *args, **kwargs)
  File "/Users/smarthsood/Desktop/Gene_startup/gene_web/apps/model_backend/venv/lib/python3.13/site-packages/sklearn/pipeline.py", line 663, in fit
    self._final_estimator.fit(Xt, y, **last_step_params["fit"])
    ~~~~~~~~~~~~~~~~~~~~~~~~~^^^^^^^^^^^^^^^^^^^^^^^^^^^^^^^^^^
  File "/Users/smarthsood/Desktop/Gene_startup/gene_web/apps/model_backend/venv/lib/python3.13/site-packages/sklearn/base.py", line 1365, in wrapper
    return fit_method(estimator, *args, **kwargs)
  File "/Users/smarthsood/Desktop/Gene_startup/gene_web/apps/model_backend/venv/lib/python3.13/site-packages/sklearn/ensemble/_forest.py", line 359, in fit
    X, y = validate_data(
           ~~~~~~~~~~~~~^
        self,
        ^^^^^
    ...<5 lines>...
        ensure_all_finite=False,
        ^^^^^^^^^^^^^^^^^^^^^^^^
    )
    ^
  File "/Users/smarthsood/Desktop/Gene_startup/gene_web/apps/model_backend/venv/lib/python3.13/site-packages/sklearn/utils/validation.py", line 2971, in validate_data
    X, y = check_X_y(X, y, **check_params)
           ~~~~~~~~~^^^^^^^^^^^^^^^^^^^^^^
  File "/Users/smarthsood/Desktop/Gene_startup/gene_web/apps/model_backend/venv/lib/python3.13/site-packages/sklearn/utils/validation.py", line 1368, in check_X_y
    X = check_array(
        X,
    ...<12 lines>...
        input_name="X",
    )
  File "/Users/smarthsood/Desktop/Gene_startup/gene_web/apps/model_backend/venv/lib/python3.13/site-packages/sklearn/utils/validation.py", line 1137, in check_array
    raise ValueError(
    ...<3 lines>...
    )
ValueError: Found array with 0 feature(s) (shape=(6400, 0)) while a minimum of 1 is required by RandomForestRegressor.


2025-11-15 01:22:39,775 INFO: Prisma update attempt for job ccb013c7-ecb3-4b49-9d5d-b722f1e3d83e; payload (truncated): {"status": "failed", "metrics": "Json"}
2025-11-15 01:22:40,093 INFO: Prisma update successful for job ccb013c7-ecb3-4b49-9d5d-b722f1e3d83e on attempt 1
2025-11-15 01:22:40,094 INFO: Prisma update attempt for job ccb013c7-ecb3-4b49-9d5d-b722f1e3d83e; payload (truncated): {"status": "failed"}
2025-11-15 01:22:40,316 INFO: Prisma update successful for job ccb013c7-ecb3-4b49-9d5d-b722f1e3d83e on attempt 1
2025-11-15 01:23:15,727 INFO: Attempting final DB update for job d696143f-3c8b-4729-ab5b-aec7a5e32fa3; payload (truncated): {"status": "finished", "modelPath": "artifacts/11/d696143f-3c8b-4729-ab5b-aec7a5e32fa3/model.joblib", "metrics": {"r2": -0.19301480083020905, "rmse": 0.31316951562932044, "cv_mean": -0.15428005274658685, "cv_std": 0.021565475408670185}}
2025-11-15 01:23:15,728 INFO: Prisma update attempt for job d696143f-3c8b-4729-ab5b-aec7a5e32fa3; payload (truncated): {"status": "finished", "modelPath": "artifacts/11/d696143f-3c8b-4729-ab5b-aec7a5e32fa3/model.joblib", "metrics": "Json"}
2025-11-15 01:23:15,981 INFO: Prisma update successful for job d696143f-3c8b-4729-ab5b-aec7a5e32fa3 on attempt 1
2025-11-15 01:23:15,982 INFO: DB updated to finished for job d696143f-3c8b-4729-ab5b-aec7a5e32fa3
2025-11-15 01:27:40,788 ERROR: Training error for job b40d803c-f2c4-4071-ba67-df18a72b5f32: Training failed: Feature selection removed all features during CV. Method: lasso, Original features: 2. This suggests the feature selection criteria are too strict for this dataset. Try: (1) Using a different feature selection method, (2) Relaxing the selection parameters (e.g., lower variance_threshold, lower alpha), or (3) Disabling feature selection.

Original error: Found array with 0 feature(s) (shape=(6400, 0)) while a minimum of 1 is required by RandomForestRegressor.
Traceback (most recent call last):
  File "/Users/smarthsood/Desktop/Gene_startup/gene_web/apps/model_backend/pipeline/pipeline.py", line 379, in train
    cv_scores = cross_val_score(pipe, X_tr, y_tr, cv=cv_folds, scoring=scoring, error_score='raise')
  File "/Users/smarthsood/Desktop/Gene_startup/gene_web/apps/model_backend/venv/lib/python3.13/site-packages/sklearn/utils/_param_validation.py", line 218, in wrapper
    return func(*args, **kwargs)
  File "/Users/smarthsood/Desktop/Gene_startup/gene_web/apps/model_backend/venv/lib/python3.13/site-packages/sklearn/model_selection/_validation.py", line 677, in cross_val_score
    cv_results = cross_validate(
        estimator=estimator,
    ...<9 lines>...
        error_score=error_score,
    )
  File "/Users/smarthsood/Desktop/Gene_startup/gene_web/apps/model_backend/venv/lib/python3.13/site-packages/sklearn/utils/_param_validation.py", line 218, in wrapper
    return func(*args, **kwargs)
  File "/Users/smarthsood/Desktop/Gene_startup/gene_web/apps/model_backend/venv/lib/python3.13/site-packages/sklearn/model_selection/_validation.py", line 399, in cross_validate
    results = parallel(
        delayed(_fit_and_score)(
    ...<15 lines>...
        for train, test in indices
    )
  File "/Users/smarthsood/Desktop/Gene_startup/gene_web/apps/model_backend/venv/lib/python3.13/site-packages/sklearn/utils/parallel.py", line 82, in __call__
    return super().__call__(iterable_with_config_and_warning_filters)
           ~~~~~~~~~~~~~~~~^^^^^^^^^^^^^^^^^^^^^^^^^^^^^^^^^^^^^^^^^^
  File "/Users/smarthsood/Desktop/Gene_startup/gene_web/apps/model_backend/venv/lib/python3.13/site-packages/joblib/parallel.py", line 1986, in __call__
    return output if self.return_generator else list(output)
                                                ~~~~^^^^^^^^
  File "/Users/smarthsood/Desktop/Gene_startup/gene_web/apps/model_backend/venv/lib/python3.13/site-packages/joblib/parallel.py", line 1914, in _get_sequential_output
    res = func(*args, **kwargs)
  File "/Users/smarthsood/Desktop/Gene_startup/gene_web/apps/model_backend/venv/lib/python3.13/site-packages/sklearn/utils/parallel.py", line 147, in __call__
    return self.function(*args, **kwargs)
           ~~~~~~~~~~~~~^^^^^^^^^^^^^^^^^
  File "/Users/smarthsood/Desktop/Gene_startup/gene_web/apps/model_backend/venv/lib/python3.13/site-packages/sklearn/model_selection/_validation.py", line 859, in _fit_and_score
    estimator.fit(X_train, y_train, **fit_params)
    ~~~~~~~~~~~~~^^^^^^^^^^^^^^^^^^^^^^^^^^^^^^^^
  File "/Users/smarthsood/Desktop/Gene_startup/gene_web/apps/model_backend/venv/lib/python3.13/site-packages/sklearn/base.py", line 1365, in wrapper
    return fit_method(estimator, *args, **kwargs)
  File "/Users/smarthsood/Desktop/Gene_startup/gene_web/apps/model_backend/venv/lib/python3.13/site-packages/sklearn/pipeline.py", line 663, in fit
    self._final_estimator.fit(Xt, y, **last_step_params["fit"])
    ~~~~~~~~~~~~~~~~~~~~~~~~~^^^^^^^^^^^^^^^^^^^^^^^^^^^^^^^^^^
  File "/Users/smarthsood/Desktop/Gene_startup/gene_web/apps/model_backend/venv/lib/python3.13/site-packages/sklearn/base.py", line 1365, in wrapper
    return fit_method(estimator, *args, **kwargs)
  File "/Users/smarthsood/Desktop/Gene_startup/gene_web/apps/model_backend/venv/lib/python3.13/site-packages/sklearn/ensemble/_forest.py", line 359, in fit
    X, y = validate_data(
           ~~~~~~~~~~~~~^
        self,
        ^^^^^
    ...<5 lines>...
        ensure_all_finite=False,
        ^^^^^^^^^^^^^^^^^^^^^^^^
    )
    ^
  File "/Users/smarthsood/Desktop/Gene_startup/gene_web/apps/model_backend/venv/lib/python3.13/site-packages/sklearn/utils/validation.py", line 2971, in validate_data
    X, y = check_X_y(X, y, **check_params)
           ~~~~~~~~~^^^^^^^^^^^^^^^^^^^^^^
  File "/Users/smarthsood/Desktop/Gene_startup/gene_web/apps/model_backend/venv/lib/python3.13/site-packages/sklearn/utils/validation.py", line 1368, in check_X_y
    X = check_array(
        X,
    ...<12 lines>...
        input_name="X",
    )
  File "/Users/smarthsood/Desktop/Gene_startup/gene_web/apps/model_backend/venv/lib/python3.13/site-packages/sklearn/utils/validation.py", line 1137, in check_array
    raise ValueError(
    ...<3 lines>...
    )
ValueError: Found array with 0 feature(s) (shape=(6400, 0)) while a minimum of 1 is required by RandomForestRegressor.

The above exception was the direct cause of the following exception:

Traceback (most recent call last):
  File "/Users/smarthsood/Desktop/Gene_startup/gene_web/apps/model_backend/workers/train_worker.py", line 172, in _run
    result = train(dataset_path, config, str(out_dir))
  File "/Users/smarthsood/Desktop/Gene_startup/gene_web/apps/model_backend/pipeline/pipeline.py", line 434, in train
    raise ValueError(error_msg) from e
ValueError: Feature selection removed all features during CV. Method: lasso, Original features: 2. This suggests the feature selection criteria are too strict for this dataset. Try: (1) Using a different feature selection method, (2) Relaxing the selection parameters (e.g., lower variance_threshold, lower alpha), or (3) Disabling feature selection.

Original error: Found array with 0 feature(s) (shape=(6400, 0)) while a minimum of 1 is required by RandomForestRegressor.

2025-11-15 01:27:40,788 INFO: Prisma update attempt for job b40d803c-f2c4-4071-ba67-df18a72b5f32; payload (truncated): {"status": "failed", "metrics": "Json"}
2025-11-15 01:27:41,014 INFO: Prisma update successful for job b40d803c-f2c4-4071-ba67-df18a72b5f32 on attempt 1
2025-11-15 01:27:41,015 INFO: Prisma update attempt for job b40d803c-f2c4-4071-ba67-df18a72b5f32; payload (truncated): {"status": "failed"}
2025-11-15 01:27:41,231 INFO: Prisma update successful for job b40d803c-f2c4-4071-ba67-df18a72b5f32 on attempt 1
2025-11-15 01:29:32,194 ERROR: Training error for job 7a303142-904f-4cc1-814d-d62c37ab6efb: Training failed: Feature selection removed all features during CV. Method: lasso, Original features: 2. This suggests the feature selection criteria are too strict for this dataset. Try: (1) Using a different feature selection method, (2) Relaxing the selection parameters (e.g., lower variance_threshold, lower alpha), or (3) Disabling feature selection.

Original error: Found array with 0 feature(s) (shape=(6400, 0)) while a minimum of 1 is required by RandomForestRegressor.
Traceback (most recent call last):
  File "/Users/smarthsood/Desktop/Gene_startup/gene_web/apps/model_backend/pipeline/pipeline.py", line 379, in train
    cv_scores = cross_val_score(pipe, X_tr, y_tr, cv=cv_folds, scoring=scoring, error_score='raise')
  File "/Users/smarthsood/Desktop/Gene_startup/gene_web/apps/model_backend/venv/lib/python3.13/site-packages/sklearn/utils/_param_validation.py", line 218, in wrapper
    return func(*args, **kwargs)
  File "/Users/smarthsood/Desktop/Gene_startup/gene_web/apps/model_backend/venv/lib/python3.13/site-packages/sklearn/model_selection/_validation.py", line 677, in cross_val_score
    cv_results = cross_validate(
        estimator=estimator,
    ...<9 lines>...
        error_score=error_score,
    )
  File "/Users/smarthsood/Desktop/Gene_startup/gene_web/apps/model_backend/venv/lib/python3.13/site-packages/sklearn/utils/_param_validation.py", line 218, in wrapper
    return func(*args, **kwargs)
  File "/Users/smarthsood/Desktop/Gene_startup/gene_web/apps/model_backend/venv/lib/python3.13/site-packages/sklearn/model_selection/_validation.py", line 399, in cross_validate
    results = parallel(
        delayed(_fit_and_score)(
    ...<15 lines>...
        for train, test in indices
    )
  File "/Users/smarthsood/Desktop/Gene_startup/gene_web/apps/model_backend/venv/lib/python3.13/site-packages/sklearn/utils/parallel.py", line 82, in __call__
    return super().__call__(iterable_with_config_and_warning_filters)
           ~~~~~~~~~~~~~~~~^^^^^^^^^^^^^^^^^^^^^^^^^^^^^^^^^^^^^^^^^^
  File "/Users/smarthsood/Desktop/Gene_startup/gene_web/apps/model_backend/venv/lib/python3.13/site-packages/joblib/parallel.py", line 1986, in __call__
    return output if self.return_generator else list(output)
                                                ~~~~^^^^^^^^
  File "/Users/smarthsood/Desktop/Gene_startup/gene_web/apps/model_backend/venv/lib/python3.13/site-packages/joblib/parallel.py", line 1914, in _get_sequential_output
    res = func(*args, **kwargs)
  File "/Users/smarthsood/Desktop/Gene_startup/gene_web/apps/model_backend/venv/lib/python3.13/site-packages/sklearn/utils/parallel.py", line 147, in __call__
    return self.function(*args, **kwargs)
           ~~~~~~~~~~~~~^^^^^^^^^^^^^^^^^
  File "/Users/smarthsood/Desktop/Gene_startup/gene_web/apps/model_backend/venv/lib/python3.13/site-packages/sklearn/model_selection/_validation.py", line 859, in _fit_and_score
    estimator.fit(X_train, y_train, **fit_params)
    ~~~~~~~~~~~~~^^^^^^^^^^^^^^^^^^^^^^^^^^^^^^^^
  File "/Users/smarthsood/Desktop/Gene_startup/gene_web/apps/model_backend/venv/lib/python3.13/site-packages/sklearn/base.py", line 1365, in wrapper
    return fit_method(estimator, *args, **kwargs)
  File "/Users/smarthsood/Desktop/Gene_startup/gene_web/apps/model_backend/venv/lib/python3.13/site-packages/sklearn/pipeline.py", line 663, in fit
    self._final_estimator.fit(Xt, y, **last_step_params["fit"])
    ~~~~~~~~~~~~~~~~~~~~~~~~~^^^^^^^^^^^^^^^^^^^^^^^^^^^^^^^^^^
  File "/Users/smarthsood/Desktop/Gene_startup/gene_web/apps/model_backend/venv/lib/python3.13/site-packages/sklearn/base.py", line 1365, in wrapper
    return fit_method(estimator, *args, **kwargs)
  File "/Users/smarthsood/Desktop/Gene_startup/gene_web/apps/model_backend/venv/lib/python3.13/site-packages/sklearn/ensemble/_forest.py", line 359, in fit
    X, y = validate_data(
           ~~~~~~~~~~~~~^
        self,
        ^^^^^
    ...<5 lines>...
        ensure_all_finite=False,
        ^^^^^^^^^^^^^^^^^^^^^^^^
    )
    ^
  File "/Users/smarthsood/Desktop/Gene_startup/gene_web/apps/model_backend/venv/lib/python3.13/site-packages/sklearn/utils/validation.py", line 2971, in validate_data
    X, y = check_X_y(X, y, **check_params)
           ~~~~~~~~~^^^^^^^^^^^^^^^^^^^^^^
  File "/Users/smarthsood/Desktop/Gene_startup/gene_web/apps/model_backend/venv/lib/python3.13/site-packages/sklearn/utils/validation.py", line 1368, in check_X_y
    X = check_array(
        X,
    ...<12 lines>...
        input_name="X",
    )
  File "/Users/smarthsood/Desktop/Gene_startup/gene_web/apps/model_backend/venv/lib/python3.13/site-packages/sklearn/utils/validation.py", line 1137, in check_array
    raise ValueError(
    ...<3 lines>...
    )
ValueError: Found array with 0 feature(s) (shape=(6400, 0)) while a minimum of 1 is required by RandomForestRegressor.

The above exception was the direct cause of the following exception:

Traceback (most recent call last):
  File "/Users/smarthsood/Desktop/Gene_startup/gene_web/apps/model_backend/workers/train_worker.py", line 172, in _run
    result = train(dataset_path, config, str(out_dir))
  File "/Users/smarthsood/Desktop/Gene_startup/gene_web/apps/model_backend/pipeline/pipeline.py", line 434, in train
    raise ValueError(error_msg) from e
ValueError: Feature selection removed all features during CV. Method: lasso, Original features: 2. This suggests the feature selection criteria are too strict for this dataset. Try: (1) Using a different feature selection method, (2) Relaxing the selection parameters (e.g., lower variance_threshold, lower alpha), or (3) Disabling feature selection.

Original error: Found array with 0 feature(s) (shape=(6400, 0)) while a minimum of 1 is required by RandomForestRegressor.

2025-11-15 01:29:32,195 INFO: Prisma update attempt for job 7a303142-904f-4cc1-814d-d62c37ab6efb; payload (truncated): {"status": "failed", "metrics": "Json"}
2025-11-15 01:29:32,474 INFO: Prisma update successful for job 7a303142-904f-4cc1-814d-d62c37ab6efb on attempt 1
2025-11-15 01:29:32,475 INFO: Prisma update attempt for job 7a303142-904f-4cc1-814d-d62c37ab6efb; payload (truncated): {"status": "failed"}
2025-11-15 01:29:32,704 INFO: Prisma update successful for job 7a303142-904f-4cc1-814d-d62c37ab6efb on attempt 1
2025-11-15 01:32:19,226 ERROR: Training error for job 041fdb55-5f1c-4b99-bdb6-f9a67aa416a8: Training failed: Feature selection removed all features during CV. Method: lasso, Original features: 2. This suggests the feature selection criteria are too strict for this dataset. Try: (1) Using a different feature selection method, (2) Relaxing the selection parameters (e.g., lower variance_threshold, lower alpha), or (3) Disabling feature selection.

Original error: Found array with 0 feature(s) (shape=(6400, 0)) while a minimum of 1 is required by RandomForestRegressor.
Traceback (most recent call last):
  File "/Users/smarthsood/Desktop/Gene_startup/gene_web/apps/model_backend/pipeline/pipeline.py", line 379, in train
    cv_scores = cross_val_score(pipe, X_tr, y_tr, cv=cv_folds, scoring=scoring, error_score='raise')
  File "/Users/smarthsood/Desktop/Gene_startup/gene_web/apps/model_backend/venv/lib/python3.13/site-packages/sklearn/utils/_param_validation.py", line 218, in wrapper
    return func(*args, **kwargs)
  File "/Users/smarthsood/Desktop/Gene_startup/gene_web/apps/model_backend/venv/lib/python3.13/site-packages/sklearn/model_selection/_validation.py", line 677, in cross_val_score
    cv_results = cross_validate(
        estimator=estimator,
    ...<9 lines>...
        error_score=error_score,
    )
  File "/Users/smarthsood/Desktop/Gene_startup/gene_web/apps/model_backend/venv/lib/python3.13/site-packages/sklearn/utils/_param_validation.py", line 218, in wrapper
    return func(*args, **kwargs)
  File "/Users/smarthsood/Desktop/Gene_startup/gene_web/apps/model_backend/venv/lib/python3.13/site-packages/sklearn/model_selection/_validation.py", line 399, in cross_validate
    results = parallel(
        delayed(_fit_and_score)(
    ...<15 lines>...
        for train, test in indices
    )
  File "/Users/smarthsood/Desktop/Gene_startup/gene_web/apps/model_backend/venv/lib/python3.13/site-packages/sklearn/utils/parallel.py", line 82, in __call__
    return super().__call__(iterable_with_config_and_warning_filters)
           ~~~~~~~~~~~~~~~~^^^^^^^^^^^^^^^^^^^^^^^^^^^^^^^^^^^^^^^^^^
  File "/Users/smarthsood/Desktop/Gene_startup/gene_web/apps/model_backend/venv/lib/python3.13/site-packages/joblib/parallel.py", line 1986, in __call__
    return output if self.return_generator else list(output)
                                                ~~~~^^^^^^^^
  File "/Users/smarthsood/Desktop/Gene_startup/gene_web/apps/model_backend/venv/lib/python3.13/site-packages/joblib/parallel.py", line 1914, in _get_sequential_output
    res = func(*args, **kwargs)
  File "/Users/smarthsood/Desktop/Gene_startup/gene_web/apps/model_backend/venv/lib/python3.13/site-packages/sklearn/utils/parallel.py", line 147, in __call__
    return self.function(*args, **kwargs)
           ~~~~~~~~~~~~~^^^^^^^^^^^^^^^^^
  File "/Users/smarthsood/Desktop/Gene_startup/gene_web/apps/model_backend/venv/lib/python3.13/site-packages/sklearn/model_selection/_validation.py", line 859, in _fit_and_score
    estimator.fit(X_train, y_train, **fit_params)
    ~~~~~~~~~~~~~^^^^^^^^^^^^^^^^^^^^^^^^^^^^^^^^
  File "/Users/smarthsood/Desktop/Gene_startup/gene_web/apps/model_backend/venv/lib/python3.13/site-packages/sklearn/base.py", line 1365, in wrapper
    return fit_method(estimator, *args, **kwargs)
  File "/Users/smarthsood/Desktop/Gene_startup/gene_web/apps/model_backend/venv/lib/python3.13/site-packages/sklearn/pipeline.py", line 663, in fit
    self._final_estimator.fit(Xt, y, **last_step_params["fit"])
    ~~~~~~~~~~~~~~~~~~~~~~~~~^^^^^^^^^^^^^^^^^^^^^^^^^^^^^^^^^^
  File "/Users/smarthsood/Desktop/Gene_startup/gene_web/apps/model_backend/venv/lib/python3.13/site-packages/sklearn/base.py", line 1365, in wrapper
    return fit_method(estimator, *args, **kwargs)
  File "/Users/smarthsood/Desktop/Gene_startup/gene_web/apps/model_backend/venv/lib/python3.13/site-packages/sklearn/ensemble/_forest.py", line 359, in fit
    X, y = validate_data(
           ~~~~~~~~~~~~~^
        self,
        ^^^^^
    ...<5 lines>...
        ensure_all_finite=False,
        ^^^^^^^^^^^^^^^^^^^^^^^^
    )
    ^
  File "/Users/smarthsood/Desktop/Gene_startup/gene_web/apps/model_backend/venv/lib/python3.13/site-packages/sklearn/utils/validation.py", line 2971, in validate_data
    X, y = check_X_y(X, y, **check_params)
           ~~~~~~~~~^^^^^^^^^^^^^^^^^^^^^^
  File "/Users/smarthsood/Desktop/Gene_startup/gene_web/apps/model_backend/venv/lib/python3.13/site-packages/sklearn/utils/validation.py", line 1368, in check_X_y
    X = check_array(
        X,
    ...<12 lines>...
        input_name="X",
    )
  File "/Users/smarthsood/Desktop/Gene_startup/gene_web/apps/model_backend/venv/lib/python3.13/site-packages/sklearn/utils/validation.py", line 1137, in check_array
    raise ValueError(
    ...<3 lines>...
    )
ValueError: Found array with 0 feature(s) (shape=(6400, 0)) while a minimum of 1 is required by RandomForestRegressor.

The above exception was the direct cause of the following exception:

Traceback (most recent call last):
  File "/Users/smarthsood/Desktop/Gene_startup/gene_web/apps/model_backend/workers/train_worker.py", line 172, in _run
    result = train(dataset_path, config, str(out_dir))
  File "/Users/smarthsood/Desktop/Gene_startup/gene_web/apps/model_backend/pipeline/pipeline.py", line 434, in train
    raise ValueError(error_msg) from e
ValueError: Feature selection removed all features during CV. Method: lasso, Original features: 2. This suggests the feature selection criteria are too strict for this dataset. Try: (1) Using a different feature selection method, (2) Relaxing the selection parameters (e.g., lower variance_threshold, lower alpha), or (3) Disabling feature selection.

Original error: Found array with 0 feature(s) (shape=(6400, 0)) while a minimum of 1 is required by RandomForestRegressor.

2025-11-15 01:32:19,226 INFO: Prisma update attempt for job 041fdb55-5f1c-4b99-bdb6-f9a67aa416a8; payload (truncated): {"status": "failed", "metrics": "Json"}
2025-11-15 01:32:19,539 INFO: Prisma update successful for job 041fdb55-5f1c-4b99-bdb6-f9a67aa416a8 on attempt 1
2025-11-15 01:32:19,539 INFO: Prisma update attempt for job 041fdb55-5f1c-4b99-bdb6-f9a67aa416a8; payload (truncated): {"status": "failed"}
2025-11-15 01:32:19,784 INFO: Prisma update successful for job 041fdb55-5f1c-4b99-bdb6-f9a67aa416a8 on attempt 1
2025-11-15 01:32:48,762 INFO: Attempting final DB update for job 880f2060-a2fb-46c5-9193-1dbe2964f840; payload (truncated): {"status": "finished", "modelPath": "artifacts/11/880f2060-a2fb-46c5-9193-1dbe2964f840/model.joblib", "metrics": {"r2": -0.19877323532936408, "rmse": 0.31392440788182274, "cv_mean": -0.1517855534406954, "cv_std": 0.015192652207125047}}
2025-11-15 01:32:48,763 INFO: Prisma update attempt for job 880f2060-a2fb-46c5-9193-1dbe2964f840; payload (truncated): {"status": "finished", "modelPath": "artifacts/11/880f2060-a2fb-46c5-9193-1dbe2964f840/model.joblib", "metrics": "Json"}
2025-11-15 01:32:48,950 INFO: Prisma update successful for job 880f2060-a2fb-46c5-9193-1dbe2964f840 on attempt 1
2025-11-15 01:32:48,950 INFO: DB updated to finished for job 880f2060-a2fb-46c5-9193-1dbe2964f840
2025-11-15 02:26:33,038 ERROR: Training error for job 25b74959-4419-4f82-b666-2bdc6d510c64: Training failed: Feature selection removed all features during CV. Method: lasso, Original features: 2. This suggests the feature selection criteria are too strict for this dataset. Try: (1) Using a different feature selection method, (2) Relaxing the selection parameters (e.g., lower variance_threshold, lower alpha), or (3) Disabling feature selection.

Original error: Found array with 0 feature(s) (shape=(6400, 0)) while a minimum of 1 is required by RandomForestRegressor.
Traceback (most recent call last):
  File "/Users/smarthsood/Desktop/Gene_startup/gene_web/apps/model_backend/pipeline/pipeline.py", line 379, in train
    cv_scores = cross_val_score(pipe, X_tr, y_tr, cv=cv_folds, scoring=scoring, error_score='raise')
  File "/Users/smarthsood/Desktop/Gene_startup/gene_web/apps/model_backend/venv/lib/python3.13/site-packages/sklearn/utils/_param_validation.py", line 218, in wrapper
    return func(*args, **kwargs)
  File "/Users/smarthsood/Desktop/Gene_startup/gene_web/apps/model_backend/venv/lib/python3.13/site-packages/sklearn/model_selection/_validation.py", line 677, in cross_val_score
    cv_results = cross_validate(
        estimator=estimator,
    ...<9 lines>...
        error_score=error_score,
    )
  File "/Users/smarthsood/Desktop/Gene_startup/gene_web/apps/model_backend/venv/lib/python3.13/site-packages/sklearn/utils/_param_validation.py", line 218, in wrapper
    return func(*args, **kwargs)
  File "/Users/smarthsood/Desktop/Gene_startup/gene_web/apps/model_backend/venv/lib/python3.13/site-packages/sklearn/model_selection/_validation.py", line 399, in cross_validate
    results = parallel(
        delayed(_fit_and_score)(
    ...<15 lines>...
        for train, test in indices
    )
  File "/Users/smarthsood/Desktop/Gene_startup/gene_web/apps/model_backend/venv/lib/python3.13/site-packages/sklearn/utils/parallel.py", line 82, in __call__
    return super().__call__(iterable_with_config_and_warning_filters)
           ~~~~~~~~~~~~~~~~^^^^^^^^^^^^^^^^^^^^^^^^^^^^^^^^^^^^^^^^^^
  File "/Users/smarthsood/Desktop/Gene_startup/gene_web/apps/model_backend/venv/lib/python3.13/site-packages/joblib/parallel.py", line 1986, in __call__
    return output if self.return_generator else list(output)
                                                ~~~~^^^^^^^^
  File "/Users/smarthsood/Desktop/Gene_startup/gene_web/apps/model_backend/venv/lib/python3.13/site-packages/joblib/parallel.py", line 1914, in _get_sequential_output
    res = func(*args, **kwargs)
  File "/Users/smarthsood/Desktop/Gene_startup/gene_web/apps/model_backend/venv/lib/python3.13/site-packages/sklearn/utils/parallel.py", line 147, in __call__
    return self.function(*args, **kwargs)
           ~~~~~~~~~~~~~^^^^^^^^^^^^^^^^^
  File "/Users/smarthsood/Desktop/Gene_startup/gene_web/apps/model_backend/venv/lib/python3.13/site-packages/sklearn/model_selection/_validation.py", line 859, in _fit_and_score
    estimator.fit(X_train, y_train, **fit_params)
    ~~~~~~~~~~~~~^^^^^^^^^^^^^^^^^^^^^^^^^^^^^^^^
  File "/Users/smarthsood/Desktop/Gene_startup/gene_web/apps/model_backend/venv/lib/python3.13/site-packages/sklearn/base.py", line 1365, in wrapper
    return fit_method(estimator, *args, **kwargs)
  File "/Users/smarthsood/Desktop/Gene_startup/gene_web/apps/model_backend/venv/lib/python3.13/site-packages/sklearn/pipeline.py", line 663, in fit
    self._final_estimator.fit(Xt, y, **last_step_params["fit"])
    ~~~~~~~~~~~~~~~~~~~~~~~~~^^^^^^^^^^^^^^^^^^^^^^^^^^^^^^^^^^
  File "/Users/smarthsood/Desktop/Gene_startup/gene_web/apps/model_backend/venv/lib/python3.13/site-packages/sklearn/base.py", line 1365, in wrapper
    return fit_method(estimator, *args, **kwargs)
  File "/Users/smarthsood/Desktop/Gene_startup/gene_web/apps/model_backend/venv/lib/python3.13/site-packages/sklearn/ensemble/_forest.py", line 359, in fit
    X, y = validate_data(
           ~~~~~~~~~~~~~^
        self,
        ^^^^^
    ...<5 lines>...
        ensure_all_finite=False,
        ^^^^^^^^^^^^^^^^^^^^^^^^
    )
    ^
  File "/Users/smarthsood/Desktop/Gene_startup/gene_web/apps/model_backend/venv/lib/python3.13/site-packages/sklearn/utils/validation.py", line 2971, in validate_data
    X, y = check_X_y(X, y, **check_params)
           ~~~~~~~~~^^^^^^^^^^^^^^^^^^^^^^
  File "/Users/smarthsood/Desktop/Gene_startup/gene_web/apps/model_backend/venv/lib/python3.13/site-packages/sklearn/utils/validation.py", line 1368, in check_X_y
    X = check_array(
        X,
    ...<12 lines>...
        input_name="X",
    )
  File "/Users/smarthsood/Desktop/Gene_startup/gene_web/apps/model_backend/venv/lib/python3.13/site-packages/sklearn/utils/validation.py", line 1137, in check_array
    raise ValueError(
    ...<3 lines>...
    )
ValueError: Found array with 0 feature(s) (shape=(6400, 0)) while a minimum of 1 is required by RandomForestRegressor.

The above exception was the direct cause of the following exception:

Traceback (most recent call last):
  File "/Users/smarthsood/Desktop/Gene_startup/gene_web/apps/model_backend/workers/train_worker.py", line 172, in _run
    result = train(dataset_path, config, str(out_dir))
  File "/Users/smarthsood/Desktop/Gene_startup/gene_web/apps/model_backend/pipeline/pipeline.py", line 434, in train
    raise ValueError(error_msg) from e
ValueError: Feature selection removed all features during CV. Method: lasso, Original features: 2. This suggests the feature selection criteria are too strict for this dataset. Try: (1) Using a different feature selection method, (2) Relaxing the selection parameters (e.g., lower variance_threshold, lower alpha), or (3) Disabling feature selection.

Original error: Found array with 0 feature(s) (shape=(6400, 0)) while a minimum of 1 is required by RandomForestRegressor.

2025-11-15 02:26:33,039 INFO: Prisma update attempt for job 25b74959-4419-4f82-b666-2bdc6d510c64; payload (truncated): {"status": "failed", "metrics": "Json"}
2025-11-15 02:26:33,221 INFO: Prisma update successful for job 25b74959-4419-4f82-b666-2bdc6d510c64 on attempt 1
2025-11-15 02:26:33,222 INFO: Prisma update attempt for job 25b74959-4419-4f82-b666-2bdc6d510c64; payload (truncated): {"status": "failed"}
2025-11-15 02:26:33,404 INFO: Prisma update successful for job 25b74959-4419-4f82-b666-2bdc6d510c64 on attempt 1
2025-11-15 02:27:31,080 ERROR: Training error for job dcd87e8e-4034-4742-9c20-1f10013943b2: Training failed: Feature selection removed all features during CV. Method: lasso, Original features: 2. This suggests the feature selection criteria are too strict for this dataset. Try: (1) Using a different feature selection method, (2) Relaxing the selection parameters (e.g., lower variance_threshold, lower alpha), or (3) Disabling feature selection.

Original error: Found array with 0 feature(s) (shape=(6400, 0)) while a minimum of 1 is required by RandomForestRegressor.
Traceback (most recent call last):
  File "/Users/smarthsood/Desktop/Gene_startup/gene_web/apps/model_backend/pipeline/pipeline.py", line 379, in train
    cv_scores = cross_val_score(pipe, X_tr, y_tr, cv=cv_folds, scoring=scoring, error_score='raise')
  File "/Users/smarthsood/Desktop/Gene_startup/gene_web/apps/model_backend/venv/lib/python3.13/site-packages/sklearn/utils/_param_validation.py", line 218, in wrapper
    return func(*args, **kwargs)
  File "/Users/smarthsood/Desktop/Gene_startup/gene_web/apps/model_backend/venv/lib/python3.13/site-packages/sklearn/model_selection/_validation.py", line 677, in cross_val_score
    cv_results = cross_validate(
        estimator=estimator,
    ...<9 lines>...
        error_score=error_score,
    )
  File "/Users/smarthsood/Desktop/Gene_startup/gene_web/apps/model_backend/venv/lib/python3.13/site-packages/sklearn/utils/_param_validation.py", line 218, in wrapper
    return func(*args, **kwargs)
  File "/Users/smarthsood/Desktop/Gene_startup/gene_web/apps/model_backend/venv/lib/python3.13/site-packages/sklearn/model_selection/_validation.py", line 399, in cross_validate
    results = parallel(
        delayed(_fit_and_score)(
    ...<15 lines>...
        for train, test in indices
    )
  File "/Users/smarthsood/Desktop/Gene_startup/gene_web/apps/model_backend/venv/lib/python3.13/site-packages/sklearn/utils/parallel.py", line 82, in __call__
    return super().__call__(iterable_with_config_and_warning_filters)
           ~~~~~~~~~~~~~~~~^^^^^^^^^^^^^^^^^^^^^^^^^^^^^^^^^^^^^^^^^^
  File "/Users/smarthsood/Desktop/Gene_startup/gene_web/apps/model_backend/venv/lib/python3.13/site-packages/joblib/parallel.py", line 1986, in __call__
    return output if self.return_generator else list(output)
                                                ~~~~^^^^^^^^
  File "/Users/smarthsood/Desktop/Gene_startup/gene_web/apps/model_backend/venv/lib/python3.13/site-packages/joblib/parallel.py", line 1914, in _get_sequential_output
    res = func(*args, **kwargs)
  File "/Users/smarthsood/Desktop/Gene_startup/gene_web/apps/model_backend/venv/lib/python3.13/site-packages/sklearn/utils/parallel.py", line 147, in __call__
    return self.function(*args, **kwargs)
           ~~~~~~~~~~~~~^^^^^^^^^^^^^^^^^
  File "/Users/smarthsood/Desktop/Gene_startup/gene_web/apps/model_backend/venv/lib/python3.13/site-packages/sklearn/model_selection/_validation.py", line 859, in _fit_and_score
    estimator.fit(X_train, y_train, **fit_params)
    ~~~~~~~~~~~~~^^^^^^^^^^^^^^^^^^^^^^^^^^^^^^^^
  File "/Users/smarthsood/Desktop/Gene_startup/gene_web/apps/model_backend/venv/lib/python3.13/site-packages/sklearn/base.py", line 1365, in wrapper
    return fit_method(estimator, *args, **kwargs)
  File "/Users/smarthsood/Desktop/Gene_startup/gene_web/apps/model_backend/venv/lib/python3.13/site-packages/sklearn/pipeline.py", line 663, in fit
    self._final_estimator.fit(Xt, y, **last_step_params["fit"])
    ~~~~~~~~~~~~~~~~~~~~~~~~~^^^^^^^^^^^^^^^^^^^^^^^^^^^^^^^^^^
  File "/Users/smarthsood/Desktop/Gene_startup/gene_web/apps/model_backend/venv/lib/python3.13/site-packages/sklearn/base.py", line 1365, in wrapper
    return fit_method(estimator, *args, **kwargs)
  File "/Users/smarthsood/Desktop/Gene_startup/gene_web/apps/model_backend/venv/lib/python3.13/site-packages/sklearn/ensemble/_forest.py", line 359, in fit
    X, y = validate_data(
           ~~~~~~~~~~~~~^
        self,
        ^^^^^
    ...<5 lines>...
        ensure_all_finite=False,
        ^^^^^^^^^^^^^^^^^^^^^^^^
    )
    ^
  File "/Users/smarthsood/Desktop/Gene_startup/gene_web/apps/model_backend/venv/lib/python3.13/site-packages/sklearn/utils/validation.py", line 2971, in validate_data
    X, y = check_X_y(X, y, **check_params)
           ~~~~~~~~~^^^^^^^^^^^^^^^^^^^^^^
  File "/Users/smarthsood/Desktop/Gene_startup/gene_web/apps/model_backend/venv/lib/python3.13/site-packages/sklearn/utils/validation.py", line 1368, in check_X_y
    X = check_array(
        X,
    ...<12 lines>...
        input_name="X",
    )
  File "/Users/smarthsood/Desktop/Gene_startup/gene_web/apps/model_backend/venv/lib/python3.13/site-packages/sklearn/utils/validation.py", line 1137, in check_array
    raise ValueError(
    ...<3 lines>...
    )
ValueError: Found array with 0 feature(s) (shape=(6400, 0)) while a minimum of 1 is required by RandomForestRegressor.

The above exception was the direct cause of the following exception:

Traceback (most recent call last):
  File "/Users/smarthsood/Desktop/Gene_startup/gene_web/apps/model_backend/workers/train_worker.py", line 172, in _run
    result = train(dataset_path, config, str(out_dir))
  File "/Users/smarthsood/Desktop/Gene_startup/gene_web/apps/model_backend/pipeline/pipeline.py", line 434, in train
    raise ValueError(error_msg) from e
ValueError: Feature selection removed all features during CV. Method: lasso, Original features: 2. This suggests the feature selection criteria are too strict for this dataset. Try: (1) Using a different feature selection method, (2) Relaxing the selection parameters (e.g., lower variance_threshold, lower alpha), or (3) Disabling feature selection.

Original error: Found array with 0 feature(s) (shape=(6400, 0)) while a minimum of 1 is required by RandomForestRegressor.

2025-11-15 02:27:31,081 INFO: Prisma update attempt for job dcd87e8e-4034-4742-9c20-1f10013943b2; payload (truncated): {"status": "failed", "metrics": "Json"}
2025-11-15 02:27:31,272 INFO: Prisma update successful for job dcd87e8e-4034-4742-9c20-1f10013943b2 on attempt 1
2025-11-15 02:27:31,273 INFO: Prisma update attempt for job dcd87e8e-4034-4742-9c20-1f10013943b2; payload (truncated): {"status": "failed"}
2025-11-15 02:27:31,460 INFO: Prisma update successful for job dcd87e8e-4034-4742-9c20-1f10013943b2 on attempt 1
2025-11-15 02:30:41,969 ERROR: Training error for job 6af55cfe-8500-4b1b-ab44-a044d15166ca: Training failed: log_text() got an unexpected keyword argument 'artifact_path'. Did you mean 'artifact_file'?
Traceback (most recent call last):
  File "/Users/smarthsood/Desktop/Gene_startup/gene_web/apps/model_backend/workers/train_worker.py", line 172, in _run
    result = train(dataset_path, config, str(out_dir))
  File "/Users/smarthsood/Desktop/Gene_startup/gene_web/apps/model_backend/pipeline/pipeline.py", line 554, in train
    mlflow.log_text(warnings_str, artifact_path="warnings.txt")
    ~~~~~~~~~~~~~~~^^^^^^^^^^^^^^^^^^^^^^^^^^^^^^^^^^^^^^^^^^^^
TypeError: log_text() got an unexpected keyword argument 'artifact_path'. Did you mean 'artifact_file'?

2025-11-15 02:30:41,969 INFO: Prisma update attempt for job 6af55cfe-8500-4b1b-ab44-a044d15166ca; payload (truncated): {"status": "failed", "metrics": "Json"}
2025-11-15 02:30:42,157 INFO: Prisma update successful for job 6af55cfe-8500-4b1b-ab44-a044d15166ca on attempt 1
2025-11-15 02:30:42,158 INFO: Prisma update attempt for job 6af55cfe-8500-4b1b-ab44-a044d15166ca; payload (truncated): {"status": "failed"}
2025-11-15 02:30:42,429 INFO: Prisma update successful for job 6af55cfe-8500-4b1b-ab44-a044d15166ca on attempt 1
2025-11-15 02:31:51,036 INFO: Attempting final DB update for job 387198d1-b1f8-464b-930b-7ea74d5fb4de; payload (truncated): {"status": "finished", "modelPath": "artifacts/11/387198d1-b1f8-464b-930b-7ea74d5fb4de/model.joblib", "metrics": {"r2": -0.49010502639832043, "rmse": 0.34999755025730933, "cv_mean": -0.4302198756804839, "cv_std": 0.15649108479312537, "warnings": ["Warning: Dataset has only 2 features but using lasso feature selection. This may result in all features being removed. Consider using a different method or disabling feature selection."], "warnings_count": 1}}
2025-11-15 02:31:51,037 INFO: Prisma update attempt for job 387198d1-b1f8-464b-930b-7ea74d5fb4de; payload (truncated): {"status": "finished", "modelPath": "artifacts/11/387198d1-b1f8-464b-930b-7ea74d5fb4de/model.joblib", "metrics": "Json"}
2025-11-15 02:31:51,249 INFO: Prisma update successful for job 387198d1-b1f8-464b-930b-7ea74d5fb4de on attempt 1
2025-11-15 02:31:51,250 INFO: DB updated to finished for job 387198d1-b1f8-464b-930b-7ea74d5fb4de
2025-11-15 02:34:12,223 INFO: Attempting final DB update for job b4b0c7c6-8705-4355-8995-cbf66a60d1e7; payload (truncated): {"status": "finished", "modelPath": "artifacts/11/b4b0c7c6-8705-4355-8995-cbf66a60d1e7/model.joblib", "metrics": {"r2": -0.4821790077333268, "rmse": 0.3490654730471177, "cv_mean": -0.42565934652675336, "cv_std": 0.15686775758605687, "warnings": ["Warning: Dataset has only 2 features but using lasso feature selection. This may result in all features being removed. Consider using a different method or disabling feature selection."], "warnings_count": 1}}
2025-11-15 02:34:12,225 INFO: Prisma update attempt for job b4b0c7c6-8705-4355-8995-cbf66a60d1e7; payload (truncated): {"status": "finished", "modelPath": "artifacts/11/b4b0c7c6-8705-4355-8995-cbf66a60d1e7/model.joblib", "metrics": "Json"}
2025-11-15 02:34:12,414 INFO: Prisma update successful for job b4b0c7c6-8705-4355-8995-cbf66a60d1e7 on attempt 1
2025-11-15 02:34:12,415 INFO: DB updated to finished for job b4b0c7c6-8705-4355-8995-cbf66a60d1e7
2025-11-15 02:40:39,147 INFO: Attempting final DB update for job f44830ec-2955-41e7-8092-9b7a489eb39f; payload (truncated): {"status": "finished", "modelPath": "artifacts/11/f44830ec-2955-41e7-8092-9b7a489eb39f/model.joblib", "metrics": {"r2": -0.02310627561058598, "rmse": 1.0240299498750567, "cv_mean": -0.014129061506101026, "cv_std": 0.004508231970178972}}
2025-11-15 02:40:39,149 INFO: Prisma update attempt for job f44830ec-2955-41e7-8092-9b7a489eb39f; payload (truncated): {"status": "finished", "modelPath": "artifacts/11/f44830ec-2955-41e7-8092-9b7a489eb39f/model.joblib", "metrics": "Json"}
2025-11-15 02:40:39,445 INFO: Prisma update successful for job f44830ec-2955-41e7-8092-9b7a489eb39f on attempt 1
2025-11-15 02:40:39,446 INFO: DB updated to finished for job f44830ec-2955-41e7-8092-9b7a489eb39f
2025-11-15 02:40:50,076 INFO: Attempting final DB update for job 7448d8aa-cdc3-4e2b-9394-ca378959139f; payload (truncated): {"status": "finished", "modelPath": "artifacts/11/7448d8aa-cdc3-4e2b-9394-ca378959139f/model.joblib", "metrics": {"r2": -0.19119470821142293, "rmse": 0.31293053490168365, "cv_mean": -0.14884871350476514, "cv_std": 0.01836638615213407}}
2025-11-15 02:40:50,077 INFO: Prisma update attempt for job 7448d8aa-cdc3-4e2b-9394-ca378959139f; payload (truncated): {"status": "finished", "modelPath": "artifacts/11/7448d8aa-cdc3-4e2b-9394-ca378959139f/model.joblib", "metrics": "Json"}
2025-11-15 02:40:50,260 INFO: Prisma update successful for job 7448d8aa-cdc3-4e2b-9394-ca378959139f on attempt 1
2025-11-15 02:40:50,260 INFO: DB updated to finished for job 7448d8aa-cdc3-4e2b-9394-ca378959139f
2025-11-15 02:41:00,695 INFO: Attempting final DB update for job 8295e060-c8b1-40d7-89bf-ce34c7f7ac87; payload (truncated): {"status": "finished", "modelPath": "artifacts/11/8295e060-c8b1-40d7-89bf-ce34c7f7ac87/model.joblib", "metrics": {"r2": -0.18995143902130218, "rmse": 0.3127671869371302, "cv_mean": -0.14994381733113746, "cv_std": 0.01866886860319116}}
2025-11-15 02:41:00,696 INFO: Prisma update attempt for job 8295e060-c8b1-40d7-89bf-ce34c7f7ac87; payload (truncated): {"status": "finished", "modelPath": "artifacts/11/8295e060-c8b1-40d7-89bf-ce34c7f7ac87/model.joblib", "metrics": "Json"}
2025-11-15 02:41:00,882 INFO: Prisma update successful for job 8295e060-c8b1-40d7-89bf-ce34c7f7ac87 on attempt 1
2025-11-15 02:41:00,883 INFO: DB updated to finished for job 8295e060-c8b1-40d7-89bf-ce34c7f7ac87
2025-11-15 02:44:42,082 WARNING: Warning: failed to connect to DB at job start: Could not connect to the query engine
2025-11-15 02:46:06,429 INFO: Attempting final DB update for job e5d83199-abe3-4211-bd46-bdb408646408; payload (truncated): {"status": "finished", "modelPath": "artifacts/11/e5d83199-abe3-4211-bd46-bdb408646408/model.joblib", "metrics": {"r2": -0.021569295230714935, "rmse": 1.0232604767843005, "cv_mean": -0.01937227886468289, "cv_std": 0.00594064247248579}}
2025-11-15 02:46:06,431 INFO: Prisma update attempt for job e5d83199-abe3-4211-bd46-bdb408646408; payload (truncated): {"status": "finished", "modelPath": "artifacts/11/e5d83199-abe3-4211-bd46-bdb408646408/model.joblib", "metrics": "Json"}
2025-11-15 02:46:06,743 INFO: Prisma update successful for job e5d83199-abe3-4211-bd46-bdb408646408 on attempt 1
2025-11-15 02:46:06,744 INFO: DB updated to finished for job e5d83199-abe3-4211-bd46-bdb408646408
2025-11-15 02:47:43,299 WARNING: Warning: failed to connect to DB at job start: Could not connect to the query engine
2025-11-15 02:47:43,524 ERROR: Training error for job c1c645a4-8ed7-40d6-b8a5-ca8461667b71: Training failed: Unknown label type: (array([0.18174337, 0.78909322, 0.85815792, ..., 0.40445658, 0.50596681,
       0.69889264], shape=(8000,)),)
Traceback (most recent call last):
  File "/Users/smarthsood/Desktop/Gene_startup/gene_web/apps/model_backend/workers/train_worker.py", line 172, in _run
    result = train(dataset_path, config, str(out_dir))
  File "/Users/smarthsood/Desktop/Gene_startup/gene_web/apps/model_backend/pipeline/pipeline.py", line 369, in train
    fs_step.fit(X_tr_prep, y_tr)
    ~~~~~~~~~~~^^^^^^^^^^^^^^^^^
  File "/Users/smarthsood/Desktop/Gene_startup/gene_web/apps/model_backend/venv/lib/python3.13/site-packages/sklearn/base.py", line 1365, in wrapper
    return fit_method(estimator, *args, **kwargs)
  File "/Users/smarthsood/Desktop/Gene_startup/gene_web/apps/model_backend/venv/lib/python3.13/site-packages/sklearn/feature_selection/_univariate_selection.py", line 568, in fit
    score_func_ret = self.score_func(X, y)
  File "/Users/smarthsood/Desktop/Gene_startup/gene_web/apps/model_backend/venv/lib/python3.13/site-packages/sklearn/utils/_param_validation.py", line 191, in wrapper
    return func(*args, **kwargs)
  File "/Users/smarthsood/Desktop/Gene_startup/gene_web/apps/model_backend/venv/lib/python3.13/site-packages/sklearn/feature_selection/_univariate_selection.py", line 271, in chi2
    Y = LabelBinarizer(sparse_output=True).fit_transform(y)
  File "/Users/smarthsood/Desktop/Gene_startup/gene_web/apps/model_backend/venv/lib/python3.13/site-packages/sklearn/preprocessing/_label.py", line 335, in fit_transform
    return self.fit(y).transform(y)
           ~~~~~~~~^^^
  File "/Users/smarthsood/Desktop/Gene_startup/gene_web/apps/model_backend/venv/lib/python3.13/site-packages/sklearn/base.py", line 1365, in wrapper
    return fit_method(estimator, *args, **kwargs)
  File "/Users/smarthsood/Desktop/Gene_startup/gene_web/apps/model_backend/venv/lib/python3.13/site-packages/sklearn/preprocessing/_label.py", line 312, in fit
    self.classes_ = unique_labels(y)
                    ~~~~~~~~~~~~~^^^
  File "/Users/smarthsood/Desktop/Gene_startup/gene_web/apps/model_backend/venv/lib/python3.13/site-packages/sklearn/utils/multiclass.py", line 105, in unique_labels
    raise ValueError("Unknown label type: %s" % repr(ys))
ValueError: Unknown label type: (array([0.18174337, 0.78909322, 0.85815792, ..., 0.40445658, 0.50596681,
       0.69889264], shape=(8000,)),)

2025-11-15 02:48:31,105 ERROR: Training error for job 99c6d10b-24d2-4103-ad55-3b05b28b24bc: Training failed: The least populated class in y has only 1 member, which is too few. The minimum number of groups for any class cannot be less than 2.
Traceback (most recent call last):
  File "/Users/smarthsood/Desktop/Gene_startup/gene_web/apps/model_backend/workers/train_worker.py", line 172, in _run
    result = train(dataset_path, config, str(out_dir))
  File "/Users/smarthsood/Desktop/Gene_startup/gene_web/apps/model_backend/pipeline/pipeline.py", line 264, in train
    X_tr, X_te, y_tr, y_te = train_test_split(X, y, test_size=test_size, random_state=random_state, stratify=y if problem_type=="classification" else None)
                             ~~~~~~~~~~~~~~~~^^^^^^^^^^^^^^^^^^^^^^^^^^^^^^^^^^^^^^^^^^^^^^^^^^^^^^^^^^^^^^^^^^^^^^^^^^^^^^^^^^^^^^^^^^^^^^^^^^^^^^^^^^^^^^
  File "/Users/smarthsood/Desktop/Gene_startup/gene_web/apps/model_backend/venv/lib/python3.13/site-packages/sklearn/utils/_param_validation.py", line 218, in wrapper
    return func(*args, **kwargs)
  File "/Users/smarthsood/Desktop/Gene_startup/gene_web/apps/model_backend/venv/lib/python3.13/site-packages/sklearn/model_selection/_split.py", line 2940, in train_test_split
    train, test = next(cv.split(X=arrays[0], y=stratify))
                  ~~~~^^^^^^^^^^^^^^^^^^^^^^^^^^^^^^^^^^^
  File "/Users/smarthsood/Desktop/Gene_startup/gene_web/apps/model_backend/venv/lib/python3.13/site-packages/sklearn/model_selection/_split.py", line 1927, in split
    for train, test in self._iter_indices(X, y, groups):
                       ~~~~~~~~~~~~~~~~~~^^^^^^^^^^^^^^
  File "/Users/smarthsood/Desktop/Gene_startup/gene_web/apps/model_backend/venv/lib/python3.13/site-packages/sklearn/model_selection/_split.py", line 2342, in _iter_indices
    raise ValueError(
    ...<4 lines>...
    )
ValueError: The least populated class in y has only 1 member, which is too few. The minimum number of groups for any class cannot be less than 2.

2025-11-15 02:48:31,106 INFO: Prisma update attempt for job 99c6d10b-24d2-4103-ad55-3b05b28b24bc; payload (truncated): {"status": "failed", "metrics": "Json"}
2025-11-15 02:48:31,290 INFO: Prisma update successful for job 99c6d10b-24d2-4103-ad55-3b05b28b24bc on attempt 1
2025-11-15 02:48:31,290 INFO: Prisma update attempt for job 99c6d10b-24d2-4103-ad55-3b05b28b24bc; payload (truncated): {"status": "failed"}
2025-11-15 02:48:31,476 INFO: Prisma update successful for job 99c6d10b-24d2-4103-ad55-3b05b28b24bc on attempt 1
2025-11-15 02:49:09,385 ERROR: Training error for job b2b8842b-2259-4ee5-bcbf-36e1708892a6: Training failed: Input X must be non-negative.
Traceback (most recent call last):
  File "/Users/smarthsood/Desktop/Gene_startup/gene_web/apps/model_backend/workers/train_worker.py", line 172, in _run
    result = train(dataset_path, config, str(out_dir))
  File "/Users/smarthsood/Desktop/Gene_startup/gene_web/apps/model_backend/pipeline/pipeline.py", line 369, in train
    fs_step.fit(X_tr_prep, y_tr)
    ~~~~~~~~~~~^^^^^^^^^^^^^^^^^
  File "/Users/smarthsood/Desktop/Gene_startup/gene_web/apps/model_backend/venv/lib/python3.13/site-packages/sklearn/base.py", line 1365, in wrapper
    return fit_method(estimator, *args, **kwargs)
  File "/Users/smarthsood/Desktop/Gene_startup/gene_web/apps/model_backend/venv/lib/python3.13/site-packages/sklearn/feature_selection/_univariate_selection.py", line 568, in fit
    score_func_ret = self.score_func(X, y)
  File "/Users/smarthsood/Desktop/Gene_startup/gene_web/apps/model_backend/venv/lib/python3.13/site-packages/sklearn/utils/_param_validation.py", line 191, in wrapper
    return func(*args, **kwargs)
  File "/Users/smarthsood/Desktop/Gene_startup/gene_web/apps/model_backend/venv/lib/python3.13/site-packages/sklearn/feature_selection/_univariate_selection.py", line 267, in chi2
    raise ValueError("Input X must be non-negative.")
ValueError: Input X must be non-negative.

2025-11-15 02:49:09,385 INFO: Prisma update attempt for job b2b8842b-2259-4ee5-bcbf-36e1708892a6; payload (truncated): {"status": "failed", "metrics": "Json"}
2025-11-15 02:49:09,589 INFO: Prisma update successful for job b2b8842b-2259-4ee5-bcbf-36e1708892a6 on attempt 1
2025-11-15 02:49:09,590 INFO: Prisma update attempt for job b2b8842b-2259-4ee5-bcbf-36e1708892a6; payload (truncated): {"status": "failed"}
2025-11-15 02:49:09,779 INFO: Prisma update successful for job b2b8842b-2259-4ee5-bcbf-36e1708892a6 on attempt 1
2025-11-15 02:51:30,005 INFO: Attempting final DB update for job 90568eb0-19a1-4291-88b4-55467dd04b35; payload (truncated): {"status": "finished", "modelPath": "artifacts/11/90568eb0-19a1-4291-88b4-55467dd04b35/model.joblib", "metrics": {"r2": -0.026836626956336262, "rmse": 1.0258951108583239, "cv_mean": -0.01802824124004898, "cv_std": 0.0021797381193848775}}
2025-11-15 02:51:30,008 INFO: Prisma update attempt for job 90568eb0-19a1-4291-88b4-55467dd04b35; payload (truncated): {"status": "finished", "modelPath": "artifacts/11/90568eb0-19a1-4291-88b4-55467dd04b35/model.joblib", "metrics": "Json"}
2025-11-15 02:51:30,282 INFO: Prisma update successful for job 90568eb0-19a1-4291-88b4-55467dd04b35 on attempt 1
2025-11-15 02:51:30,283 INFO: DB updated to finished for job 90568eb0-19a1-4291-88b4-55467dd04b35
2025-11-15 02:53:35,378 INFO: Attempting final DB update for job 815f68c8-2591-42ba-a3f4-988ef3956181; payload (truncated): {"status": "finished", "modelPath": "artifacts/11/815f68c8-2591-42ba-a3f4-988ef3956181/model.joblib", "metrics": {"r2": -0.017101562028614126, "rmse": 1.021020460268052, "cv_mean": -0.02008703451698035, "cv_std": 0.004623533738361996}}
2025-11-15 02:53:35,380 INFO: Prisma update attempt for job 815f68c8-2591-42ba-a3f4-988ef3956181; payload (truncated): {"status": "finished", "modelPath": "artifacts/11/815f68c8-2591-42ba-a3f4-988ef3956181/model.joblib", "metrics": "Json"}
2025-11-15 02:53:35,702 INFO: Prisma update successful for job 815f68c8-2591-42ba-a3f4-988ef3956181 on attempt 1
2025-11-15 02:53:35,702 INFO: DB updated to finished for job 815f68c8-2591-42ba-a3f4-988ef3956181
2025-11-15 02:55:13,178 ERROR: Training error for job 130b7c11-3644-4226-bce9-4aa2607064bc: Training failed: The least populated class in y has only 1 member, which is too few. The minimum number of groups for any class cannot be less than 2.
Traceback (most recent call last):
  File "/Users/smarthsood/Desktop/Gene_startup/gene_web/apps/model_backend/workers/train_worker.py", line 172, in _run
    result = train(dataset_path, config, str(out_dir))
  File "/Users/smarthsood/Desktop/Gene_startup/gene_web/apps/model_backend/pipeline/pipeline.py", line 264, in train
    X_tr, X_te, y_tr, y_te = train_test_split(X, y, test_size=test_size, random_state=random_state, stratify=y if problem_type=="classification" else None)
                             ~~~~~~~~~~~~~~~~^^^^^^^^^^^^^^^^^^^^^^^^^^^^^^^^^^^^^^^^^^^^^^^^^^^^^^^^^^^^^^^^^^^^^^^^^^^^^^^^^^^^^^^^^^^^^^^^^^^^^^^^^^^^^^
  File "/Users/smarthsood/Desktop/Gene_startup/gene_web/apps/model_backend/venv/lib/python3.13/site-packages/sklearn/utils/_param_validation.py", line 218, in wrapper
    return func(*args, **kwargs)
  File "/Users/smarthsood/Desktop/Gene_startup/gene_web/apps/model_backend/venv/lib/python3.13/site-packages/sklearn/model_selection/_split.py", line 2940, in train_test_split
    train, test = next(cv.split(X=arrays[0], y=stratify))
                  ~~~~^^^^^^^^^^^^^^^^^^^^^^^^^^^^^^^^^^^
  File "/Users/smarthsood/Desktop/Gene_startup/gene_web/apps/model_backend/venv/lib/python3.13/site-packages/sklearn/model_selection/_split.py", line 1927, in split
    for train, test in self._iter_indices(X, y, groups):
                       ~~~~~~~~~~~~~~~~~~^^^^^^^^^^^^^^
  File "/Users/smarthsood/Desktop/Gene_startup/gene_web/apps/model_backend/venv/lib/python3.13/site-packages/sklearn/model_selection/_split.py", line 2342, in _iter_indices
    raise ValueError(
    ...<4 lines>...
    )
ValueError: The least populated class in y has only 1 member, which is too few. The minimum number of groups for any class cannot be less than 2.

2025-11-15 02:55:13,179 INFO: Prisma update attempt for job 130b7c11-3644-4226-bce9-4aa2607064bc; payload (truncated): {"status": "failed", "metrics": "Json"}
2025-11-15 02:55:13,439 INFO: Prisma update successful for job 130b7c11-3644-4226-bce9-4aa2607064bc on attempt 1
2025-11-15 02:55:13,440 INFO: Prisma update attempt for job 130b7c11-3644-4226-bce9-4aa2607064bc; payload (truncated): {"status": "failed"}
2025-11-15 02:55:13,721 INFO: Prisma update successful for job 130b7c11-3644-4226-bce9-4aa2607064bc on attempt 1
2025-11-15 02:59:44,908 ERROR: Training error for job c0d80540-1c8f-4976-9bf4-e0686ffc0209: Training failed: The least populated class in y has only 1 member, which is too few. The minimum number of groups for any class cannot be less than 2.
Traceback (most recent call last):
  File "/Users/smarthsood/Desktop/Gene_startup/gene_web/apps/model_backend/workers/train_worker.py", line 172, in _run
    result = train(dataset_path, config, str(out_dir))
  File "/Users/smarthsood/Desktop/Gene_startup/gene_web/apps/model_backend/pipeline/pipeline.py", line 265, in train
    X_tr, X_te, y_tr, y_te = train_test_split(X, y, test_size=test_size, random_state=random_state, stratify=y if problem_type=="classification" else None)
                             ~~~~~~~~~~~~~~~~^^^^^^^^^^^^^^^^^^^^^^^^^^^^^^^^^^^^^^^^^^^^^^^^^^^^^^^^^^^^^^^^^^^^^^^^^^^^^^^^^^^^^^^^^^^^^^^^^^^^^^^^^^^^^^
  File "/Users/smarthsood/Desktop/Gene_startup/gene_web/apps/model_backend/venv/lib/python3.13/site-packages/sklearn/utils/_param_validation.py", line 218, in wrapper
    return func(*args, **kwargs)
  File "/Users/smarthsood/Desktop/Gene_startup/gene_web/apps/model_backend/venv/lib/python3.13/site-packages/sklearn/model_selection/_split.py", line 2940, in train_test_split
    train, test = next(cv.split(X=arrays[0], y=stratify))
                  ~~~~^^^^^^^^^^^^^^^^^^^^^^^^^^^^^^^^^^^
  File "/Users/smarthsood/Desktop/Gene_startup/gene_web/apps/model_backend/venv/lib/python3.13/site-packages/sklearn/model_selection/_split.py", line 1927, in split
    for train, test in self._iter_indices(X, y, groups):
                       ~~~~~~~~~~~~~~~~~~^^^^^^^^^^^^^^
  File "/Users/smarthsood/Desktop/Gene_startup/gene_web/apps/model_backend/venv/lib/python3.13/site-packages/sklearn/model_selection/_split.py", line 2342, in _iter_indices
    raise ValueError(
    ...<4 lines>...
    )
ValueError: The least populated class in y has only 1 member, which is too few. The minimum number of groups for any class cannot be less than 2.

2025-11-15 02:59:44,909 INFO: Prisma update attempt for job c0d80540-1c8f-4976-9bf4-e0686ffc0209; payload (truncated): {"status": "failed", "metrics": "Json"}
2025-11-15 02:59:45,127 INFO: Prisma update successful for job c0d80540-1c8f-4976-9bf4-e0686ffc0209 on attempt 1
2025-11-15 02:59:45,128 INFO: Prisma update attempt for job c0d80540-1c8f-4976-9bf4-e0686ffc0209; payload (truncated): {"status": "failed"}
2025-11-15 02:59:45,343 INFO: Prisma update successful for job c0d80540-1c8f-4976-9bf4-e0686ffc0209 on attempt 1
2025-11-15 03:02:18,101 INFO: Attempting final DB update for job f6d0a10a-1b32-48c6-b167-078ee12ff208; payload (truncated): {"status": "finished", "modelPath": "artifacts/11/f6d0a10a-1b32-48c6-b167-078ee12ff208/model.joblib", "metrics": {"r2": -0.030053567255225566, "rmse": 1.0275008495293931, "cv_mean": -0.017846081147136417, "cv_std": 0.006250999224858359, "feature_selection": {"n_features_original": 99, "n_features_selected": 50, "selected_feature_indices": [0, 6, 7, 9, 12, 13, 15, 17, 19, 25, 26, 29, 30, 31, 32, 33, 34, 35, 36, 37, 38, 42, 44, 47, 49, 50, 51, 53, 55, 58, 60, 61, 63, 64, 65, 66, 67, 72, 74, 76, 77, 78, 79, 80, 81, 85, 87, 90, 92, 98], "selected_feature_names": ["num__x1", "num__x7", "num__x8", "num__x10", "num__x13", "num__x14", "num__x16", "num__x18", "num__x20", "num__x26", "num__x27", "num__x30", "num__x31", "num__x32", "num__x33", "num__x34", "num__x35", "num__x36", "num__x37", "num__x38", "num__x39", "num__x43", "num__x45", "num__x48", "num__x50", "num__x51", "num__x52", "num__x54", "num__x56", "num__x59", "num__x61", "num__x62", "num__x64", "num__x65", "num__x66", "num__x67", "num__x68", "num__x73", "num__x75", "num__x77", "num__x78", "num__x79", "num__x80", "num__x81", "num__x82", "num__x86", "num__x88", "num__x91", "num__x93", "num__x99"]}, "n_features_original": 99, "n_features_selected": 50}}
2025-11-15 03:02:18,103 INFO: Prisma update attempt for job f6d0a10a-1b32-48c6-b167-078ee12ff208; payload (truncated): {"status": "finished", "modelPath": "artifacts/11/f6d0a10a-1b32-48c6-b167-078ee12ff208/model.joblib", "metrics": "Json"}
2025-11-15 03:02:18,432 INFO: Prisma update successful for job f6d0a10a-1b32-48c6-b167-078ee12ff208 on attempt 1
2025-11-15 03:02:18,432 INFO: DB updated to finished for job f6d0a10a-1b32-48c6-b167-078ee12ff208
2025-11-15 16:09:47,235 INFO: Attempting final DB update for job 285c1bdc-7517-455b-b139-eeb6196dfbe9; payload (truncated): {"status": "finished", "modelPath": "artifacts/11/285c1bdc-7517-455b-b139-eeb6196dfbe9/model.joblib", "metrics": {"r2": -0.03162166922317167, "rmse": 1.0282826600144244, "cv_mean": -0.0194428161418152, "cv_std": 0.006724590965287177, "feature_selection": {"n_features_original": 99, "n_features_selected": 45, "selected_feature_names": ["num__x1", "num__x8", "num__x10", "num__x13", "num__x14", "num__x16", "num__x18", "num__x20", "num__x26", "num__x27", "num__x30", "num__x31", "num__x32", "num__x34", "num__x35", "num__x36", "num__x37", "num__x38", "num__x39", "num__x43", "num__x45", "num__x48", "num__x51", "num__x52", "num__x54", "num__x56", "num__x59", "num__x61", "num__x62", "num__x64", "num__x65", "num__x66", "num__x67", "num__x68", "num__x75", "num__x77", "num__x78", "num__x79", "num__x80", "num__x81", "num__x82", "num__x86", "num__x88", "num__x91", "num__x99"]}, "n_features_original": 99, "n_features_selected": 45}}
2025-11-15 16:09:47,237 INFO: Prisma update attempt for job 285c1bdc-7517-455b-b139-eeb6196dfbe9; payload (truncated): {"status": "finished", "modelPath": "artifacts/11/285c1bdc-7517-455b-b139-eeb6196dfbe9/model.joblib", "metrics": "Json"}
2025-11-15 16:09:47,620 INFO: Prisma update successful for job 285c1bdc-7517-455b-b139-eeb6196dfbe9 on attempt 1
2025-11-15 16:09:47,621 INFO: DB updated to finished for job 285c1bdc-7517-455b-b139-eeb6196dfbe9
2025-11-15 16:21:19,593 INFO: Attempting final DB update for job 5943fb77-fefb-4ba9-b9a1-831258514faa; payload (truncated): {"status": "finished", "modelPath": "artifacts/11/5943fb77-fefb-4ba9-b9a1-831258514faa/model.joblib", "metrics": {"r2": -0.1894330756957343, "rmse": 0.31269905613195154, "cv_mean": -0.1502697679454877, "cv_std": 0.020613910438339145, "feature_selection": {"n_features_original": 2, "n_features_selected": 2, "selected_feature_names": ["x1", "x2"]}, "n_features_original": 2, "n_features_selected": 2}}
2025-11-15 16:21:19,595 INFO: Prisma update attempt for job 5943fb77-fefb-4ba9-b9a1-831258514faa; payload (truncated): {"status": "finished", "modelPath": "artifacts/11/5943fb77-fefb-4ba9-b9a1-831258514faa/model.joblib", "metrics": "Json"}
2025-11-15 16:21:19,879 INFO: Prisma update successful for job 5943fb77-fefb-4ba9-b9a1-831258514faa on attempt 1
2025-11-15 16:21:19,880 INFO: DB updated to finished for job 5943fb77-fefb-4ba9-b9a1-831258514faa
2025-11-15 19:16:42,832 INFO: Attempting final DB update for job 88a32a5c-78e7-416f-9c36-68d394b2aa84; payload (truncated): {"status": "finished", "modelPath": "artifacts/11/88a32a5c-78e7-416f-9c36-68d394b2aa84/model.joblib", "metrics": {"r2": -0.48153886748365693, "rmse": 0.34899008573231477, "cv_mean": -0.43060198887710177, "cv_std": 0.15502928380753186, "feature_selection": {"n_features_original": 2, "n_features_selected": 1, "selected_feature_names": ["num__x2"]}, "n_features_original": 2, "n_features_selected": 1, "warnings": ["Warning: Dataset has only 2 features but using lasso feature selection. This may result in all features being removed. Consider using a different method or disabling feature selection."], "warnings_count": 1}}
2025-11-15 19:16:42,833 INFO: Prisma update attempt for job 88a32a5c-78e7-416f-9c36-68d394b2aa84; payload (truncated): {"status": "finished", "modelPath": "artifacts/11/88a32a5c-78e7-416f-9c36-68d394b2aa84/model.joblib", "metrics": "Json"}
2025-11-15 19:16:43,065 INFO: Prisma update successful for job 88a32a5c-78e7-416f-9c36-68d394b2aa84 on attempt 1
2025-11-15 19:16:43,066 INFO: DB updated to finished for job 88a32a5c-78e7-416f-9c36-68d394b2aa84
2025-11-15 19:20:03,946 INFO: Attempting final DB update for job 40087f11-b844-40fa-b09f-38570e148acb; payload (truncated): {"status": "finished", "modelPath": "artifacts/11/40087f11-b844-40fa-b09f-38570e148acb/model.joblib", "metrics": {"r2": -0.19719935086926155, "rmse": 0.31371826254490714, "cv_mean": -0.17135392221882495, "cv_std": 0.0026112051182634044, "feature_selection": {"n_features_original": 2, "n_features_selected": 2, "selected_feature_names": ["x1", "x2"]}, "n_features_original": 2, "n_features_selected": 2}}
2025-11-15 19:20:03,947 INFO: Prisma update attempt for job 40087f11-b844-40fa-b09f-38570e148acb; payload (truncated): {"status": "finished", "modelPath": "artifacts/11/40087f11-b844-40fa-b09f-38570e148acb/model.joblib", "metrics": "Json"}
2025-11-15 19:20:04,168 INFO: Prisma update successful for job 40087f11-b844-40fa-b09f-38570e148acb on attempt 1
2025-11-15 19:20:04,168 INFO: DB updated to finished for job 40087f11-b844-40fa-b09f-38570e148acb
2025-11-15 19:22:44,231 INFO: Raw metrics from result: <class 'dict'>, keys: ['r2', 'rmse', 'cv_mean', 'cv_std', 'feature_selection', 'n_features_original', 'n_features_selected']
2025-11-15 19:22:44,231 INFO: Metrics extracted: ['r2', 'rmse', 'cv_mean', 'cv_std', 'feature_selection', 'n_features_original', 'n_features_selected']
2025-11-15 19:22:44,231 INFO: Metrics to save to DB (keys): ['r2', 'rmse', 'cv_mean', 'cv_std', 'feature_selection', 'n_features_original', 'n_features_selected']
2025-11-15 19:22:44,231 WARNING: No classification metrics found! Available keys: ['r2', 'rmse', 'cv_mean', 'cv_std', 'feature_selection', 'n_features_original', 'n_features_selected']
2025-11-15 19:22:44,232 INFO: Attempting final DB update for job d32ee153-e2b2-45d7-8064-0f427146804e; payload (truncated): {"status": "finished", "modelPath": "artifacts/11/d32ee153-e2b2-45d7-8064-0f427146804e/model.joblib", "metrics": {"r2": -0.189134756591955, "rmse": 0.3126598399902815, "cv_mean": -0.17098898333887302, "cv_std": 0.00303730543556735, "feature_selection": {"n_features_original": 2, "n_features_selected": 2, "selected_feature_names": ["x1", "x2"]}, "n_features_original": 2, "n_features_selected": 2}}
2025-11-15 19:22:44,232 INFO: Prisma update attempt for job d32ee153-e2b2-45d7-8064-0f427146804e; payload (truncated): {"status": "finished", "modelPath": "artifacts/11/d32ee153-e2b2-45d7-8064-0f427146804e/model.joblib", "metrics": "Json"}
2025-11-15 19:22:44,474 INFO: Prisma update successful for job d32ee153-e2b2-45d7-8064-0f427146804e on attempt 1
2025-11-15 19:22:44,476 INFO: DB updated to finished for job d32ee153-e2b2-45d7-8064-0f427146804e
2025-11-15 19:25:10,336 INFO: Raw metrics from result: <class 'dict'>, keys: ['r2', 'rmse', 'cv_mean', 'cv_std', 'feature_selection', 'n_features_original', 'n_features_selected']
2025-11-15 19:25:10,337 INFO: Metrics extracted: ['r2', 'rmse', 'cv_mean', 'cv_std', 'feature_selection', 'n_features_original', 'n_features_selected']
2025-11-15 19:25:10,337 INFO: Metrics to save to DB (keys): ['r2', 'rmse', 'cv_mean', 'cv_std', 'feature_selection', 'n_features_original', 'n_features_selected']
2025-11-15 19:25:10,337 WARNING: No classification metrics found! Available keys: ['r2', 'rmse', 'cv_mean', 'cv_std', 'feature_selection', 'n_features_original', 'n_features_selected']
2025-11-15 19:25:10,337 INFO: Attempting final DB update for job 4344bad7-4a30-40a5-9b7c-3f46ad37d2ad; payload (truncated): {"status": "finished", "modelPath": "artifacts/11/4344bad7-4a30-40a5-9b7c-3f46ad37d2ad/model.joblib", "metrics": {"r2": -0.1942138875156174, "rmse": 0.31332685780413827, "cv_mean": -0.1691090175368938, "cv_std": 0.009035937219654852, "feature_selection": {"n_features_original": 2, "n_features_selected": 2, "selected_feature_names": ["x1", "x2"]}, "n_features_original": 2, "n_features_selected": 2}}
2025-11-15 19:25:10,337 INFO: Prisma update attempt for job 4344bad7-4a30-40a5-9b7c-3f46ad37d2ad; payload (truncated): {"status": "finished", "modelPath": "artifacts/11/4344bad7-4a30-40a5-9b7c-3f46ad37d2ad/model.joblib", "metrics": "Json"}
2025-11-15 19:25:10,569 INFO: Prisma update successful for job 4344bad7-4a30-40a5-9b7c-3f46ad37d2ad on attempt 1
2025-11-15 19:25:10,570 INFO: DB updated to finished for job 4344bad7-4a30-40a5-9b7c-3f46ad37d2ad
2025-11-15 19:31:15,449 INFO: Raw metrics from result: <class 'dict'>, keys: ['r2', 'rmse', 'cv_mean', 'cv_std', 'feature_selection', 'n_features_original', 'n_features_selected']
2025-11-15 19:31:15,450 INFO: Metrics extracted: ['r2', 'rmse', 'cv_mean', 'cv_std', 'feature_selection', 'n_features_original', 'n_features_selected']
2025-11-15 19:31:15,450 INFO: Metrics to save to DB (keys): ['r2', 'rmse', 'cv_mean', 'cv_std', 'feature_selection', 'n_features_original', 'n_features_selected']
2025-11-15 19:31:15,450 WARNING: No classification metrics found! Available keys: ['r2', 'rmse', 'cv_mean', 'cv_std', 'feature_selection', 'n_features_original', 'n_features_selected']
2025-11-15 19:31:15,450 INFO: Attempting final DB update for job fc3b35de-4802-4be5-a94e-b18c79c6aa7b; payload (truncated): {"status": "finished", "modelPath": "artifacts/11/fc3b35de-4802-4be5-a94e-b18c79c6aa7b/model.joblib", "metrics": {"r2": -0.016073612409337912, "rmse": 1.0205043746800213, "cv_mean": -0.01384470669507385, "cv_std": 0.005309900983454459, "feature_selection": {"n_features_original": 99, "n_features_selected": 99, "selected_feature_names": ["x1", "x2", "x3", "x4", "x5", "x6", "x7", "x8", "x9", "x10", "x11", "x12", "x13", "x14", "x15", "x16", "x17", "x18", "x19", "x20", "x21", "x22", "x23", "x24", "x25", "x26", "x27", "x28", "x29", "x30", "x31", "x32", "x33", "x34", "x35", "x36", "x37", "x38", "x39", "x40", "x41", "x42", "x43", "x44", "x45", "x46", "x47", "x48", "x49", "x50", "x51", "x52", "x53", "x54", "x55", "x56", "x57", "x58", "x59", "x60", "x61", "x62", "x63", "x64", "x65", "x66", "x67", "x68", "x69", "x70", "x71", "x72", "x73", "x74", "x75", "x76", "x77", "x78", "x79", "x80", "x81", "x82", "x83", "x84", "x85", "x86", "x87", "x88", "x89", "x90", "x91", "x92", "x93", "x94", "x95", "x96", "x97", "x98", "x99"]}, "n_features_original": 99, "n_features_selected": 99}}
2025-11-15 19:31:15,451 INFO: Prisma update attempt for job fc3b35de-4802-4be5-a94e-b18c79c6aa7b; payload (truncated): {"status": "finished", "modelPath": "artifacts/11/fc3b35de-4802-4be5-a94e-b18c79c6aa7b/model.joblib", "metrics": "Json"}
2025-11-15 19:31:15,738 INFO: Prisma update successful for job fc3b35de-4802-4be5-a94e-b18c79c6aa7b on attempt 1
2025-11-15 19:31:15,739 INFO: DB updated to finished for job fc3b35de-4802-4be5-a94e-b18c79c6aa7b
2025-11-15 23:49:35,176 INFO: Raw metrics from result: <class 'dict'>, keys: ['r2', 'rmse', 'cv_mean', 'cv_std', 'feature_selection', 'n_features_original', 'n_features_selected']
2025-11-15 23:49:35,177 INFO: Metrics extracted: ['r2', 'rmse', 'cv_mean', 'cv_std', 'feature_selection', 'n_features_original', 'n_features_selected']
2025-11-15 23:49:35,177 INFO: Metrics to save to DB (keys): ['r2', 'rmse', 'cv_mean', 'cv_std', 'feature_selection', 'n_features_original', 'n_features_selected']
2025-11-15 23:49:35,178 WARNING: No classification metrics found! Available keys: ['r2', 'rmse', 'cv_mean', 'cv_std', 'feature_selection', 'n_features_original', 'n_features_selected']
2025-11-15 23:49:35,178 INFO: Attempting final DB update for job 55666286-1295-4ed9-a216-336cdde509bc; payload (truncated): {"status": "finished", "modelPath": "artifacts/11/55666286-1295-4ed9-a216-336cdde509bc/model.joblib", "metrics": {"r2": -0.02974692851966343, "rmse": 1.0273478987395657, "cv_mean": -0.021806313807064947, "cv_std": 0.003436191549430388, "feature_selection": {"n_features_original": 99, "n_features_selected": 50, "selected_feature_names": ["num__x1", "num__x7", "num__x8", "num__x10", "num__x13", "num__x14", "num__x16", "num__x18", "num__x20", "num__x26", "num__x27", "num__x30", "num__x31", "num__x32", "num__x33", "num__x34", "num__x35", "num__x36", "num__x37", "num__x38", "num__x39", "num__x43", "num__x45", "num__x48", "num__x50", "num__x51", "num__x52", "num__x54", "num__x56", "num__x59", "num__x61", "num__x62", "num__x64", "num__x65", "num__x66", "num__x67", "num__x68", "num__x73", "num__x75", "num__x77", "num__x78", "num__x79", "num__x80", "num__x81", "num__x82", "num__x86", "num__x88", "num__x91", "num__x93", "num__x99"]}, "n_features_original": 99, "n_features_selected": 50}}
2025-11-15 23:49:35,178 INFO: Prisma update attempt for job 55666286-1295-4ed9-a216-336cdde509bc; payload (truncated): {"status": "finished", "modelPath": "artifacts/11/55666286-1295-4ed9-a216-336cdde509bc/model.joblib", "metrics": "Json"}
2025-11-15 23:49:35,481 INFO: Prisma update successful for job 55666286-1295-4ed9-a216-336cdde509bc on attempt 1
2025-11-15 23:49:35,481 INFO: DB updated to finished for job 55666286-1295-4ed9-a216-336cdde509bc
2025-11-16 12:59:10,851 INFO: Raw metrics from result: <class 'dict'>, keys: ['r2', 'rmse', 'cv_mean', 'cv_std', 'feature_selection', 'n_features_original', 'n_features_selected']
2025-11-16 12:59:10,852 INFO: Metrics extracted: ['r2', 'rmse', 'cv_mean', 'cv_std', 'feature_selection', 'n_features_original', 'n_features_selected']
2025-11-16 12:59:10,852 INFO: Metrics to save to DB (keys): ['r2', 'rmse', 'cv_mean', 'cv_std', 'feature_selection', 'n_features_original', 'n_features_selected']
2025-11-16 12:59:10,852 WARNING: No classification metrics found! Available keys: ['r2', 'rmse', 'cv_mean', 'cv_std', 'feature_selection', 'n_features_original', 'n_features_selected']
2025-11-16 12:59:10,853 INFO: Attempting final DB update for job f544884f-65d4-44c2-8034-8a1db5eee5fd; payload (truncated): {"status": "finished", "modelPath": "artifacts/11/f544884f-65d4-44c2-8034-8a1db5eee5fd/model.joblib", "metrics": {"r2": -0.18880788238729074, "rmse": 0.3126168644316898, "cv_mean": -0.15098131329618142, "cv_std": 0.018868021624720045, "feature_selection": {"n_features_original": 2, "n_features_selected": 2, "selected_feature_names": ["x1", "x2"]}, "n_features_original": 2, "n_features_selected": 2}}
2025-11-16 12:59:10,853 INFO: Prisma update attempt for job f544884f-65d4-44c2-8034-8a1db5eee5fd; payload (truncated): {"status": "finished", "modelPath": "artifacts/11/f544884f-65d4-44c2-8034-8a1db5eee5fd/model.joblib", "metrics": "Json"}
2025-11-16 12:59:11,092 INFO: Prisma update successful for job f544884f-65d4-44c2-8034-8a1db5eee5fd on attempt 1
2025-11-16 12:59:11,093 INFO: DB updated to finished for job f544884f-65d4-44c2-8034-8a1db5eee5fd
2025-11-16 12:59:32,868 INFO: Raw metrics from result: <class 'dict'>, keys: ['r2', 'rmse', 'cv_mean', 'cv_std', 'feature_selection', 'n_features_original', 'n_features_selected']
2025-11-16 12:59:32,868 INFO: Metrics extracted: ['r2', 'rmse', 'cv_mean', 'cv_std', 'feature_selection', 'n_features_original', 'n_features_selected']
2025-11-16 12:59:32,868 INFO: Metrics to save to DB (keys): ['r2', 'rmse', 'cv_mean', 'cv_std', 'feature_selection', 'n_features_original', 'n_features_selected']
2025-11-16 12:59:32,868 WARNING: No classification metrics found! Available keys: ['r2', 'rmse', 'cv_mean', 'cv_std', 'feature_selection', 'n_features_original', 'n_features_selected']
2025-11-16 12:59:32,869 INFO: Attempting final DB update for job ff8fb067-3fb0-477c-82fb-53ff8f1266f8; payload (truncated): {"status": "finished", "modelPath": "artifacts/11/ff8fb067-3fb0-477c-82fb-53ff8f1266f8/model.joblib", "metrics": {"r2": -0.19481263475102883, "rmse": 0.3134053948580428, "cv_mean": -0.15450030524965097, "cv_std": 0.017155209148275657, "feature_selection": {"n_features_original": 2, "n_features_selected": 2, "selected_feature_names": ["x1", "x2"]}, "n_features_original": 2, "n_features_selected": 2}}
2025-11-16 12:59:32,869 INFO: Prisma update attempt for job ff8fb067-3fb0-477c-82fb-53ff8f1266f8; payload (truncated): {"status": "finished", "modelPath": "artifacts/11/ff8fb067-3fb0-477c-82fb-53ff8f1266f8/model.joblib", "metrics": "Json"}
2025-11-16 12:59:33,141 INFO: Prisma update successful for job ff8fb067-3fb0-477c-82fb-53ff8f1266f8 on attempt 1
2025-11-16 12:59:33,142 INFO: DB updated to finished for job ff8fb067-3fb0-477c-82fb-53ff8f1266f8
2025-11-16 13:01:56,073 INFO: Raw metrics from result: <class 'dict'>, keys: ['r2', 'rmse', 'cv_mean', 'cv_std', 'feature_selection', 'n_features_original', 'n_features_selected']
2025-11-16 13:01:56,073 INFO: Metrics extracted: ['r2', 'rmse', 'cv_mean', 'cv_std', 'feature_selection', 'n_features_original', 'n_features_selected']
2025-11-16 13:01:56,073 INFO: Metrics to save to DB (keys): ['r2', 'rmse', 'cv_mean', 'cv_std', 'feature_selection', 'n_features_original', 'n_features_selected']
2025-11-16 13:01:56,074 WARNING: No classification metrics found! Available keys: ['r2', 'rmse', 'cv_mean', 'cv_std', 'feature_selection', 'n_features_original', 'n_features_selected']
2025-11-16 13:01:56,074 INFO: Attempting final DB update for job 507c3b26-55cd-42c2-acdd-fe1846fc05e1; payload (truncated): {"status": "finished", "modelPath": "artifacts/11/507c3b26-55cd-42c2-acdd-fe1846fc05e1/model.joblib", "metrics": {"r2": -0.19174536441116996, "rmse": 0.3130028560882167, "cv_mean": -0.1509589136531503, "cv_std": 0.020771467721627843, "feature_selection": {"n_features_original": 2, "n_features_selected": 2, "selected_feature_names": ["x1", "x2"]}, "n_features_original": 2, "n_features_selected": 2}}
2025-11-16 13:01:56,074 INFO: Prisma update attempt for job 507c3b26-55cd-42c2-acdd-fe1846fc05e1; payload (truncated): {"status": "finished", "modelPath": "artifacts/11/507c3b26-55cd-42c2-acdd-fe1846fc05e1/model.joblib", "metrics": "Json"}
2025-11-16 13:01:56,291 INFO: Prisma update successful for job 507c3b26-55cd-42c2-acdd-fe1846fc05e1 on attempt 1
2025-11-16 13:01:56,292 INFO: DB updated to finished for job 507c3b26-55cd-42c2-acdd-fe1846fc05e1
2025-11-16 13:04:21,328 INFO: Raw metrics from result: <class 'dict'>, keys: ['r2', 'rmse', 'cv_mean', 'cv_std', 'feature_selection', 'n_features_original', 'n_features_selected']
2025-11-16 13:04:21,329 INFO: Metrics extracted: ['r2', 'rmse', 'cv_mean', 'cv_std', 'feature_selection', 'n_features_original', 'n_features_selected']
2025-11-16 13:04:21,329 INFO: Metrics to save to DB (keys): ['r2', 'rmse', 'cv_mean', 'cv_std', 'feature_selection', 'n_features_original', 'n_features_selected']
2025-11-16 13:04:21,329 WARNING: No classification metrics found! Available keys: ['r2', 'rmse', 'cv_mean', 'cv_std', 'feature_selection', 'n_features_original', 'n_features_selected']
2025-11-16 13:04:21,329 INFO: Attempting final DB update for job 615edeb8-2123-4a9e-b0e7-ca22f9f9f4b8; payload (truncated): {"status": "finished", "modelPath": "artifacts/11/615edeb8-2123-4a9e-b0e7-ca22f9f9f4b8/model.joblib", "metrics": {"r2": -0.17911666314103813, "rmse": 0.3113400230032442, "cv_mean": -0.15411158917309092, "cv_std": 0.019335700307213398, "feature_selection": {"n_features_original": 2, "n_features_selected": 2, "selected_feature_names": ["x1", "x2"]}, "n_features_original": 2, "n_features_selected": 2}}
2025-11-16 13:04:21,329 INFO: Prisma update attempt for job 615edeb8-2123-4a9e-b0e7-ca22f9f9f4b8; payload (truncated): {"status": "finished", "modelPath": "artifacts/11/615edeb8-2123-4a9e-b0e7-ca22f9f9f4b8/model.joblib", "metrics": "Json"}
2025-11-16 13:04:21,527 INFO: Prisma update successful for job 615edeb8-2123-4a9e-b0e7-ca22f9f9f4b8 on attempt 1
2025-11-16 13:04:21,528 INFO: DB updated to finished for job 615edeb8-2123-4a9e-b0e7-ca22f9f9f4b8
2025-11-16 13:06:15,742 INFO: Raw metrics from result: <class 'dict'>, keys: ['r2', 'rmse', 'cv_mean', 'cv_std', 'feature_selection', 'n_features_original', 'n_features_selected']
2025-11-16 13:06:15,743 INFO: Metrics extracted: ['r2', 'rmse', 'cv_mean', 'cv_std', 'feature_selection', 'n_features_original', 'n_features_selected']
2025-11-16 13:06:15,743 INFO: Metrics to save to DB (keys): ['r2', 'rmse', 'cv_mean', 'cv_std', 'feature_selection', 'n_features_original', 'n_features_selected']
2025-11-16 13:06:15,744 WARNING: No classification metrics found! Available keys: ['r2', 'rmse', 'cv_mean', 'cv_std', 'feature_selection', 'n_features_original', 'n_features_selected']
2025-11-16 13:06:15,744 INFO: Attempting final DB update for job b19bdcf5-f359-4b43-a94e-7899349cb486; payload (truncated): {"status": "finished", "modelPath": "artifacts/11/b19bdcf5-f359-4b43-a94e-7899349cb486/model.joblib", "metrics": {"r2": -0.19869090793974453, "rmse": 0.31391362810295376, "cv_mean": -0.15620442835891968, "cv_std": 0.017758927631811527, "feature_selection": {"n_features_original": 2, "n_features_selected": 2, "selected_feature_names": ["x1", "x2"]}, "n_features_original": 2, "n_features_selected": 2}}
2025-11-16 13:06:15,744 INFO: Prisma update attempt for job b19bdcf5-f359-4b43-a94e-7899349cb486; payload (truncated): {"status": "finished", "modelPath": "artifacts/11/b19bdcf5-f359-4b43-a94e-7899349cb486/model.joblib", "metrics": "Json"}
2025-11-16 13:06:15,992 INFO: Prisma update successful for job b19bdcf5-f359-4b43-a94e-7899349cb486 on attempt 1
2025-11-16 13:06:15,994 INFO: DB updated to finished for job b19bdcf5-f359-4b43-a94e-7899349cb486
2025-11-16 13:06:58,775 INFO: Raw metrics from result: <class 'dict'>, keys: ['r2', 'rmse', 'cv_mean', 'cv_std', 'feature_selection', 'n_features_original', 'n_features_selected']
2025-11-16 13:06:58,776 INFO: Metrics extracted: ['r2', 'rmse', 'cv_mean', 'cv_std', 'feature_selection', 'n_features_original', 'n_features_selected']
2025-11-16 13:06:58,776 INFO: Metrics to save to DB (keys): ['r2', 'rmse', 'cv_mean', 'cv_std', 'feature_selection', 'n_features_original', 'n_features_selected']
2025-11-16 13:06:58,776 WARNING: No classification metrics found! Available keys: ['r2', 'rmse', 'cv_mean', 'cv_std', 'feature_selection', 'n_features_original', 'n_features_selected']
2025-11-16 13:06:58,776 INFO: Attempting final DB update for job 2b144ee9-bb54-4ea5-b12c-a8b9c2e6a0ba; payload (truncated): {"status": "finished", "modelPath": "artifacts/11/2b144ee9-bb54-4ea5-b12c-a8b9c2e6a0ba/model.joblib", "metrics": {"r2": -0.19352000376324918, "rmse": 0.31323581715870374, "cv_mean": -0.15260524549203294, "cv_std": 0.02180496810903406, "feature_selection": {"n_features_original": 2, "n_features_selected": 2, "selected_feature_names": ["x1", "x2"]}, "n_features_original": 2, "n_features_selected": 2}}
2025-11-16 13:06:58,776 INFO: Prisma update attempt for job 2b144ee9-bb54-4ea5-b12c-a8b9c2e6a0ba; payload (truncated): {"status": "finished", "modelPath": "artifacts/11/2b144ee9-bb54-4ea5-b12c-a8b9c2e6a0ba/model.joblib", "metrics": "Json"}
2025-11-16 13:06:58,980 INFO: Prisma update successful for job 2b144ee9-bb54-4ea5-b12c-a8b9c2e6a0ba on attempt 1
2025-11-16 13:06:58,981 INFO: DB updated to finished for job 2b144ee9-bb54-4ea5-b12c-a8b9c2e6a0ba
2025-11-16 13:07:09,416 INFO: Raw metrics from result: <class 'dict'>, keys: ['r2', 'rmse', 'cv_mean', 'cv_std', 'feature_selection', 'n_features_original', 'n_features_selected']
2025-11-16 13:07:09,417 INFO: Metrics extracted: ['r2', 'rmse', 'cv_mean', 'cv_std', 'feature_selection', 'n_features_original', 'n_features_selected']
2025-11-16 13:07:09,417 INFO: Metrics to save to DB (keys): ['r2', 'rmse', 'cv_mean', 'cv_std', 'feature_selection', 'n_features_original', 'n_features_selected']
2025-11-16 13:07:09,417 WARNING: No classification metrics found! Available keys: ['r2', 'rmse', 'cv_mean', 'cv_std', 'feature_selection', 'n_features_original', 'n_features_selected']
2025-11-16 13:07:09,417 INFO: Attempting final DB update for job 2b49eee4-ed12-43f7-9202-0dbd7b4a4843; payload (truncated): {"status": "finished", "modelPath": "artifacts/11/2b49eee4-ed12-43f7-9202-0dbd7b4a4843/model.joblib", "metrics": {"r2": -0.18850198461046364, "rmse": 0.31257664138231755, "cv_mean": -0.15165764526127073, "cv_std": 0.019214828510723377, "feature_selection": {"n_features_original": 2, "n_features_selected": 2, "selected_feature_names": ["x1", "x2"]}, "n_features_original": 2, "n_features_selected": 2}}
2025-11-16 13:07:09,418 INFO: Prisma update attempt for job 2b49eee4-ed12-43f7-9202-0dbd7b4a4843; payload (truncated): {"status": "finished", "modelPath": "artifacts/11/2b49eee4-ed12-43f7-9202-0dbd7b4a4843/model.joblib", "metrics": "Json"}
2025-11-16 13:07:09,608 INFO: Prisma update successful for job 2b49eee4-ed12-43f7-9202-0dbd7b4a4843 on attempt 1
2025-11-16 13:07:09,610 INFO: DB updated to finished for job 2b49eee4-ed12-43f7-9202-0dbd7b4a4843
2025-11-16 13:07:19,930 INFO: Raw metrics from result: <class 'dict'>, keys: ['r2', 'rmse', 'cv_mean', 'cv_std', 'feature_selection', 'n_features_original', 'n_features_selected']
2025-11-16 13:07:19,930 INFO: Metrics extracted: ['r2', 'rmse', 'cv_mean', 'cv_std', 'feature_selection', 'n_features_original', 'n_features_selected']
2025-11-16 13:07:19,930 INFO: Metrics to save to DB (keys): ['r2', 'rmse', 'cv_mean', 'cv_std', 'feature_selection', 'n_features_original', 'n_features_selected']
2025-11-16 13:07:19,930 WARNING: No classification metrics found! Available keys: ['r2', 'rmse', 'cv_mean', 'cv_std', 'feature_selection', 'n_features_original', 'n_features_selected']
2025-11-16 13:07:19,930 INFO: Attempting final DB update for job ad721cc3-456d-4fc9-a7e0-0752b4a6cda7; payload (truncated): {"status": "finished", "modelPath": "artifacts/11/ad721cc3-456d-4fc9-a7e0-0752b4a6cda7/model.joblib", "metrics": {"r2": -0.18743529137538606, "rmse": 0.3124363394562461, "cv_mean": -0.15313663931254048, "cv_std": 0.01880182580427869, "feature_selection": {"n_features_original": 2, "n_features_selected": 2, "selected_feature_names": ["x1", "x2"]}, "n_features_original": 2, "n_features_selected": 2}}
2025-11-16 13:07:19,931 INFO: Prisma update attempt for job ad721cc3-456d-4fc9-a7e0-0752b4a6cda7; payload (truncated): {"status": "finished", "modelPath": "artifacts/11/ad721cc3-456d-4fc9-a7e0-0752b4a6cda7/model.joblib", "metrics": "Json"}
2025-11-16 13:07:20,179 INFO: Prisma update successful for job ad721cc3-456d-4fc9-a7e0-0752b4a6cda7 on attempt 1
2025-11-16 13:07:20,180 INFO: DB updated to finished for job ad721cc3-456d-4fc9-a7e0-0752b4a6cda7
2025-11-16 13:14:40,465 INFO: Raw metrics from result: <class 'dict'>, keys: ['r2', 'rmse', 'cv_mean', 'cv_std', 'feature_selection', 'n_features_original', 'n_features_selected']
2025-11-16 13:14:40,466 INFO: Metrics extracted: ['r2', 'rmse', 'cv_mean', 'cv_std', 'feature_selection', 'n_features_original', 'n_features_selected']
2025-11-16 13:14:40,466 INFO: Metrics to save to DB (keys): ['r2', 'rmse', 'cv_mean', 'cv_std', 'feature_selection', 'n_features_original', 'n_features_selected']
2025-11-16 13:14:40,466 WARNING: No classification metrics found! Available keys: ['r2', 'rmse', 'cv_mean', 'cv_std', 'feature_selection', 'n_features_original', 'n_features_selected']
2025-11-16 13:14:40,466 INFO: Attempting final DB update for job cd3e0238-a3be-4b11-8a24-d651aa5a3243; payload (truncated): {"status": "finished", "modelPath": "artifacts/11/cd3e0238-a3be-4b11-8a24-d651aa5a3243/model.joblib", "metrics": {"r2": -0.19053054769218192, "rmse": 0.31284328422663427, "cv_mean": -0.1535221300305849, "cv_std": 0.022002842577318955, "feature_selection": {"n_features_original": 2, "n_features_selected": 2, "selected_feature_names": ["x1", "x2"]}, "n_features_original": 2, "n_features_selected": 2}}
2025-11-16 13:14:40,467 INFO: Prisma update attempt for job cd3e0238-a3be-4b11-8a24-d651aa5a3243; payload (truncated): {"status": "finished", "modelPath": "artifacts/11/cd3e0238-a3be-4b11-8a24-d651aa5a3243/model.joblib", "metrics": "Json"}
2025-11-16 13:14:40,697 INFO: Prisma update successful for job cd3e0238-a3be-4b11-8a24-d651aa5a3243 on attempt 1
2025-11-16 13:14:40,698 INFO: DB updated to finished for job cd3e0238-a3be-4b11-8a24-d651aa5a3243
2025-11-16 13:19:25,023 INFO: Raw metrics from result: <class 'dict'>, keys: ['r2', 'rmse', 'cv_mean', 'cv_std', 'feature_selection', 'n_features_original', 'n_features_selected']
2025-11-16 13:19:25,023 INFO: Metrics extracted: ['r2', 'rmse', 'cv_mean', 'cv_std', 'feature_selection', 'n_features_original', 'n_features_selected']
2025-11-16 13:19:25,023 INFO: Metrics to save to DB (keys): ['r2', 'rmse', 'cv_mean', 'cv_std', 'feature_selection', 'n_features_original', 'n_features_selected']
2025-11-16 13:19:25,023 WARNING: No classification metrics found! Available keys: ['r2', 'rmse', 'cv_mean', 'cv_std', 'feature_selection', 'n_features_original', 'n_features_selected']
2025-11-16 13:19:25,023 INFO: Attempting final DB update for job 7c290099-5ee0-4282-9e47-441355e07b33; payload (truncated): {"status": "finished", "modelPath": "artifacts/11/7c290099-5ee0-4282-9e47-441355e07b33/model.joblib", "metrics": {"r2": -0.02083535590472252, "rmse": 1.0228928335679763, "cv_mean": -0.020003388870220906, "cv_std": 0.0022512005157068874, "feature_selection": {"n_features_original": 99, "n_features_selected": 50, "selected_feature_names": ["num__x1", "num__x7", "num__x8", "num__x10", "num__x13", "num__x14", "num__x16", "num__x18", "num__x20", "num__x26", "num__x27", "num__x30", "num__x31", "num__x32", "num__x33", "num__x34", "num__x35", "num__x36", "num__x37", "num__x38", "num__x39", "num__x43", "num__x45", "num__x48", "num__x50", "num__x51", "num__x52", "num__x54", "num__x56", "num__x59", "num__x61", "num__x62", "num__x64", "num__x65", "num__x66", "num__x67", "num__x68", "num__x73", "num__x75", "num__x77", "num__x78", "num__x79", "num__x80", "num__x81", "num__x82", "num__x86", "num__x88", "num__x91", "num__x93", "num__x99"]}, "n_features_original": 99, "n_features_selected": 50}}
2025-11-16 13:19:25,024 INFO: Prisma update attempt for job 7c290099-5ee0-4282-9e47-441355e07b33; payload (truncated): {"status": "finished", "modelPath": "artifacts/11/7c290099-5ee0-4282-9e47-441355e07b33/model.joblib", "metrics": "Json"}
2025-11-16 13:19:25,461 INFO: Prisma update successful for job 7c290099-5ee0-4282-9e47-441355e07b33 on attempt 1
2025-11-16 13:19:25,462 INFO: DB updated to finished for job 7c290099-5ee0-4282-9e47-441355e07b33
2025-11-18 09:17:10,465 INFO: Raw metrics from result: <class 'dict'>, keys: ['r2', 'rmse', 'cv_mean', 'cv_std', 'feature_selection', 'n_features_original', 'n_features_selected']
2025-11-18 09:17:10,466 INFO: Metrics extracted: ['r2', 'rmse', 'cv_mean', 'cv_std', 'feature_selection', 'n_features_original', 'n_features_selected']
2025-11-18 09:17:10,467 INFO: Metrics to save to DB (keys): ['r2', 'rmse', 'cv_mean', 'cv_std', 'feature_selection', 'n_features_original', 'n_features_selected']
2025-11-18 09:17:10,467 WARNING: No classification metrics found! Available keys: ['r2', 'rmse', 'cv_mean', 'cv_std', 'feature_selection', 'n_features_original', 'n_features_selected']
2025-11-18 09:17:10,467 INFO: Attempting final DB update for job 91fedcd1-0522-40cc-bd6e-e3695fe715f3; payload (truncated): {"status": "finished", "modelPath": "artifacts/11/91fedcd1-0522-40cc-bd6e-e3695fe715f3/model.joblib", "metrics": {"r2": -0.20072129645666825, "rmse": 0.3141793750736422, "cv_mean": -0.15113021145720715, "cv_std": 0.0227774256061817, "feature_selection": {"n_features_original": 2, "n_features_selected": 2, "selected_feature_names": ["x1", "x2"]}, "n_features_original": 2, "n_features_selected": 2}}
2025-11-18 09:17:10,467 INFO: Prisma update attempt for job 91fedcd1-0522-40cc-bd6e-e3695fe715f3; payload (truncated): {"status": "finished", "modelPath": "artifacts/11/91fedcd1-0522-40cc-bd6e-e3695fe715f3/model.joblib", "metrics": "Json"}
2025-11-18 09:17:10,885 INFO: Prisma update successful for job 91fedcd1-0522-40cc-bd6e-e3695fe715f3 on attempt 1
2025-11-18 09:17:10,886 INFO: DB updated to finished for job 91fedcd1-0522-40cc-bd6e-e3695fe715f3
2025-11-18 11:53:58,817 INFO: Raw metrics from result: <class 'dict'>, keys: ['r2', 'rmse', 'cv_mean', 'cv_std', 'feature_selection', 'n_features_original', 'n_features_selected']
2025-11-18 11:53:58,818 INFO: Metrics extracted: ['r2', 'rmse', 'cv_mean', 'cv_std', 'feature_selection', 'n_features_original', 'n_features_selected']
2025-11-18 11:53:58,819 INFO: Metrics to save to DB (keys): ['r2', 'rmse', 'cv_mean', 'cv_std', 'feature_selection', 'n_features_original', 'n_features_selected']
2025-11-18 11:53:58,819 WARNING: No classification metrics found! Available keys: ['r2', 'rmse', 'cv_mean', 'cv_std', 'feature_selection', 'n_features_original', 'n_features_selected']
2025-11-18 11:53:58,819 INFO: Attempting final DB update for job c8d2411e-1bfc-4b13-af39-42273ca04699; payload (truncated): {"status": "finished", "modelPath": "artifacts/11/c8d2411e-1bfc-4b13-af39-42273ca04699/model.joblib", "metrics": {"r2": -0.19198466902037925, "rmse": 0.3130342802785707, "cv_mean": -0.15046435745690756, "cv_std": 0.020098732717713102, "feature_selection": {"n_features_original": 2, "n_features_selected": 2, "selected_feature_names": ["x1", "x2"]}, "n_features_original": 2, "n_features_selected": 2}}
2025-11-18 11:53:58,819 INFO: Prisma update attempt for job c8d2411e-1bfc-4b13-af39-42273ca04699; payload (truncated): {"status": "finished", "modelPath": "artifacts/11/c8d2411e-1bfc-4b13-af39-42273ca04699/model.joblib", "metrics": "Json"}
2025-11-18 11:53:59,044 INFO: Prisma update successful for job c8d2411e-1bfc-4b13-af39-42273ca04699 on attempt 1
2025-11-18 11:53:59,045 INFO: DB updated to finished for job c8d2411e-1bfc-4b13-af39-42273ca04699
2025-11-18 12:32:10,068 INFO: Raw metrics from result: <class 'dict'>, keys: ['r2', 'rmse', 'cv_mean', 'cv_std', 'feature_selection', 'n_features_original', 'n_features_selected']
2025-11-18 12:32:10,070 INFO: Metrics extracted: ['r2', 'rmse', 'cv_mean', 'cv_std', 'feature_selection', 'n_features_original', 'n_features_selected']
2025-11-18 12:32:10,070 INFO: Metrics to save to DB (keys): ['r2', 'rmse', 'cv_mean', 'cv_std', 'feature_selection', 'n_features_original', 'n_features_selected']
2025-11-18 12:32:10,070 WARNING: No classification metrics found! Available keys: ['r2', 'rmse', 'cv_mean', 'cv_std', 'feature_selection', 'n_features_original', 'n_features_selected']
2025-11-18 12:32:10,070 INFO: Attempting final DB update for job 0a79a8ff-9e7e-4c42-852f-cb6198e6a270; payload (truncated): {"status": "finished", "modelPath": "artifacts/11/0a79a8ff-9e7e-4c42-852f-cb6198e6a270/model.joblib", "metrics": {"r2": -0.18727874850381543, "rmse": 0.31241574410498885, "cv_mean": -0.1500178096609885, "cv_std": 0.0199622460385292, "feature_selection": {"n_features_original": 2, "n_features_selected": 2, "selected_feature_names": ["x1", "x2"]}, "n_features_original": 2, "n_features_selected": 2}}
2025-11-18 12:32:10,070 INFO: Prisma update attempt for job 0a79a8ff-9e7e-4c42-852f-cb6198e6a270; payload (truncated): {"status": "finished", "modelPath": "artifacts/11/0a79a8ff-9e7e-4c42-852f-cb6198e6a270/model.joblib", "metrics": "Json"}
2025-11-18 12:32:10,286 INFO: Prisma update successful for job 0a79a8ff-9e7e-4c42-852f-cb6198e6a270 on attempt 1
2025-11-18 12:32:10,287 INFO: DB updated to finished for job 0a79a8ff-9e7e-4c42-852f-cb6198e6a270
2025-11-18 15:57:18,803 INFO: Raw metrics from result: <class 'dict'>, keys: ['r2', 'rmse', 'cv_mean', 'cv_std', 'feature_selection', 'n_features_original', 'n_features_selected']
2025-11-18 15:57:18,804 INFO: Metrics extracted: ['r2', 'rmse', 'cv_mean', 'cv_std', 'feature_selection', 'n_features_original', 'n_features_selected']
2025-11-18 15:57:18,804 INFO: Metrics to save to DB (keys): ['r2', 'rmse', 'cv_mean', 'cv_std', 'feature_selection', 'n_features_original', 'n_features_selected']
2025-11-18 15:57:18,804 WARNING: No classification metrics found! Available keys: ['r2', 'rmse', 'cv_mean', 'cv_std', 'feature_selection', 'n_features_original', 'n_features_selected']
2025-11-18 15:57:18,804 INFO: Attempting final DB update for job c149e8eb-5e81-486b-b92a-9702b8323dde; payload (truncated): {"status": "finished", "modelPath": "artifacts/11/c149e8eb-5e81-486b-b92a-9702b8323dde/model.joblib", "metrics": {"r2": -0.18016184594598816, "rmse": 0.3114779801577194, "cv_mean": -0.15066161793731406, "cv_std": 0.018230693525068918, "feature_selection": {"n_features_original": 2, "n_features_selected": 2, "selected_feature_names": ["x1", "x2"]}, "n_features_original": 2, "n_features_selected": 2}}
2025-11-18 15:57:18,805 INFO: Prisma update attempt for job c149e8eb-5e81-486b-b92a-9702b8323dde; payload (truncated): {"status": "finished", "modelPath": "artifacts/11/c149e8eb-5e81-486b-b92a-9702b8323dde/model.joblib", "metrics": "Json"}
2025-11-18 15:57:19,169 INFO: Prisma update successful for job c149e8eb-5e81-486b-b92a-9702b8323dde on attempt 1
2025-11-18 15:57:19,169 INFO: DB updated to finished for job c149e8eb-5e81-486b-b92a-9702b8323dde
2025-12-18 17:03:44,656 INFO: Raw metrics from result: <class 'dict'>, keys: ['r2', 'rmse', 'cv_mean', 'cv_std', 'feature_selection', 'n_features_original', 'n_features_selected']
2025-12-18 17:03:44,657 INFO: Metrics extracted: ['r2', 'rmse', 'cv_mean', 'cv_std', 'feature_selection', 'n_features_original', 'n_features_selected']
2025-12-18 17:03:44,657 INFO: Metrics to save to DB (keys): ['r2', 'rmse', 'cv_mean', 'cv_std', 'feature_selection', 'n_features_original', 'n_features_selected']
2025-12-18 17:03:44,657 WARNING: No classification metrics found! Available keys: ['r2', 'rmse', 'cv_mean', 'cv_std', 'feature_selection', 'n_features_original', 'n_features_selected']
2025-12-18 17:03:44,657 INFO: Attempting final DB update for job 9be1fa1c-8961-4cf4-98e8-b64e1544df49; payload (truncated): {"status": "finished", "modelPath": "artifacts/11/9be1fa1c-8961-4cf4-98e8-b64e1544df49/model.joblib", "metrics": {"r2": -0.1905878932624081, "rmse": 0.31285081866601905, "cv_mean": -0.15386405078951232, "cv_std": 0.018119685835979005, "feature_selection": {"n_features_original": 2, "n_features_selected": 2, "selected_feature_names": ["x1", "x2"]}, "n_features_original": 2, "n_features_selected": 2}}
2025-12-18 17:03:44,657 INFO: Prisma update attempt for job 9be1fa1c-8961-4cf4-98e8-b64e1544df49; payload (truncated): {"status": "finished", "modelPath": "artifacts/11/9be1fa1c-8961-4cf4-98e8-b64e1544df49/model.joblib", "metrics": "Json"}
2025-12-18 17:03:44,874 INFO: Prisma update successful for job 9be1fa1c-8961-4cf4-98e8-b64e1544df49 on attempt 1
2025-12-18 17:03:44,876 INFO: DB updated to finished for job 9be1fa1c-8961-4cf4-98e8-b64e1544df49
2025-12-18 17:06:04,480 INFO: Raw metrics from result: <class 'dict'>, keys: ['accuracy', 'precision', 'recall', 'f1', 'roc_auc', 'cv_mean', 'cv_std', 'feature_selection', 'n_features_original', 'n_features_selected']
2025-12-18 17:06:04,480 INFO: Metrics extracted: ['accuracy', 'precision', 'recall', 'f1', 'roc_auc', 'cv_mean', 'cv_std', 'feature_selection', 'n_features_original', 'n_features_selected']
2025-12-18 17:06:04,481 INFO: Metrics to save to DB (keys): ['accuracy', 'precision', 'recall', 'f1', 'roc_auc', 'cv_mean', 'cv_std', 'feature_selection', 'n_features_original', 'n_features_selected']
2025-12-18 17:06:04,481 INFO: Classification metrics found: {'accuracy': 1.0, 'precision': 1.0, 'recall': 1.0, 'f1': 1.0, 'roc_auc': 1.0}
2025-12-18 17:06:04,481 INFO: Attempting final DB update for job d88ba764-6324-4419-a1a4-2602bdda7f5c; payload (truncated): {"status": "finished", "modelPath": "artifacts/11/d88ba764-6324-4419-a1a4-2602bdda7f5c/model.joblib", "metrics": {"accuracy": 1.0, "precision": 1.0, "recall": 1.0, "f1": 1.0, "roc_auc": 1.0, "cv_mean": 1.0, "cv_std": 0.0, "feature_selection": {"n_features_original": 1000, "n_features_selected": 1000, "selected_feature_names": ["Gene_1", "Gene_2", "Gene_3", "Gene_4", "Gene_5", "Gene_6", "Gene_7", "Gene_8", "Gene_9", "Gene_10", "Gene_11", "Gene_12", "Gene_13", "Gene_14", "Gene_15", "Gene_16", "Gene_17", "Gene_18", "Gene_19", "Gene_20", "Gene_21", "Gene_22", "Gene_23", "Gene_24", "Gene_25", "Gene_26", "Gene_27", "Gene_28", "Gene_29", "Gene_30", "Gene_31", "Gene_32", "Gene_33", "Gene_34", "Gene_35", "Gene_36", "Gene_37", "Gene_38", "Gene_39", "Gene_40", "Gene_41", "Gene_42", "Gene_43", "Gene_44", "Gene_45", "Gene_46", "Gene_47", "Gene_48", "Gene_49", "Gene_50", "Gene_51", "Gene_52", "Gene_53", "Gene_54", "Gene_55", "Gene_56", "Gene_57", "Gene_58", "Gene_59", "Gene_60", "Gene_61", "Gene_62", "Gene_63", "Gene_64", "Gene_65", "Gene_66", "Gene_67", "Gene_68", "Gene_69", "Gene_70", "Gene_71", "Gene_72", "Gene_73", "Gene_74", "Gene_75", "Gene_76", "Gene_77", "Gene_78", "Gene_79", "Gene_80", "Gene_81", "Gene_82", "Gene_83", "Gene_84", "Gene_85", "Gene_86", "Gene_87", "Gene_88", "Gene_89", "Gene_90", "Gene_91", "Gene_92", "Gene_93", "Gene_94", "Gene_95", "Gene_96", "Gene_97", "Gene_98", "Gene_99", "Gene_100", "Gene_101", "Gene_102", "Gene_103", "Gene_104", "Gene_105", "Gene_106", "Gene_107", "Gene_108", "Gene_109", "Gene_110", "Gene_111", "Gene_112", "Gene_113", "Gene_114", "Gene_115", "Gene_116", "Gene_117", "Gene_118", "Gene_119", "Gene_120", "Gene_121", "Gene_122", "Gene_123", "Gene_124", "Gene_125", "Gene_126", "Gene_127", "Gene_128", "Gene_129", "Gene_130", "Gene_131", "Gene_132", "Gene_133", "Gene_134", "Gene_135", "Gene_136", "Gene_137", "Gene_138", "Gene_139", "Gene_140", "Gene_141", "Gene_142", "Gene_143", "Gene_144", "Gene_145", "Gene_146", "Gene_147", "Gene_148", "Ge
2025-12-18 17:06:04,481 INFO: Prisma update attempt for job d88ba764-6324-4419-a1a4-2602bdda7f5c; payload (truncated): {"status": "finished", "modelPath": "artifacts/11/d88ba764-6324-4419-a1a4-2602bdda7f5c/model.joblib", "metrics": "Json"}
2025-12-18 17:06:04,777 INFO: Prisma update successful for job d88ba764-6324-4419-a1a4-2602bdda7f5c on attempt 1
2025-12-18 17:06:04,778 INFO: DB updated to finished for job d88ba764-6324-4419-a1a4-2602bdda7f5c
2025-12-18 17:17:18,186 INFO: Raw metrics from result: <class 'dict'>, keys: ['accuracy', 'precision', 'recall', 'f1', 'roc_auc', 'cv_mean', 'cv_std', 'feature_selection', 'n_features_original', 'n_features_selected']
2025-12-18 17:17:18,186 INFO: Metrics extracted: ['accuracy', 'precision', 'recall', 'f1', 'roc_auc', 'cv_mean', 'cv_std', 'feature_selection', 'n_features_original', 'n_features_selected']
2025-12-18 17:17:18,187 INFO: Metrics to save to DB (keys): ['accuracy', 'precision', 'recall', 'f1', 'roc_auc', 'cv_mean', 'cv_std', 'feature_selection', 'n_features_original', 'n_features_selected']
2025-12-18 17:17:18,187 INFO: Classification metrics found: {'accuracy': 1.0, 'precision': 1.0, 'recall': 1.0, 'f1': 1.0, 'roc_auc': 1.0}
2025-12-18 17:17:18,188 INFO: Attempting final DB update for job ad28c8fa-d226-443c-b618-79851d667742; payload (truncated): {"status": "finished", "modelPath": "artifacts/11/ad28c8fa-d226-443c-b618-79851d667742/model.joblib", "metrics": {"accuracy": 1.0, "precision": 1.0, "recall": 1.0, "f1": 1.0, "roc_auc": 1.0, "cv_mean": 1.0, "cv_std": 0.0, "feature_selection": {"n_features_original": 1000, "n_features_selected": 1000, "selected_feature_names": ["Gene_1", "Gene_2", "Gene_3", "Gene_4", "Gene_5", "Gene_6", "Gene_7", "Gene_8", "Gene_9", "Gene_10", "Gene_11", "Gene_12", "Gene_13", "Gene_14", "Gene_15", "Gene_16", "Gene_17", "Gene_18", "Gene_19", "Gene_20", "Gene_21", "Gene_22", "Gene_23", "Gene_24", "Gene_25", "Gene_26", "Gene_27", "Gene_28", "Gene_29", "Gene_30", "Gene_31", "Gene_32", "Gene_33", "Gene_34", "Gene_35", "Gene_36", "Gene_37", "Gene_38", "Gene_39", "Gene_40", "Gene_41", "Gene_42", "Gene_43", "Gene_44", "Gene_45", "Gene_46", "Gene_47", "Gene_48", "Gene_49", "Gene_50", "Gene_51", "Gene_52", "Gene_53", "Gene_54", "Gene_55", "Gene_56", "Gene_57", "Gene_58", "Gene_59", "Gene_60", "Gene_61", "Gene_62", "Gene_63", "Gene_64", "Gene_65", "Gene_66", "Gene_67", "Gene_68", "Gene_69", "Gene_70", "Gene_71", "Gene_72", "Gene_73", "Gene_74", "Gene_75", "Gene_76", "Gene_77", "Gene_78", "Gene_79", "Gene_80", "Gene_81", "Gene_82", "Gene_83", "Gene_84", "Gene_85", "Gene_86", "Gene_87", "Gene_88", "Gene_89", "Gene_90", "Gene_91", "Gene_92", "Gene_93", "Gene_94", "Gene_95", "Gene_96", "Gene_97", "Gene_98", "Gene_99", "Gene_100", "Gene_101", "Gene_102", "Gene_103", "Gene_104", "Gene_105", "Gene_106", "Gene_107", "Gene_108", "Gene_109", "Gene_110", "Gene_111", "Gene_112", "Gene_113", "Gene_114", "Gene_115", "Gene_116", "Gene_117", "Gene_118", "Gene_119", "Gene_120", "Gene_121", "Gene_122", "Gene_123", "Gene_124", "Gene_125", "Gene_126", "Gene_127", "Gene_128", "Gene_129", "Gene_130", "Gene_131", "Gene_132", "Gene_133", "Gene_134", "Gene_135", "Gene_136", "Gene_137", "Gene_138", "Gene_139", "Gene_140", "Gene_141", "Gene_142", "Gene_143", "Gene_144", "Gene_145", "Gene_146", "Gene_147", "Gene_148", "Ge
2025-12-18 17:17:18,188 INFO: Prisma update attempt for job ad28c8fa-d226-443c-b618-79851d667742; payload (truncated): {"status": "finished", "modelPath": "artifacts/11/ad28c8fa-d226-443c-b618-79851d667742/model.joblib", "metrics": "Json"}
2025-12-18 17:17:18,538 INFO: Prisma update successful for job ad28c8fa-d226-443c-b618-79851d667742 on attempt 1
2025-12-18 17:17:18,539 INFO: DB updated to finished for job ad28c8fa-d226-443c-b618-79851d667742
2025-12-18 17:21:53,402 INFO: Raw metrics from result: <class 'dict'>, keys: ['accuracy', 'precision', 'recall', 'f1', 'roc_auc', 'cv_mean', 'cv_std', 'feature_selection', 'n_features_original', 'n_features_selected']
2025-12-18 17:21:53,402 INFO: Metrics extracted: ['accuracy', 'precision', 'recall', 'f1', 'roc_auc', 'cv_mean', 'cv_std', 'feature_selection', 'n_features_original', 'n_features_selected']
2025-12-18 17:21:53,403 INFO: Metrics to save to DB (keys): ['accuracy', 'precision', 'recall', 'f1', 'roc_auc', 'cv_mean', 'cv_std', 'feature_selection', 'n_features_original', 'n_features_selected']
2025-12-18 17:21:53,403 INFO: Classification metrics found: {'accuracy': 1.0, 'precision': 1.0, 'recall': 1.0, 'f1': 1.0, 'roc_auc': 1.0}
2025-12-18 17:21:53,403 INFO: Attempting final DB update for job 9e98219b-3a1b-40b7-947b-8721d1bbe5ab; payload (truncated): {"status": "finished", "modelPath": "artifacts/11/9e98219b-3a1b-40b7-947b-8721d1bbe5ab/model.joblib", "metrics": {"accuracy": 1.0, "precision": 1.0, "recall": 1.0, "f1": 1.0, "roc_auc": 1.0, "cv_mean": 1.0, "cv_std": 0.0, "feature_selection": {"n_features_original": 1000, "n_features_selected": 1000, "selected_feature_names": ["Gene_1", "Gene_2", "Gene_3", "Gene_4", "Gene_5", "Gene_6", "Gene_7", "Gene_8", "Gene_9", "Gene_10", "Gene_11", "Gene_12", "Gene_13", "Gene_14", "Gene_15", "Gene_16", "Gene_17", "Gene_18", "Gene_19", "Gene_20", "Gene_21", "Gene_22", "Gene_23", "Gene_24", "Gene_25", "Gene_26", "Gene_27", "Gene_28", "Gene_29", "Gene_30", "Gene_31", "Gene_32", "Gene_33", "Gene_34", "Gene_35", "Gene_36", "Gene_37", "Gene_38", "Gene_39", "Gene_40", "Gene_41", "Gene_42", "Gene_43", "Gene_44", "Gene_45", "Gene_46", "Gene_47", "Gene_48", "Gene_49", "Gene_50", "Gene_51", "Gene_52", "Gene_53", "Gene_54", "Gene_55", "Gene_56", "Gene_57", "Gene_58", "Gene_59", "Gene_60", "Gene_61", "Gene_62", "Gene_63", "Gene_64", "Gene_65", "Gene_66", "Gene_67", "Gene_68", "Gene_69", "Gene_70", "Gene_71", "Gene_72", "Gene_73", "Gene_74", "Gene_75", "Gene_76", "Gene_77", "Gene_78", "Gene_79", "Gene_80", "Gene_81", "Gene_82", "Gene_83", "Gene_84", "Gene_85", "Gene_86", "Gene_87", "Gene_88", "Gene_89", "Gene_90", "Gene_91", "Gene_92", "Gene_93", "Gene_94", "Gene_95", "Gene_96", "Gene_97", "Gene_98", "Gene_99", "Gene_100", "Gene_101", "Gene_102", "Gene_103", "Gene_104", "Gene_105", "Gene_106", "Gene_107", "Gene_108", "Gene_109", "Gene_110", "Gene_111", "Gene_112", "Gene_113", "Gene_114", "Gene_115", "Gene_116", "Gene_117", "Gene_118", "Gene_119", "Gene_120", "Gene_121", "Gene_122", "Gene_123", "Gene_124", "Gene_125", "Gene_126", "Gene_127", "Gene_128", "Gene_129", "Gene_130", "Gene_131", "Gene_132", "Gene_133", "Gene_134", "Gene_135", "Gene_136", "Gene_137", "Gene_138", "Gene_139", "Gene_140", "Gene_141", "Gene_142", "Gene_143", "Gene_144", "Gene_145", "Gene_146", "Gene_147", "Gene_148", "Ge
2025-12-18 17:21:53,403 INFO: Prisma update attempt for job 9e98219b-3a1b-40b7-947b-8721d1bbe5ab; payload (truncated): {"status": "finished", "modelPath": "artifacts/11/9e98219b-3a1b-40b7-947b-8721d1bbe5ab/model.joblib", "metrics": "Json"}
2025-12-18 17:21:53,714 INFO: Prisma update successful for job 9e98219b-3a1b-40b7-947b-8721d1bbe5ab on attempt 1
2025-12-18 17:21:53,715 INFO: DB updated to finished for job 9e98219b-3a1b-40b7-947b-8721d1bbe5ab
2025-12-18 17:31:45,680 ERROR: Training error for job a688710b-f934-4427-a937-42f9963e8859: Training failed: Cross-validation failed: could not convert string to float: 'GSM5571068'
Traceback (most recent call last):
  File "/Users/smarthsood/Desktop/Gene_startup/gene_web/apps/model_backend/pipeline/pipeline.py", line 407, in train
    cv_scores = cross_val_score(pipe, X_tr, y_tr, cv=cv_folds, scoring=scoring, error_score='raise')
  File "/Users/smarthsood/Desktop/Gene_startup/gene_web/apps/model_backend/venv/lib/python3.13/site-packages/sklearn/utils/_param_validation.py", line 218, in wrapper
    return func(*args, **kwargs)
  File "/Users/smarthsood/Desktop/Gene_startup/gene_web/apps/model_backend/venv/lib/python3.13/site-packages/sklearn/model_selection/_validation.py", line 677, in cross_val_score
    cv_results = cross_validate(
        estimator=estimator,
    ...<9 lines>...
        error_score=error_score,
    )
  File "/Users/smarthsood/Desktop/Gene_startup/gene_web/apps/model_backend/venv/lib/python3.13/site-packages/sklearn/utils/_param_validation.py", line 218, in wrapper
    return func(*args, **kwargs)
  File "/Users/smarthsood/Desktop/Gene_startup/gene_web/apps/model_backend/venv/lib/python3.13/site-packages/sklearn/model_selection/_validation.py", line 399, in cross_validate
    results = parallel(
        delayed(_fit_and_score)(
    ...<15 lines>...
        for train, test in indices
    )
  File "/Users/smarthsood/Desktop/Gene_startup/gene_web/apps/model_backend/venv/lib/python3.13/site-packages/sklearn/utils/parallel.py", line 82, in __call__
    return super().__call__(iterable_with_config_and_warning_filters)
           ~~~~~~~~~~~~~~~~^^^^^^^^^^^^^^^^^^^^^^^^^^^^^^^^^^^^^^^^^^
  File "/Users/smarthsood/Desktop/Gene_startup/gene_web/apps/model_backend/venv/lib/python3.13/site-packages/joblib/parallel.py", line 1986, in __call__
    return output if self.return_generator else list(output)
                                                ~~~~^^^^^^^^
  File "/Users/smarthsood/Desktop/Gene_startup/gene_web/apps/model_backend/venv/lib/python3.13/site-packages/joblib/parallel.py", line 1914, in _get_sequential_output
    res = func(*args, **kwargs)
  File "/Users/smarthsood/Desktop/Gene_startup/gene_web/apps/model_backend/venv/lib/python3.13/site-packages/sklearn/utils/parallel.py", line 147, in __call__
    return self.function(*args, **kwargs)
           ~~~~~~~~~~~~~^^^^^^^^^^^^^^^^^
  File "/Users/smarthsood/Desktop/Gene_startup/gene_web/apps/model_backend/venv/lib/python3.13/site-packages/sklearn/model_selection/_validation.py", line 859, in _fit_and_score
    estimator.fit(X_train, y_train, **fit_params)
    ~~~~~~~~~~~~~^^^^^^^^^^^^^^^^^^^^^^^^^^^^^^^^
  File "/Users/smarthsood/Desktop/Gene_startup/gene_web/apps/model_backend/venv/lib/python3.13/site-packages/sklearn/base.py", line 1365, in wrapper
    return fit_method(estimator, *args, **kwargs)
  File "/Users/smarthsood/Desktop/Gene_startup/gene_web/apps/model_backend/venv/lib/python3.13/site-packages/sklearn/pipeline.py", line 663, in fit
    self._final_estimator.fit(Xt, y, **last_step_params["fit"])
    ~~~~~~~~~~~~~~~~~~~~~~~~~^^^^^^^^^^^^^^^^^^^^^^^^^^^^^^^^^^
  File "/Users/smarthsood/Desktop/Gene_startup/gene_web/apps/model_backend/venv/lib/python3.13/site-packages/sklearn/base.py", line 1365, in wrapper
    return fit_method(estimator, *args, **kwargs)
  File "/Users/smarthsood/Desktop/Gene_startup/gene_web/apps/model_backend/venv/lib/python3.13/site-packages/sklearn/ensemble/_forest.py", line 359, in fit
    X, y = validate_data(
           ~~~~~~~~~~~~~^
        self,
        ^^^^^
    ...<5 lines>...
        ensure_all_finite=False,
        ^^^^^^^^^^^^^^^^^^^^^^^^
    )
    ^
  File "/Users/smarthsood/Desktop/Gene_startup/gene_web/apps/model_backend/venv/lib/python3.13/site-packages/sklearn/utils/validation.py", line 2971, in validate_data
    X, y = check_X_y(X, y, **check_params)
           ~~~~~~~~~^^^^^^^^^^^^^^^^^^^^^^
  File "/Users/smarthsood/Desktop/Gene_startup/gene_web/apps/model_backend/venv/lib/python3.13/site-packages/sklearn/utils/validation.py", line 1368, in check_X_y
    X = check_array(
        X,
    ...<12 lines>...
        input_name="X",
    )
  File "/Users/smarthsood/Desktop/Gene_startup/gene_web/apps/model_backend/venv/lib/python3.13/site-packages/sklearn/utils/validation.py", line 1053, in check_array
    array = _asarray_with_order(array, order=order, dtype=dtype, xp=xp)
  File "/Users/smarthsood/Desktop/Gene_startup/gene_web/apps/model_backend/venv/lib/python3.13/site-packages/sklearn/utils/_array_api.py", line 757, in _asarray_with_order
    array = numpy.asarray(array, order=order, dtype=dtype)
ValueError: could not convert string to float: 'GSM5571068'

Traceback (most recent call last):
  File "/Users/smarthsood/Desktop/Gene_startup/gene_web/apps/model_backend/pipeline/pipeline.py", line 407, in train
    cv_scores = cross_val_score(pipe, X_tr, y_tr, cv=cv_folds, scoring=scoring, error_score='raise')
  File "/Users/smarthsood/Desktop/Gene_startup/gene_web/apps/model_backend/venv/lib/python3.13/site-packages/sklearn/utils/_param_validation.py", line 218, in wrapper
    return func(*args, **kwargs)
  File "/Users/smarthsood/Desktop/Gene_startup/gene_web/apps/model_backend/venv/lib/python3.13/site-packages/sklearn/model_selection/_validation.py", line 677, in cross_val_score
    cv_results = cross_validate(
        estimator=estimator,
    ...<9 lines>...
        error_score=error_score,
    )
  File "/Users/smarthsood/Desktop/Gene_startup/gene_web/apps/model_backend/venv/lib/python3.13/site-packages/sklearn/utils/_param_validation.py", line 218, in wrapper
    return func(*args, **kwargs)
  File "/Users/smarthsood/Desktop/Gene_startup/gene_web/apps/model_backend/venv/lib/python3.13/site-packages/sklearn/model_selection/_validation.py", line 399, in cross_validate
    results = parallel(
        delayed(_fit_and_score)(
    ...<15 lines>...
        for train, test in indices
    )
  File "/Users/smarthsood/Desktop/Gene_startup/gene_web/apps/model_backend/venv/lib/python3.13/site-packages/sklearn/utils/parallel.py", line 82, in __call__
    return super().__call__(iterable_with_config_and_warning_filters)
           ~~~~~~~~~~~~~~~~^^^^^^^^^^^^^^^^^^^^^^^^^^^^^^^^^^^^^^^^^^
  File "/Users/smarthsood/Desktop/Gene_startup/gene_web/apps/model_backend/venv/lib/python3.13/site-packages/joblib/parallel.py", line 1986, in __call__
    return output if self.return_generator else list(output)
                                                ~~~~^^^^^^^^
  File "/Users/smarthsood/Desktop/Gene_startup/gene_web/apps/model_backend/venv/lib/python3.13/site-packages/joblib/parallel.py", line 1914, in _get_sequential_output
    res = func(*args, **kwargs)
  File "/Users/smarthsood/Desktop/Gene_startup/gene_web/apps/model_backend/venv/lib/python3.13/site-packages/sklearn/utils/parallel.py", line 147, in __call__
    return self.function(*args, **kwargs)
           ~~~~~~~~~~~~~^^^^^^^^^^^^^^^^^
  File "/Users/smarthsood/Desktop/Gene_startup/gene_web/apps/model_backend/venv/lib/python3.13/site-packages/sklearn/model_selection/_validation.py", line 859, in _fit_and_score
    estimator.fit(X_train, y_train, **fit_params)
    ~~~~~~~~~~~~~^^^^^^^^^^^^^^^^^^^^^^^^^^^^^^^^
  File "/Users/smarthsood/Desktop/Gene_startup/gene_web/apps/model_backend/venv/lib/python3.13/site-packages/sklearn/base.py", line 1365, in wrapper
    return fit_method(estimator, *args, **kwargs)
  File "/Users/smarthsood/Desktop/Gene_startup/gene_web/apps/model_backend/venv/lib/python3.13/site-packages/sklearn/pipeline.py", line 663, in fit
    self._final_estimator.fit(Xt, y, **last_step_params["fit"])
    ~~~~~~~~~~~~~~~~~~~~~~~~~^^^^^^^^^^^^^^^^^^^^^^^^^^^^^^^^^^
  File "/Users/smarthsood/Desktop/Gene_startup/gene_web/apps/model_backend/venv/lib/python3.13/site-packages/sklearn/base.py", line 1365, in wrapper
    return fit_method(estimator, *args, **kwargs)
  File "/Users/smarthsood/Desktop/Gene_startup/gene_web/apps/model_backend/venv/lib/python3.13/site-packages/sklearn/ensemble/_forest.py", line 359, in fit
    X, y = validate_data(
           ~~~~~~~~~~~~~^
        self,
        ^^^^^
    ...<5 lines>...
        ensure_all_finite=False,
        ^^^^^^^^^^^^^^^^^^^^^^^^
    )
    ^
  File "/Users/smarthsood/Desktop/Gene_startup/gene_web/apps/model_backend/venv/lib/python3.13/site-packages/sklearn/utils/validation.py", line 2971, in validate_data
    X, y = check_X_y(X, y, **check_params)
           ~~~~~~~~~^^^^^^^^^^^^^^^^^^^^^^
  File "/Users/smarthsood/Desktop/Gene_startup/gene_web/apps/model_backend/venv/lib/python3.13/site-packages/sklearn/utils/validation.py", line 1368, in check_X_y
    X = check_array(
        X,
    ...<12 lines>...
        input_name="X",
    )
  File "/Users/smarthsood/Desktop/Gene_startup/gene_web/apps/model_backend/venv/lib/python3.13/site-packages/sklearn/utils/validation.py", line 1053, in check_array
    array = _asarray_with_order(array, order=order, dtype=dtype, xp=xp)
  File "/Users/smarthsood/Desktop/Gene_startup/gene_web/apps/model_backend/venv/lib/python3.13/site-packages/sklearn/utils/_array_api.py", line 757, in _asarray_with_order
    array = numpy.asarray(array, order=order, dtype=dtype)
ValueError: could not convert string to float: 'GSM5571068'

The above exception was the direct cause of the following exception:

Traceback (most recent call last):
  File "/Users/smarthsood/Desktop/Gene_startup/gene_web/apps/model_backend/workers/train_worker.py", line 172, in _run
    result = train(dataset_path, config, str(out_dir))
  File "/Users/smarthsood/Desktop/Gene_startup/gene_web/apps/model_backend/pipeline/pipeline.py", line 462, in train
    raise ValueError(error_msg) from e
ValueError: Cross-validation failed: could not convert string to float: 'GSM5571068'
Traceback (most recent call last):
  File "/Users/smarthsood/Desktop/Gene_startup/gene_web/apps/model_backend/pipeline/pipeline.py", line 407, in train
    cv_scores = cross_val_score(pipe, X_tr, y_tr, cv=cv_folds, scoring=scoring, error_score='raise')
  File "/Users/smarthsood/Desktop/Gene_startup/gene_web/apps/model_backend/venv/lib/python3.13/site-packages/sklearn/utils/_param_validation.py", line 218, in wrapper
    return func(*args, **kwargs)
  File "/Users/smarthsood/Desktop/Gene_startup/gene_web/apps/model_backend/venv/lib/python3.13/site-packages/sklearn/model_selection/_validation.py", line 677, in cross_val_score
    cv_results = cross_validate(
        estimator=estimator,
    ...<9 lines>...
        error_score=error_score,
    )
  File "/Users/smarthsood/Desktop/Gene_startup/gene_web/apps/model_backend/venv/lib/python3.13/site-packages/sklearn/utils/_param_validation.py", line 218, in wrapper
    return func(*args, **kwargs)
  File "/Users/smarthsood/Desktop/Gene_startup/gene_web/apps/model_backend/venv/lib/python3.13/site-packages/sklearn/model_selection/_validation.py", line 399, in cross_validate
    results = parallel(
        delayed(_fit_and_score)(
    ...<15 lines>...
        for train, test in indices
    )
  File "/Users/smarthsood/Desktop/Gene_startup/gene_web/apps/model_backend/venv/lib/python3.13/site-packages/sklearn/utils/parallel.py", line 82, in __call__
    return super().__call__(iterable_with_config_and_warning_filters)
           ~~~~~~~~~~~~~~~~^^^^^^^^^^^^^^^^^^^^^^^^^^^^^^^^^^^^^^^^^^
  File "/Users/smarthsood/Desktop/Gene_startup/gene_web/apps/model_backend/venv/lib/python3.13/site-packages/joblib/parallel.py", line 1986, in __call__
    return output if self.return_generator else list(output)
                                                ~~~~^^^^^^^^
  File "/Users/smarthsood/Desktop/Gene_startup/gene_web/apps/model_backend/venv/lib/python3.13/site-packages/joblib/parallel.py", line 1914, in _get_sequential_output
    res = func(*args, **kwargs)
  File "/Users/smarthsood/Desktop/Gene_startup/gene_web/apps/model_backend/venv/lib/python3.13/site-packages/sklearn/utils/parallel.py", line 147, in __call__
    return self.function(*args, **kwargs)
           ~~~~~~~~~~~~~^^^^^^^^^^^^^^^^^
  File "/Users/smarthsood/Desktop/Gene_startup/gene_web/apps/model_backend/venv/lib/python3.13/site-packages/sklearn/model_selection/_validation.py", line 859, in _fit_and_score
    estimator.fit(X_train, y_train, **fit_params)
    ~~~~~~~~~~~~~^^^^^^^^^^^^^^^^^^^^^^^^^^^^^^^^
  File "/Users/smarthsood/Desktop/Gene_startup/gene_web/apps/model_backend/venv/lib/python3.13/site-packages/sklearn/base.py", line 1365, in wrapper
    return fit_method(estimator, *args, **kwargs)
  File "/Users/smarthsood/Desktop/Gene_startup/gene_web/apps/model_backend/venv/lib/python3.13/site-packages/sklearn/pipeline.py", line 663, in fit
    self._final_estimator.fit(Xt, y, **last_step_params["fit"])
    ~~~~~~~~~~~~~~~~~~~~~~~~~^^^^^^^^^^^^^^^^^^^^^^^^^^^^^^^^^^
  File "/Users/smarthsood/Desktop/Gene_startup/gene_web/apps/model_backend/venv/lib/python3.13/site-packages/sklearn/base.py", line 1365, in wrapper
    return fit_method(estimator, *args, **kwargs)
  File "/Users/smarthsood/Desktop/Gene_startup/gene_web/apps/model_backend/venv/lib/python3.13/site-packages/sklearn/ensemble/_forest.py", line 359, in fit
    X, y = validate_data(
           ~~~~~~~~~~~~~^
        self,
        ^^^^^
    ...<5 lines>...
        ensure_all_finite=False,
        ^^^^^^^^^^^^^^^^^^^^^^^^
    )
    ^
  File "/Users/smarthsood/Desktop/Gene_startup/gene_web/apps/model_backend/venv/lib/python3.13/site-packages/sklearn/utils/validation.py", line 2971, in validate_data
    X, y = check_X_y(X, y, **check_params)
           ~~~~~~~~~^^^^^^^^^^^^^^^^^^^^^^
  File "/Users/smarthsood/Desktop/Gene_startup/gene_web/apps/model_backend/venv/lib/python3.13/site-packages/sklearn/utils/validation.py", line 1368, in check_X_y
    X = check_array(
        X,
    ...<12 lines>...
        input_name="X",
    )
  File "/Users/smarthsood/Desktop/Gene_startup/gene_web/apps/model_backend/venv/lib/python3.13/site-packages/sklearn/utils/validation.py", line 1053, in check_array
    array = _asarray_with_order(array, order=order, dtype=dtype, xp=xp)
  File "/Users/smarthsood/Desktop/Gene_startup/gene_web/apps/model_backend/venv/lib/python3.13/site-packages/sklearn/utils/_array_api.py", line 757, in _asarray_with_order
    array = numpy.asarray(array, order=order, dtype=dtype)
ValueError: could not convert string to float: 'GSM5571068'


2025-12-18 17:31:45,681 INFO: Prisma update attempt for job a688710b-f934-4427-a937-42f9963e8859; payload (truncated): {"status": "failed", "metrics": "Json"}
2025-12-18 17:31:46,014 INFO: Prisma update successful for job a688710b-f934-4427-a937-42f9963e8859 on attempt 1
2025-12-18 17:31:46,016 INFO: Prisma update attempt for job a688710b-f934-4427-a937-42f9963e8859; payload (truncated): {"status": "failed"}
2025-12-18 17:31:46,230 INFO: Prisma update successful for job a688710b-f934-4427-a937-42f9963e8859 on attempt 1
2025-12-18 17:34:53,015 INFO: Raw metrics from result: <class 'dict'>, keys: ['accuracy', 'precision', 'recall', 'f1', 'roc_auc', 'cv_mean', 'cv_std', 'feature_selection', 'n_features_original', 'n_features_selected']
2025-12-18 17:34:53,015 INFO: Metrics extracted: ['accuracy', 'precision', 'recall', 'f1', 'roc_auc', 'cv_mean', 'cv_std', 'feature_selection', 'n_features_original', 'n_features_selected']
2025-12-18 17:34:53,015 INFO: Metrics to save to DB (keys): ['accuracy', 'precision', 'recall', 'f1', 'roc_auc', 'cv_mean', 'cv_std', 'feature_selection', 'n_features_original', 'n_features_selected']
2025-12-18 17:34:53,015 INFO: Classification metrics found: {'accuracy': 0.7755102040816326, 'precision': 0.7757296466973885, 'recall': 0.7755102040816326, 'f1': 0.7725833488545353, 'roc_auc': 0.8435374149659863}
2025-12-18 17:34:53,016 INFO: Attempting final DB update for job 189d9a2e-1de6-4c26-8d2d-cbafe93fda94; payload (truncated): {"status": "finished", "modelPath": "artifacts/11/189d9a2e-1de6-4c26-8d2d-cbafe93fda94/model.joblib", "metrics": {"accuracy": 0.7755102040816326, "precision": 0.7757296466973885, "recall": 0.7755102040816326, "f1": 0.7725833488545353, "roc_auc": 0.8435374149659863, "cv_mean": 0.8024291497975709, "cv_std": 0.05713205886055927, "feature_selection": {"n_features_original": 1000, "n_features_selected": 1000, "selected_feature_names": [" ACADSB ", " ACOT1 ", " ACOT2 ", " ACP5 ", " ACY3 ", " ADAMTS8 ", " ADSSL1 ", " AKAP10 ", " ALOXE3 ", " ALPK1 ", " ALS2CR11 ", " AMN1 ", " AMOTL1 ", " ANGEL1 ", " ANKEF1 ", " ANKRD40 ", " ANXA4 ", " AP4E1 ", " APBB1 ", " APH1A ", " APOLD1 ", " AQR ", " ARHGAP24 ", " ARHGEF2 ", " ASGR1 ", " ASIC1 ", " ATG4D ", " ATP1A2 ", " ATP2A3 ", " ATP6V1C2 ", " ATP6V1E1 ", " ATP7B ", " ATP8A2 ", " ATXN7 ", " ATXN7L3B ", " AVPR1B ", " B3GAT3 ", " B4GALT6 ", " BAHCC1 ", " BAI2 ", " BBS2 ", " BCAR1 ", " BDNF ", " BEND7 ", " BFSP1 ", " BIN1 ", " BLM ", " BTF3P11 ", " C10orf90 ", " C11orf31 ", " C11orf87 ", " C12orf49 ", " C12orf75 ", " C14orf183 ", " C15orf48 ", " C16orf70 ", " C19orf44 ", " C1orf105 ", " C1orf111 ", " C1orf122 ", " C1orf210 ", " C1orf50 ", " C1QL3 ", " C2CD4B ", " C3orf14 ", " C4orf6 ", " C5AR1 ", " C5orf22 ", " C5orf27 ", " CABP1 ", " CACNA1A ", " CACNA1D ", " CACNG6 ", " CACTIN-AS1 ", " CAMSAP2 ", " CAMSAP3 ", " CARF ", " CARKD ", " CARS2 ", " CASC2 ", " CASP4 ", " CASP9 ", " CBLC ", " CCDC102A ", " CCDC113 ", " CCDC19 ", " CCDC53 ", " CCL7 ", " CCND3 ", " CCNDBP1 ", " CD19 ", " CD2BP2 ", " CD34 ", " CD53 ", " CD74 ", " CD86 ", " CDC123 ", " CDC25B ", " CDH1 ", " CDH20 ", " CDH4 ", " CDH5 ", " CDK12 ", " CDK5R1 ", " CDKN3 ", " CEP170B ", " CEP68 ", " CEP76 ", " CEP95 ", " CHAT ", " CHD8 ", " CHFR ", " CHP2 ", " CHTF18 ", " CHUK ", " CKMT2 ", " CLCA2 ", " CLCA4 ", " CLCNKB ", " CLEC16A ", " CLEC17A ", " CLEC3B ", " CLEC4G ", " CLHC1 ", " CLIC1P1 ", " CMTM4 ", " CMTM5 ", " CNN2 ", " CNN3 ", " CNOT1 ", " CNR2 ", " CNTN2 ", " COG3 ", " COG
2025-12-18 17:34:53,016 INFO: Prisma update attempt for job 189d9a2e-1de6-4c26-8d2d-cbafe93fda94; payload (truncated): {"status": "finished", "modelPath": "artifacts/11/189d9a2e-1de6-4c26-8d2d-cbafe93fda94/model.joblib", "metrics": "Json"}
2025-12-18 17:34:53,387 INFO: Prisma update successful for job 189d9a2e-1de6-4c26-8d2d-cbafe93fda94 on attempt 1
2025-12-18 17:34:53,387 INFO: DB updated to finished for job 189d9a2e-1de6-4c26-8d2d-cbafe93fda94
2025-12-18 17:37:16,227 INFO: Raw metrics from result: <class 'dict'>, keys: ['accuracy', 'precision', 'recall', 'f1', 'roc_auc', 'cv_mean', 'cv_std', 'feature_selection', 'n_features_original', 'n_features_selected']
2025-12-18 17:37:16,228 INFO: Metrics extracted: ['accuracy', 'precision', 'recall', 'f1', 'roc_auc', 'cv_mean', 'cv_std', 'feature_selection', 'n_features_original', 'n_features_selected']
2025-12-18 17:37:16,228 INFO: Metrics to save to DB (keys): ['accuracy', 'precision', 'recall', 'f1', 'roc_auc', 'cv_mean', 'cv_std', 'feature_selection', 'n_features_original', 'n_features_selected']
2025-12-18 17:37:16,228 INFO: Classification metrics found: {'accuracy': 0.7755102040816326, 'precision': 0.7757296466973885, 'recall': 0.7755102040816326, 'f1': 0.7725833488545353, 'roc_auc': 0.8409863945578232}
2025-12-18 17:37:16,229 INFO: Attempting final DB update for job 849c5a54-eeee-423f-8e18-d26588fe89b3; payload (truncated): {"status": "finished", "modelPath": "artifacts/11/849c5a54-eeee-423f-8e18-d26588fe89b3/model.joblib", "metrics": {"accuracy": 0.7755102040816326, "precision": 0.7757296466973885, "recall": 0.7755102040816326, "f1": 0.7725833488545353, "roc_auc": 0.8409863945578232, "cv_mean": 0.8021592442645075, "cv_std": 0.09062899708842018, "feature_selection": {"n_features_original": 1000, "n_features_selected": 500, "selected_feature_names": ["num__ ACADSB ", "num__ ACY3 ", "num__ ADAMTS8 ", "num__ ADSSL1 ", "num__ AKAP10 ", "num__ ALOXE3 ", "num__ ALS2CR11 ", "num__ AMN1 ", "num__ AMOTL1 ", "num__ ANGEL1 ", "num__ ANKRD40 ", "num__ ARHGAP24 ", "num__ ARHGEF2 ", "num__ ASGR1 ", "num__ ASIC1 ", "num__ ATP2A3 ", "num__ ATP8A2 ", "num__ ATXN7 ", "num__ AVPR1B ", "num__ B3GAT3 ", "num__ BDNF ", "num__ BEND7 ", "num__ BIN1 ", "num__ C11orf31 ", "num__ C11orf87 ", "num__ C12orf75 ", "num__ C15orf48 ", "num__ C1orf105 ", "num__ C1orf111 ", "num__ C1orf122 ", "num__ C1orf210 ", "num__ C4orf6 ", "num__ C5orf27 ", "num__ CABP1 ", "num__ CACNA1A ", "num__ CACNA1D ", "num__ CACTIN-AS1 ", "num__ CAMSAP2 ", "num__ CARKD ", "num__ CASP9 ", "num__ CBLC ", "num__ CCDC102A ", "num__ CCDC113 ", "num__ CCDC19 ", "num__ CCDC53 ", "num__ CCND3 ", "num__ CCNDBP1 ", "num__ CD19 ", "num__ CD2BP2 ", "num__ CD34 ", "num__ CD53 ", "num__ CDC123 ", "num__ CDH20 ", "num__ CDH5 ", "num__ CDK12 ", "num__ CHAT ", "num__ CLCA4 ", "num__ CLCNKB ", "num__ CLEC4G ", "num__ CLHC1 ", "num__ CMTM5 ", "num__ CNR2 ", "num__ COQ5 ", "num__ CRYAB ", "num__ CTRC ", "num__ CUTC ", "num__ CX3CL1 ", "num__ CYCSP39 ", "num__ CYFIP2 ", "num__ CYP26C1 ", "num__ DBT ", "num__ DDN ", "num__ DDX18P6 ", "num__ DENND6B ", "num__ DLST ", "num__ DNAJA4 ", "num__ DNAJC27 ", "num__ DNAJC9 ", "num__ DNER ", "num__ DNMT3L ", "num__ DOC2B ", "num__ EIF4E2 ", "num__ ELSPBP1 ", "num__ ENPEP ", "num__ ERCC3 ", "num__ EVPL ", "num__ EXOSC10 ", "num__ FAM24B ", "num__ FAM58BP ", "num__ FANCM ", "num__ FAP ", "num__ FLJ25758 ", "num__ FOXR1 ", "n
2025-12-18 17:37:16,229 INFO: Prisma update attempt for job 849c5a54-eeee-423f-8e18-d26588fe89b3; payload (truncated): {"status": "finished", "modelPath": "artifacts/11/849c5a54-eeee-423f-8e18-d26588fe89b3/model.joblib", "metrics": "Json"}
2025-12-18 17:37:16,518 INFO: Prisma update successful for job 849c5a54-eeee-423f-8e18-d26588fe89b3 on attempt 1
2025-12-18 17:37:16,519 INFO: DB updated to finished for job 849c5a54-eeee-423f-8e18-d26588fe89b3
2025-12-18 17:44:12,146 INFO: Raw metrics from result: <class 'dict'>, keys: ['accuracy', 'precision', 'recall', 'f1', 'roc_auc', 'cv_mean', 'cv_std', 'feature_selection', 'n_features_original', 'n_features_selected', 'warnings', 'warnings_count']
2025-12-18 17:44:12,146 INFO: Metrics extracted: ['accuracy', 'precision', 'recall', 'f1', 'roc_auc', 'cv_mean', 'cv_std', 'feature_selection', 'n_features_original', 'n_features_selected', 'warnings', 'warnings_count']
2025-12-18 17:44:12,147 INFO: Metrics to save to DB (keys): ['accuracy', 'precision', 'recall', 'f1', 'roc_auc', 'cv_mean', 'cv_std', 'feature_selection', 'n_features_original', 'n_features_selected', 'warnings', 'warnings_count']
2025-12-18 17:44:12,147 INFO: Classification metrics found: {'accuracy': 0.7959183673469388, 'precision': 0.8084033613445377, 'recall': 0.7959183673469388, 'f1': 0.7887864823348694, 'roc_auc': 0.8350340136054422}
2025-12-18 17:44:12,147 INFO: Attempting final DB update for job d3940fe3-2570-4062-9c71-c38c1b3e894b; payload (truncated): {"status": "finished", "modelPath": "artifacts/11/d3940fe3-2570-4062-9c71-c38c1b3e894b/model.joblib", "metrics": {"accuracy": 0.7959183673469388, "precision": 0.8084033613445377, "recall": 0.7959183673469388, "f1": 0.7887864823348694, "roc_auc": 0.8350340136054422, "cv_mean": 0.7668016194331984, "cv_std": 0.12268505459240742, "feature_selection": {"n_features_original": 1000, "n_features_selected": 1000, "selected_feature_names": [" ACADSB ", " ACOT1 ", " ACOT2 ", " ACP5 ", " ACY3 ", " ADAMTS8 ", " ADSSL1 ", " AKAP10 ", " ALOXE3 ", " ALPK1 ", " ALS2CR11 ", " AMN1 ", " AMOTL1 ", " ANGEL1 ", " ANKEF1 ", " ANKRD40 ", " ANXA4 ", " AP4E1 ", " APBB1 ", " APH1A ", " APOLD1 ", " AQR ", " ARHGAP24 ", " ARHGEF2 ", " ASGR1 ", " ASIC1 ", " ATG4D ", " ATP1A2 ", " ATP2A3 ", " ATP6V1C2 ", " ATP6V1E1 ", " ATP7B ", " ATP8A2 ", " ATXN7 ", " ATXN7L3B ", " AVPR1B ", " B3GAT3 ", " B4GALT6 ", " BAHCC1 ", " BAI2 ", " BBS2 ", " BCAR1 ", " BDNF ", " BEND7 ", " BFSP1 ", " BIN1 ", " BLM ", " BTF3P11 ", " C10orf90 ", " C11orf31 ", " C11orf87 ", " C12orf49 ", " C12orf75 ", " C14orf183 ", " C15orf48 ", " C16orf70 ", " C19orf44 ", " C1orf105 ", " C1orf111 ", " C1orf122 ", " C1orf210 ", " C1orf50 ", " C1QL3 ", " C2CD4B ", " C3orf14 ", " C4orf6 ", " C5AR1 ", " C5orf22 ", " C5orf27 ", " CABP1 ", " CACNA1A ", " CACNA1D ", " CACNG6 ", " CACTIN-AS1 ", " CAMSAP2 ", " CAMSAP3 ", " CARF ", " CARKD ", " CARS2 ", " CASC2 ", " CASP4 ", " CASP9 ", " CBLC ", " CCDC102A ", " CCDC113 ", " CCDC19 ", " CCDC53 ", " CCL7 ", " CCND3 ", " CCNDBP1 ", " CD19 ", " CD2BP2 ", " CD34 ", " CD53 ", " CD74 ", " CD86 ", " CDC123 ", " CDC25B ", " CDH1 ", " CDH20 ", " CDH4 ", " CDH5 ", " CDK12 ", " CDK5R1 ", " CDKN3 ", " CEP170B ", " CEP68 ", " CEP76 ", " CEP95 ", " CHAT ", " CHD8 ", " CHFR ", " CHP2 ", " CHTF18 ", " CHUK ", " CKMT2 ", " CLCA2 ", " CLCA4 ", " CLCNKB ", " CLEC16A ", " CLEC17A ", " CLEC3B ", " CLEC4G ", " CLHC1 ", " CLIC1P1 ", " CMTM4 ", " CMTM5 ", " CNN2 ", " CNN3 ", " CNOT1 ", " CNR2 ", " CNTN2 ", " COG3 ", " COG
2025-12-18 17:44:12,147 INFO: Prisma update attempt for job d3940fe3-2570-4062-9c71-c38c1b3e894b; payload (truncated): {"status": "finished", "modelPath": "artifacts/11/d3940fe3-2570-4062-9c71-c38c1b3e894b/model.joblib", "metrics": "Json"}
2025-12-18 17:44:12,508 INFO: Prisma update successful for job d3940fe3-2570-4062-9c71-c38c1b3e894b on attempt 1
2025-12-18 17:44:12,509 INFO: DB updated to finished for job d3940fe3-2570-4062-9c71-c38c1b3e894b
2025-12-18 17:47:28,923 INFO: Raw metrics from result: <class 'dict'>, keys: ['accuracy', 'precision', 'recall', 'f1', 'roc_auc', 'cv_mean', 'cv_std', 'feature_selection', 'n_features_original', 'n_features_selected']
2025-12-18 17:47:28,923 INFO: Metrics extracted: ['accuracy', 'precision', 'recall', 'f1', 'roc_auc', 'cv_mean', 'cv_std', 'feature_selection', 'n_features_original', 'n_features_selected']
2025-12-18 17:47:28,924 INFO: Metrics to save to DB (keys): ['accuracy', 'precision', 'recall', 'f1', 'roc_auc', 'cv_mean', 'cv_std', 'feature_selection', 'n_features_original', 'n_features_selected']
2025-12-18 17:47:28,924 INFO: Classification metrics found: {'accuracy': 0.7551020408163265, 'precision': 0.7551020408163265, 'recall': 0.7551020408163265, 'f1': 0.7551020408163265, 'roc_auc': 0.8622448979591837}
2025-12-18 17:47:28,924 INFO: Attempting final DB update for job 6958fb2f-c666-443e-8d70-1cadf4e177fc; payload (truncated): {"status": "finished", "modelPath": "artifacts/11/6958fb2f-c666-443e-8d70-1cadf4e177fc/model.joblib", "metrics": {"accuracy": 0.7551020408163265, "precision": 0.7551020408163265, "recall": 0.7551020408163265, "f1": 0.7551020408163265, "roc_auc": 0.8622448979591837, "cv_mean": 0.7603238866396761, "cv_std": 0.12644102008233032, "feature_selection": {"n_features_original": 1000, "n_features_selected": 1000, "selected_feature_names": [" ACADSB ", " ACOT1 ", " ACOT2 ", " ACP5 ", " ACY3 ", " ADAMTS8 ", " ADSSL1 ", " AKAP10 ", " ALOXE3 ", " ALPK1 ", " ALS2CR11 ", " AMN1 ", " AMOTL1 ", " ANGEL1 ", " ANKEF1 ", " ANKRD40 ", " ANXA4 ", " AP4E1 ", " APBB1 ", " APH1A ", " APOLD1 ", " AQR ", " ARHGAP24 ", " ARHGEF2 ", " ASGR1 ", " ASIC1 ", " ATG4D ", " ATP1A2 ", " ATP2A3 ", " ATP6V1C2 ", " ATP6V1E1 ", " ATP7B ", " ATP8A2 ", " ATXN7 ", " ATXN7L3B ", " AVPR1B ", " B3GAT3 ", " B4GALT6 ", " BAHCC1 ", " BAI2 ", " BBS2 ", " BCAR1 ", " BDNF ", " BEND7 ", " BFSP1 ", " BIN1 ", " BLM ", " BTF3P11 ", " C10orf90 ", " C11orf31 ", " C11orf87 ", " C12orf49 ", " C12orf75 ", " C14orf183 ", " C15orf48 ", " C16orf70 ", " C19orf44 ", " C1orf105 ", " C1orf111 ", " C1orf122 ", " C1orf210 ", " C1orf50 ", " C1QL3 ", " C2CD4B ", " C3orf14 ", " C4orf6 ", " C5AR1 ", " C5orf22 ", " C5orf27 ", " CABP1 ", " CACNA1A ", " CACNA1D ", " CACNG6 ", " CACTIN-AS1 ", " CAMSAP2 ", " CAMSAP3 ", " CARF ", " CARKD ", " CARS2 ", " CASC2 ", " CASP4 ", " CASP9 ", " CBLC ", " CCDC102A ", " CCDC113 ", " CCDC19 ", " CCDC53 ", " CCL7 ", " CCND3 ", " CCNDBP1 ", " CD19 ", " CD2BP2 ", " CD34 ", " CD53 ", " CD74 ", " CD86 ", " CDC123 ", " CDC25B ", " CDH1 ", " CDH20 ", " CDH4 ", " CDH5 ", " CDK12 ", " CDK5R1 ", " CDKN3 ", " CEP170B ", " CEP68 ", " CEP76 ", " CEP95 ", " CHAT ", " CHD8 ", " CHFR ", " CHP2 ", " CHTF18 ", " CHUK ", " CKMT2 ", " CLCA2 ", " CLCA4 ", " CLCNKB ", " CLEC16A ", " CLEC17A ", " CLEC3B ", " CLEC4G ", " CLHC1 ", " CLIC1P1 ", " CMTM4 ", " CMTM5 ", " CNN2 ", " CNN3 ", " CNOT1 ", " CNR2 ", " CNTN2 ", " COG3 ", " COG
2025-12-18 17:47:28,924 INFO: Prisma update attempt for job 6958fb2f-c666-443e-8d70-1cadf4e177fc; payload (truncated): {"status": "finished", "modelPath": "artifacts/11/6958fb2f-c666-443e-8d70-1cadf4e177fc/model.joblib", "metrics": "Json"}
2025-12-18 17:47:29,222 INFO: Prisma update successful for job 6958fb2f-c666-443e-8d70-1cadf4e177fc on attempt 1
2025-12-18 17:47:29,223 INFO: DB updated to finished for job 6958fb2f-c666-443e-8d70-1cadf4e177fc
2025-12-18 18:03:27,059 INFO: Raw metrics from result: <class 'dict'>, keys: ['accuracy', 'precision', 'recall', 'f1', 'roc_auc', 'cv_mean', 'cv_std', 'feature_selection', 'n_features_original', 'n_features_selected']
2025-12-18 18:03:27,060 INFO: Metrics extracted: ['accuracy', 'precision', 'recall', 'f1', 'roc_auc', 'cv_mean', 'cv_std', 'feature_selection', 'n_features_original', 'n_features_selected']
2025-12-18 18:03:27,060 INFO: Metrics to save to DB (keys): ['accuracy', 'precision', 'recall', 'f1', 'roc_auc', 'cv_mean', 'cv_std', 'feature_selection', 'n_features_original', 'n_features_selected']
2025-12-18 18:03:27,060 INFO: Classification metrics found: {'accuracy': 0.8367346938775511, 'precision': 0.837092731829574, 'recall': 0.8367346938775511, 'f1': 0.8354679802955665, 'roc_auc': 0.8639455782312925}
2025-12-18 18:03:27,060 INFO: Attempting final DB update for job 0cefb752-ab5f-4609-9b92-ba6e855a586c; payload (truncated): {"status": "finished", "modelPath": "artifacts/11/0cefb752-ab5f-4609-9b92-ba6e855a586c/model.joblib", "metrics": {"accuracy": 0.8367346938775511, "precision": 0.837092731829574, "recall": 0.8367346938775511, "f1": 0.8354679802955665, "roc_auc": 0.8639455782312925, "cv_mean": 0.8233468286099865, "cv_std": 0.08497567539982971, "feature_selection": {"n_features_original": 1000, "n_features_selected": 1000, "selected_feature_names": [" ACADSB ", " ACOT1 ", " ACOT2 ", " ACP5 ", " ACY3 ", " ADAMTS8 ", " ADSSL1 ", " AKAP10 ", " ALOXE3 ", " ALPK1 ", " ALS2CR11 ", " AMN1 ", " AMOTL1 ", " ANGEL1 ", " ANKEF1 ", " ANKRD40 ", " ANXA4 ", " AP4E1 ", " APBB1 ", " APH1A ", " APOLD1 ", " AQR ", " ARHGAP24 ", " ARHGEF2 ", " ASGR1 ", " ASIC1 ", " ATG4D ", " ATP1A2 ", " ATP2A3 ", " ATP6V1C2 ", " ATP6V1E1 ", " ATP7B ", " ATP8A2 ", " ATXN7 ", " ATXN7L3B ", " AVPR1B ", " B3GAT3 ", " B4GALT6 ", " BAHCC1 ", " BAI2 ", " BBS2 ", " BCAR1 ", " BDNF ", " BEND7 ", " BFSP1 ", " BIN1 ", " BLM ", " BTF3P11 ", " C10orf90 ", " C11orf31 ", " C11orf87 ", " C12orf49 ", " C12orf75 ", " C14orf183 ", " C15orf48 ", " C16orf70 ", " C19orf44 ", " C1orf105 ", " C1orf111 ", " C1orf122 ", " C1orf210 ", " C1orf50 ", " C1QL3 ", " C2CD4B ", " C3orf14 ", " C4orf6 ", " C5AR1 ", " C5orf22 ", " C5orf27 ", " CABP1 ", " CACNA1A ", " CACNA1D ", " CACNG6 ", " CACTIN-AS1 ", " CAMSAP2 ", " CAMSAP3 ", " CARF ", " CARKD ", " CARS2 ", " CASC2 ", " CASP4 ", " CASP9 ", " CBLC ", " CCDC102A ", " CCDC113 ", " CCDC19 ", " CCDC53 ", " CCL7 ", " CCND3 ", " CCNDBP1 ", " CD19 ", " CD2BP2 ", " CD34 ", " CD53 ", " CD74 ", " CD86 ", " CDC123 ", " CDC25B ", " CDH1 ", " CDH20 ", " CDH4 ", " CDH5 ", " CDK12 ", " CDK5R1 ", " CDKN3 ", " CEP170B ", " CEP68 ", " CEP76 ", " CEP95 ", " CHAT ", " CHD8 ", " CHFR ", " CHP2 ", " CHTF18 ", " CHUK ", " CKMT2 ", " CLCA2 ", " CLCA4 ", " CLCNKB ", " CLEC16A ", " CLEC17A ", " CLEC3B ", " CLEC4G ", " CLHC1 ", " CLIC1P1 ", " CMTM4 ", " CMTM5 ", " CNN2 ", " CNN3 ", " CNOT1 ", " CNR2 ", " CNTN2 ", " COG3 ", " COG4
2025-12-18 18:03:27,061 INFO: Prisma update attempt for job 0cefb752-ab5f-4609-9b92-ba6e855a586c; payload (truncated): {"status": "finished", "modelPath": "artifacts/11/0cefb752-ab5f-4609-9b92-ba6e855a586c/model.joblib", "metrics": "Json", "resultsPath": "artifacts/11/0cefb752-ab5f-4609-9b92-ba6e855a586c/ranked_genes.csv"}
2025-12-18 18:03:27,063 WARNING: Warning: update attempt 1/3 failed for job 0cefb752-ab5f-4609-9b92-ba6e855a586c: Could not find field at `updateOneTrainingRun.data.resultsPath`
2025-12-18 18:03:27,065 WARNING: Traceback (most recent call last):
  File "/Users/smarthsood/Desktop/Gene_startup/gene_web/apps/model_backend/workers/db_utils.py", line 200, in update_trainingrun_with_retries
    result = await prisma_client.trainingrun.update(where={"id": job_id}, data=data)
             ^^^^^^^^^^^^^^^^^^^^^^^^^^^^^^^^^^^^^^^^^^^^^^^^^^^^^^^^^^^^^^^^^^^^^^^
  File "/Users/smarthsood/Desktop/Gene_startup/gene_web/packages/db/generated/python/prisma/actions.py", line 1717, in update
    resp = await self._client._execute(
           ^^^^^^^^^^^^^^^^^^^^^^^^^^^^
    ...<7 lines>...
    )
    ^
  File "/Users/smarthsood/Desktop/Gene_startup/gene_web/packages/db/generated/python/prisma/_base_client.py", line 543, in _execute
    return await self._engine.query(builder.build(), tx_id=self._tx_id)
           ^^^^^^^^^^^^^^^^^^^^^^^^^^^^^^^^^^^^^^^^^^^^^^^^^^^^^^^^^^^^
  File "/Users/smarthsood/Desktop/Gene_startup/gene_web/packages/db/generated/python/prisma/engine/_query.py", line 402, in query
    return await self.request(
           ^^^^^^^^^^^^^^^^^^^
    ...<4 lines>...
    )
    ^
  File "/Users/smarthsood/Desktop/Gene_startup/gene_web/packages/db/generated/python/prisma/engine/_http.py", line 233, in request
    return self._process_response_data(data=data, response=response)
           ~~~~~~~~~~~~~~~~~~~~~~~~~~~^^^^^^^^^^^^^^^^^^^^^^^^^^^^^^
  File "/Users/smarthsood/Desktop/Gene_startup/gene_web/packages/db/generated/python/prisma/engine/_http.py", line 87, in _process_response_data
    return utils.handle_response_errors(response, errors_data)
           ~~~~~~~~~~~~~~~~~~~~~~~~~~~~^^^^^^^^^^^^^^^^^^^^^^^
  File "/Users/smarthsood/Desktop/Gene_startup/gene_web/packages/db/generated/python/prisma/engine/utils.py", line 175, in handle_response_errors
    raise exc(error)
prisma.errors.FieldNotFoundError: Could not find field at `updateOneTrainingRun.data.resultsPath`

2025-12-18 18:03:27,065 INFO: Sleeping 0.50s before next update attempt for job 0cefb752-ab5f-4609-9b92-ba6e855a586c
2025-12-18 18:03:27,571 WARNING: Warning: update attempt 2/3 failed for job 0cefb752-ab5f-4609-9b92-ba6e855a586c: Could not find field at `updateOneTrainingRun.data.resultsPath`
2025-12-18 18:03:27,575 WARNING: Traceback (most recent call last):
  File "/Users/smarthsood/Desktop/Gene_startup/gene_web/apps/model_backend/workers/db_utils.py", line 200, in update_trainingrun_with_retries
    result = await prisma_client.trainingrun.update(where={"id": job_id}, data=data)
             ^^^^^^^^^^^^^^^^^^^^^^^^^^^^^^^^^^^^^^^^^^^^^^^^^^^^^^^^^^^^^^^^^^^^^^^
  File "/Users/smarthsood/Desktop/Gene_startup/gene_web/packages/db/generated/python/prisma/actions.py", line 1717, in update
    resp = await self._client._execute(
           ^^^^^^^^^^^^^^^^^^^^^^^^^^^^
    ...<7 lines>...
    )
    ^
  File "/Users/smarthsood/Desktop/Gene_startup/gene_web/packages/db/generated/python/prisma/_base_client.py", line 543, in _execute
    return await self._engine.query(builder.build(), tx_id=self._tx_id)
           ^^^^^^^^^^^^^^^^^^^^^^^^^^^^^^^^^^^^^^^^^^^^^^^^^^^^^^^^^^^^
  File "/Users/smarthsood/Desktop/Gene_startup/gene_web/packages/db/generated/python/prisma/engine/_query.py", line 402, in query
    return await self.request(
           ^^^^^^^^^^^^^^^^^^^
    ...<4 lines>...
    )
    ^
  File "/Users/smarthsood/Desktop/Gene_startup/gene_web/packages/db/generated/python/prisma/engine/_http.py", line 233, in request
    return self._process_response_data(data=data, response=response)
           ~~~~~~~~~~~~~~~~~~~~~~~~~~~^^^^^^^^^^^^^^^^^^^^^^^^^^^^^^
  File "/Users/smarthsood/Desktop/Gene_startup/gene_web/packages/db/generated/python/prisma/engine/_http.py", line 87, in _process_response_data
    return utils.handle_response_errors(response, errors_data)
           ~~~~~~~~~~~~~~~~~~~~~~~~~~~~^^^^^^^^^^^^^^^^^^^^^^^
  File "/Users/smarthsood/Desktop/Gene_startup/gene_web/packages/db/generated/python/prisma/engine/utils.py", line 175, in handle_response_errors
    raise exc(error)
prisma.errors.FieldNotFoundError: Could not find field at `updateOneTrainingRun.data.resultsPath`

2025-12-18 18:03:27,576 INFO: Sleeping 1.00s before next update attempt for job 0cefb752-ab5f-4609-9b92-ba6e855a586c
2025-12-18 18:03:28,585 WARNING: Warning: update attempt 3/3 failed for job 0cefb752-ab5f-4609-9b92-ba6e855a586c: Could not find field at `updateOneTrainingRun.data.resultsPath`
2025-12-18 18:03:28,588 WARNING: Traceback (most recent call last):
  File "/Users/smarthsood/Desktop/Gene_startup/gene_web/apps/model_backend/workers/db_utils.py", line 200, in update_trainingrun_with_retries
    result = await prisma_client.trainingrun.update(where={"id": job_id}, data=data)
             ^^^^^^^^^^^^^^^^^^^^^^^^^^^^^^^^^^^^^^^^^^^^^^^^^^^^^^^^^^^^^^^^^^^^^^^
  File "/Users/smarthsood/Desktop/Gene_startup/gene_web/packages/db/generated/python/prisma/actions.py", line 1717, in update
    resp = await self._client._execute(
           ^^^^^^^^^^^^^^^^^^^^^^^^^^^^
    ...<7 lines>...
    )
    ^
  File "/Users/smarthsood/Desktop/Gene_startup/gene_web/packages/db/generated/python/prisma/_base_client.py", line 543, in _execute
    return await self._engine.query(builder.build(), tx_id=self._tx_id)
           ^^^^^^^^^^^^^^^^^^^^^^^^^^^^^^^^^^^^^^^^^^^^^^^^^^^^^^^^^^^^
  File "/Users/smarthsood/Desktop/Gene_startup/gene_web/packages/db/generated/python/prisma/engine/_query.py", line 402, in query
    return await self.request(
           ^^^^^^^^^^^^^^^^^^^
    ...<4 lines>...
    )
    ^
  File "/Users/smarthsood/Desktop/Gene_startup/gene_web/packages/db/generated/python/prisma/engine/_http.py", line 233, in request
    return self._process_response_data(data=data, response=response)
           ~~~~~~~~~~~~~~~~~~~~~~~~~~~^^^^^^^^^^^^^^^^^^^^^^^^^^^^^^
  File "/Users/smarthsood/Desktop/Gene_startup/gene_web/packages/db/generated/python/prisma/engine/_http.py", line 87, in _process_response_data
    return utils.handle_response_errors(response, errors_data)
           ~~~~~~~~~~~~~~~~~~~~~~~~~~~~^^^^^^^^^^^^^^^^^^^^^^^
  File "/Users/smarthsood/Desktop/Gene_startup/gene_web/packages/db/generated/python/prisma/engine/utils.py", line 175, in handle_response_errors
    raise exc(error)
prisma.errors.FieldNotFoundError: Could not find field at `updateOneTrainingRun.data.resultsPath`

2025-12-18 18:03:28,588 ERROR: Final update attempt failed for job 0cefb752-ab5f-4609-9b92-ba6e855a586c after 3 attempts
2025-12-18 18:03:28,589 ERROR: CRITICAL: final DB update failed for job 0cefb752-ab5f-4609-9b92-ba6e855a586c — see traceback below:
Traceback (most recent call last):
  File "/Users/smarthsood/Desktop/Gene_startup/gene_web/apps/model_backend/workers/train_worker.py", line 317, in _run
    await update_trainingrun_with_retries(prisma, job_id, payload, attempts=3, base_delay=0.5)
  File "/Users/smarthsood/Desktop/Gene_startup/gene_web/apps/model_backend/workers/db_utils.py", line 215, in update_trainingrun_with_retries
    raise last_exc
  File "/Users/smarthsood/Desktop/Gene_startup/gene_web/apps/model_backend/workers/db_utils.py", line 200, in update_trainingrun_with_retries
    result = await prisma_client.trainingrun.update(where={"id": job_id}, data=data)
             ^^^^^^^^^^^^^^^^^^^^^^^^^^^^^^^^^^^^^^^^^^^^^^^^^^^^^^^^^^^^^^^^^^^^^^^
  File "/Users/smarthsood/Desktop/Gene_startup/gene_web/packages/db/generated/python/prisma/actions.py", line 1717, in update
    resp = await self._client._execute(
           ^^^^^^^^^^^^^^^^^^^^^^^^^^^^
    ...<7 lines>...
    )
    ^
  File "/Users/smarthsood/Desktop/Gene_startup/gene_web/packages/db/generated/python/prisma/_base_client.py", line 543, in _execute
    return await self._engine.query(builder.build(), tx_id=self._tx_id)
           ^^^^^^^^^^^^^^^^^^^^^^^^^^^^^^^^^^^^^^^^^^^^^^^^^^^^^^^^^^^^
  File "/Users/smarthsood/Desktop/Gene_startup/gene_web/packages/db/generated/python/prisma/engine/_query.py", line 402, in query
    return await self.request(
           ^^^^^^^^^^^^^^^^^^^
    ...<4 lines>...
    )
    ^
  File "/Users/smarthsood/Desktop/Gene_startup/gene_web/packages/db/generated/python/prisma/engine/_http.py", line 233, in request
    return self._process_response_data(data=data, response=response)
           ~~~~~~~~~~~~~~~~~~~~~~~~~~~^^^^^^^^^^^^^^^^^^^^^^^^^^^^^^
  File "/Users/smarthsood/Desktop/Gene_startup/gene_web/packages/db/generated/python/prisma/engine/_http.py", line 87, in _process_response_data
    return utils.handle_response_errors(response, errors_data)
           ~~~~~~~~~~~~~~~~~~~~~~~~~~~~^^^^^^^^^^^^^^^^^^^^^^^
  File "/Users/smarthsood/Desktop/Gene_startup/gene_web/packages/db/generated/python/prisma/engine/utils.py", line 175, in handle_response_errors
    raise exc(error)
prisma.errors.FieldNotFoundError: Could not find field at `updateOneTrainingRun.data.resultsPath`
2025-12-18 18:03:28,594 INFO: Prisma update attempt for job 0cefb752-ab5f-4609-9b92-ba6e855a586c; payload (truncated): {"status": "failed"}
2025-12-18 18:03:28,832 INFO: Prisma update successful for job 0cefb752-ab5f-4609-9b92-ba6e855a586c on attempt 1
2025-12-18 18:06:51,512 INFO: Raw metrics from result: <class 'dict'>, keys: ['accuracy', 'precision', 'recall', 'f1', 'roc_auc', 'cv_mean', 'cv_std', 'feature_selection', 'n_features_original', 'n_features_selected']
2025-12-18 18:06:51,513 INFO: Metrics extracted: ['accuracy', 'precision', 'recall', 'f1', 'roc_auc', 'cv_mean', 'cv_std', 'feature_selection', 'n_features_original', 'n_features_selected']
2025-12-18 18:06:51,513 INFO: Metrics to save to DB (keys): ['accuracy', 'precision', 'recall', 'f1', 'roc_auc', 'cv_mean', 'cv_std', 'feature_selection', 'n_features_original', 'n_features_selected']
2025-12-18 18:06:51,513 INFO: Classification metrics found: {'accuracy': 0.5714285714285714, 'precision': 0.32653061224489793, 'recall': 0.5714285714285714, 'f1': 0.41558441558441556, 'roc_auc': 0.858843537414966}
2025-12-18 18:06:51,514 INFO: Attempting final DB update for job b4426e93-be9a-4468-875a-e0264394eb30; payload (truncated): {"status": "finished", "modelPath": "artifacts/11/b4426e93-be9a-4468-875a-e0264394eb30/model.joblib", "metrics": {"accuracy": 0.5714285714285714, "precision": 0.32653061224489793, "recall": 0.5714285714285714, "f1": 0.41558441558441556, "roc_auc": 0.858843537414966, "cv_mean": 0.739136302294197, "cv_std": 0.0985521163976899, "feature_selection": {"n_features_original": 1000, "n_features_selected": 1000, "selected_feature_names": [" ACADSB ", " ACOT1 ", " ACOT2 ", " ACP5 ", " ACY3 ", " ADAMTS8 ", " ADSSL1 ", " AKAP10 ", " ALOXE3 ", " ALPK1 ", " ALS2CR11 ", " AMN1 ", " AMOTL1 ", " ANGEL1 ", " ANKEF1 ", " ANKRD40 ", " ANXA4 ", " AP4E1 ", " APBB1 ", " APH1A ", " APOLD1 ", " AQR ", " ARHGAP24 ", " ARHGEF2 ", " ASGR1 ", " ASIC1 ", " ATG4D ", " ATP1A2 ", " ATP2A3 ", " ATP6V1C2 ", " ATP6V1E1 ", " ATP7B ", " ATP8A2 ", " ATXN7 ", " ATXN7L3B ", " AVPR1B ", " B3GAT3 ", " B4GALT6 ", " BAHCC1 ", " BAI2 ", " BBS2 ", " BCAR1 ", " BDNF ", " BEND7 ", " BFSP1 ", " BIN1 ", " BLM ", " BTF3P11 ", " C10orf90 ", " C11orf31 ", " C11orf87 ", " C12orf49 ", " C12orf75 ", " C14orf183 ", " C15orf48 ", " C16orf70 ", " C19orf44 ", " C1orf105 ", " C1orf111 ", " C1orf122 ", " C1orf210 ", " C1orf50 ", " C1QL3 ", " C2CD4B ", " C3orf14 ", " C4orf6 ", " C5AR1 ", " C5orf22 ", " C5orf27 ", " CABP1 ", " CACNA1A ", " CACNA1D ", " CACNG6 ", " CACTIN-AS1 ", " CAMSAP2 ", " CAMSAP3 ", " CARF ", " CARKD ", " CARS2 ", " CASC2 ", " CASP4 ", " CASP9 ", " CBLC ", " CCDC102A ", " CCDC113 ", " CCDC19 ", " CCDC53 ", " CCL7 ", " CCND3 ", " CCNDBP1 ", " CD19 ", " CD2BP2 ", " CD34 ", " CD53 ", " CD74 ", " CD86 ", " CDC123 ", " CDC25B ", " CDH1 ", " CDH20 ", " CDH4 ", " CDH5 ", " CDK12 ", " CDK5R1 ", " CDKN3 ", " CEP170B ", " CEP68 ", " CEP76 ", " CEP95 ", " CHAT ", " CHD8 ", " CHFR ", " CHP2 ", " CHTF18 ", " CHUK ", " CKMT2 ", " CLCA2 ", " CLCA4 ", " CLCNKB ", " CLEC16A ", " CLEC17A ", " CLEC3B ", " CLEC4G ", " CLHC1 ", " CLIC1P1 ", " CMTM4 ", " CMTM5 ", " CNN2 ", " CNN3 ", " CNOT1 ", " CNR2 ", " CNTN2 ", " COG3 ", " COG4
2025-12-18 18:06:51,514 INFO: Prisma update attempt for job b4426e93-be9a-4468-875a-e0264394eb30; payload (truncated): {"status": "finished", "modelPath": "artifacts/11/b4426e93-be9a-4468-875a-e0264394eb30/model.joblib", "metrics": "Json", "resultsPath": "artifacts/11/b4426e93-be9a-4468-875a-e0264394eb30/ranked_genes.csv"}
2025-12-18 18:06:51,794 INFO: Prisma update successful for job b4426e93-be9a-4468-875a-e0264394eb30 on attempt 1
2025-12-18 18:06:51,795 INFO: DB updated to finished for job b4426e93-be9a-4468-875a-e0264394eb30
2026-01-07 16:33:25,877 ERROR: Training error for job 06bcb85f-a5fb-4ffc-9fed-689846a2f948: Training failed: 'y'
Traceback (most recent call last):
  File "/Users/smarthsood/Desktop/Gene_startup/gene_web/apps/model_backend/venv/lib/python3.13/site-packages/pandas/core/indexes/base.py", line 3812, in get_loc
    return self._engine.get_loc(casted_key)
           ~~~~~~~~~~~~~~~~~~~~^^^^^^^^^^^^
  File "pandas/_libs/index.pyx", line 167, in pandas._libs.index.IndexEngine.get_loc
  File "pandas/_libs/index.pyx", line 196, in pandas._libs.index.IndexEngine.get_loc
  File "pandas/_libs/hashtable_class_helper.pxi", line 7088, in pandas._libs.hashtable.PyObjectHashTable.get_item
  File "pandas/_libs/hashtable_class_helper.pxi", line 7096, in pandas._libs.hashtable.PyObjectHashTable.get_item
KeyError: 'y'

The above exception was the direct cause of the following exception:

Traceback (most recent call last):
  File "/Users/smarthsood/Desktop/Gene_startup/gene_web/apps/model_backend/workers/train_worker.py", line 172, in _run
    result = train(dataset_path, config, str(out_dir))
  File "/Users/smarthsood/Desktop/Gene_startup/gene_web/apps/model_backend/pipeline/pipeline.py", line 278, in train
    y = df[target]
        ~~^^^^^^^^
  File "/Users/smarthsood/Desktop/Gene_startup/gene_web/apps/model_backend/venv/lib/python3.13/site-packages/pandas/core/frame.py", line 4113, in __getitem__
    indexer = self.columns.get_loc(key)
  File "/Users/smarthsood/Desktop/Gene_startup/gene_web/apps/model_backend/venv/lib/python3.13/site-packages/pandas/core/indexes/base.py", line 3819, in get_loc
    raise KeyError(key) from err
KeyError: 'y'

2026-01-07 16:33:25,878 INFO: Prisma update attempt for job 06bcb85f-a5fb-4ffc-9fed-689846a2f948; payload (truncated): {"status": "failed", "metrics": "Json"}
2026-01-07 16:33:26,295 INFO: Prisma update successful for job 06bcb85f-a5fb-4ffc-9fed-689846a2f948 on attempt 1
2026-01-07 16:33:26,296 INFO: Prisma update attempt for job 06bcb85f-a5fb-4ffc-9fed-689846a2f948; payload (truncated): {"status": "failed"}
2026-01-07 16:33:26,713 INFO: Prisma update successful for job 06bcb85f-a5fb-4ffc-9fed-689846a2f948 on attempt 1
2026-01-07 16:35:30,528 ERROR: Training error for job c9d76f08-1d78-4f16-bd53-77d5264189c1: Training failed: 'label'
Traceback (most recent call last):
  File "/Users/smarthsood/Desktop/Gene_startup/gene_web/apps/model_backend/venv/lib/python3.13/site-packages/pandas/core/indexes/base.py", line 3812, in get_loc
    return self._engine.get_loc(casted_key)
           ~~~~~~~~~~~~~~~~~~~~^^^^^^^^^^^^
  File "pandas/_libs/index.pyx", line 167, in pandas._libs.index.IndexEngine.get_loc
  File "pandas/_libs/index.pyx", line 196, in pandas._libs.index.IndexEngine.get_loc
  File "pandas/_libs/hashtable_class_helper.pxi", line 7088, in pandas._libs.hashtable.PyObjectHashTable.get_item
  File "pandas/_libs/hashtable_class_helper.pxi", line 7096, in pandas._libs.hashtable.PyObjectHashTable.get_item
KeyError: 'label'

The above exception was the direct cause of the following exception:

Traceback (most recent call last):
  File "/Users/smarthsood/Desktop/Gene_startup/gene_web/apps/model_backend/workers/train_worker.py", line 172, in _run
    result = train(dataset_path, config, str(out_dir))
  File "/Users/smarthsood/Desktop/Gene_startup/gene_web/apps/model_backend/pipeline/pipeline.py", line 278, in train
    y = df[target]
        ~~^^^^^^^^
  File "/Users/smarthsood/Desktop/Gene_startup/gene_web/apps/model_backend/venv/lib/python3.13/site-packages/pandas/core/frame.py", line 4113, in __getitem__
    indexer = self.columns.get_loc(key)
  File "/Users/smarthsood/Desktop/Gene_startup/gene_web/apps/model_backend/venv/lib/python3.13/site-packages/pandas/core/indexes/base.py", line 3819, in get_loc
    raise KeyError(key) from err
KeyError: 'label'

2026-01-07 16:35:30,529 INFO: Prisma update attempt for job c9d76f08-1d78-4f16-bd53-77d5264189c1; payload (truncated): {"status": "failed", "metrics": "Json"}
2026-01-07 16:35:30,909 INFO: Prisma update successful for job c9d76f08-1d78-4f16-bd53-77d5264189c1 on attempt 1
2026-01-07 16:35:30,910 INFO: Prisma update attempt for job c9d76f08-1d78-4f16-bd53-77d5264189c1; payload (truncated): {"status": "failed"}
2026-01-07 16:35:31,383 INFO: Prisma update successful for job c9d76f08-1d78-4f16-bd53-77d5264189c1 on attempt 1
2026-01-07 16:35:59,322 INFO: Raw metrics from result: <class 'dict'>, keys: ['accuracy', 'precision', 'recall', 'f1', 'roc_auc', 'cv_mean', 'cv_std', 'feature_selection', 'n_features_original', 'n_features_selected']
2026-01-07 16:35:59,322 INFO: Metrics extracted: ['accuracy', 'precision', 'recall', 'f1', 'roc_auc', 'cv_mean', 'cv_std', 'feature_selection', 'n_features_original', 'n_features_selected']
2026-01-07 16:35:59,323 INFO: Metrics to save to DB (keys): ['accuracy', 'precision', 'recall', 'f1', 'roc_auc', 'cv_mean', 'cv_std', 'feature_selection', 'n_features_original', 'n_features_selected']
2026-01-07 16:35:59,323 INFO: Classification metrics found: {'accuracy': 0.7959183673469388, 'precision': 0.7993697478991597, 'recall': 0.7959183673469388, 'f1': 0.7919799498746868, 'roc_auc': 0.8452380952380952}
2026-01-07 16:35:59,323 INFO: Attempting final DB update for job 531b66c4-1a31-434e-a65b-44808d541979; payload (truncated): {"status": "finished", "modelPath": "artifacts/11/531b66c4-1a31-434e-a65b-44808d541979/model.joblib", "metrics": {"accuracy": 0.7959183673469388, "precision": 0.7993697478991597, "recall": 0.7959183673469388, "f1": 0.7919799498746868, "roc_auc": 0.8452380952380952, "cv_mean": 0.8074224021592442, "cv_std": 0.06641486208618104, "feature_selection": {"n_features_original": 1000, "n_features_selected": 1000, "selected_feature_names": [" ACADSB ", " ACOT1 ", " ACOT2 ", " ACP5 ", " ACY3 ", " ADAMTS8 ", " ADSSL1 ", " AKAP10 ", " ALOXE3 ", " ALPK1 ", " ALS2CR11 ", " AMN1 ", " AMOTL1 ", " ANGEL1 ", " ANKEF1 ", " ANKRD40 ", " ANXA4 ", " AP4E1 ", " APBB1 ", " APH1A ", " APOLD1 ", " AQR ", " ARHGAP24 ", " ARHGEF2 ", " ASGR1 ", " ASIC1 ", " ATG4D ", " ATP1A2 ", " ATP2A3 ", " ATP6V1C2 ", " ATP6V1E1 ", " ATP7B ", " ATP8A2 ", " ATXN7 ", " ATXN7L3B ", " AVPR1B ", " B3GAT3 ", " B4GALT6 ", " BAHCC1 ", " BAI2 ", " BBS2 ", " BCAR1 ", " BDNF ", " BEND7 ", " BFSP1 ", " BIN1 ", " BLM ", " BTF3P11 ", " C10orf90 ", " C11orf31 ", " C11orf87 ", " C12orf49 ", " C12orf75 ", " C14orf183 ", " C15orf48 ", " C16orf70 ", " C19orf44 ", " C1orf105 ", " C1orf111 ", " C1orf122 ", " C1orf210 ", " C1orf50 ", " C1QL3 ", " C2CD4B ", " C3orf14 ", " C4orf6 ", " C5AR1 ", " C5orf22 ", " C5orf27 ", " CABP1 ", " CACNA1A ", " CACNA1D ", " CACNG6 ", " CACTIN-AS1 ", " CAMSAP2 ", " CAMSAP3 ", " CARF ", " CARKD ", " CARS2 ", " CASC2 ", " CASP4 ", " CASP9 ", " CBLC ", " CCDC102A ", " CCDC113 ", " CCDC19 ", " CCDC53 ", " CCL7 ", " CCND3 ", " CCNDBP1 ", " CD19 ", " CD2BP2 ", " CD34 ", " CD53 ", " CD74 ", " CD86 ", " CDC123 ", " CDC25B ", " CDH1 ", " CDH20 ", " CDH4 ", " CDH5 ", " CDK12 ", " CDK5R1 ", " CDKN3 ", " CEP170B ", " CEP68 ", " CEP76 ", " CEP95 ", " CHAT ", " CHD8 ", " CHFR ", " CHP2 ", " CHTF18 ", " CHUK ", " CKMT2 ", " CLCA2 ", " CLCA4 ", " CLCNKB ", " CLEC16A ", " CLEC17A ", " CLEC3B ", " CLEC4G ", " CLHC1 ", " CLIC1P1 ", " CMTM4 ", " CMTM5 ", " CNN2 ", " CNN3 ", " CNOT1 ", " CNR2 ", " CNTN2 ", " COG3 ", " COG
2026-01-07 16:35:59,323 INFO: Prisma update attempt for job 531b66c4-1a31-434e-a65b-44808d541979; payload (truncated): {"status": "finished", "modelPath": "artifacts/11/531b66c4-1a31-434e-a65b-44808d541979/model.joblib", "metrics": "Json", "resultsPath": "artifacts/11/531b66c4-1a31-434e-a65b-44808d541979/ranked_genes.csv"}
2026-01-07 16:35:59,964 INFO: Prisma update successful for job 531b66c4-1a31-434e-a65b-44808d541979 on attempt 1
2026-01-07 16:35:59,965 INFO: DB updated to finished for job 531b66c4-1a31-434e-a65b-44808d541979
2026-01-07 16:36:20,453 INFO: Raw metrics from result: <class 'dict'>, keys: ['accuracy', 'precision', 'recall', 'f1', 'roc_auc', 'cv_mean', 'cv_std', 'feature_selection', 'n_features_original', 'n_features_selected']
2026-01-07 16:36:20,454 INFO: Metrics extracted: ['accuracy', 'precision', 'recall', 'f1', 'roc_auc', 'cv_mean', 'cv_std', 'feature_selection', 'n_features_original', 'n_features_selected']
2026-01-07 16:36:20,454 INFO: Metrics to save to DB (keys): ['accuracy', 'precision', 'recall', 'f1', 'roc_auc', 'cv_mean', 'cv_std', 'feature_selection', 'n_features_original', 'n_features_selected']
2026-01-07 16:36:20,454 INFO: Classification metrics found: {'accuracy': 0.7959183673469388, 'precision': 0.7954887218045112, 'recall': 0.7959183673469388, 'f1': 0.7943349753694581, 'roc_auc': 0.8503401360544217}
2026-01-07 16:36:20,454 INFO: Attempting final DB update for job 9de54458-241e-4a47-aff6-51f75f579bf1; payload (truncated): {"status": "finished", "modelPath": "artifacts/11/9de54458-241e-4a47-aff6-51f75f579bf1/model.joblib", "metrics": {"accuracy": 0.7959183673469388, "precision": 0.7954887218045112, "recall": 0.7959183673469388, "f1": 0.7943349753694581, "roc_auc": 0.8503401360544217, "cv_mean": 0.8024291497975709, "cv_std": 0.07722718493341846, "feature_selection": {"n_features_original": 1000, "n_features_selected": 1000, "selected_feature_names": [" ACADSB ", " ACOT1 ", " ACOT2 ", " ACP5 ", " ACY3 ", " ADAMTS8 ", " ADSSL1 ", " AKAP10 ", " ALOXE3 ", " ALPK1 ", " ALS2CR11 ", " AMN1 ", " AMOTL1 ", " ANGEL1 ", " ANKEF1 ", " ANKRD40 ", " ANXA4 ", " AP4E1 ", " APBB1 ", " APH1A ", " APOLD1 ", " AQR ", " ARHGAP24 ", " ARHGEF2 ", " ASGR1 ", " ASIC1 ", " ATG4D ", " ATP1A2 ", " ATP2A3 ", " ATP6V1C2 ", " ATP6V1E1 ", " ATP7B ", " ATP8A2 ", " ATXN7 ", " ATXN7L3B ", " AVPR1B ", " B3GAT3 ", " B4GALT6 ", " BAHCC1 ", " BAI2 ", " BBS2 ", " BCAR1 ", " BDNF ", " BEND7 ", " BFSP1 ", " BIN1 ", " BLM ", " BTF3P11 ", " C10orf90 ", " C11orf31 ", " C11orf87 ", " C12orf49 ", " C12orf75 ", " C14orf183 ", " C15orf48 ", " C16orf70 ", " C19orf44 ", " C1orf105 ", " C1orf111 ", " C1orf122 ", " C1orf210 ", " C1orf50 ", " C1QL3 ", " C2CD4B ", " C3orf14 ", " C4orf6 ", " C5AR1 ", " C5orf22 ", " C5orf27 ", " CABP1 ", " CACNA1A ", " CACNA1D ", " CACNG6 ", " CACTIN-AS1 ", " CAMSAP2 ", " CAMSAP3 ", " CARF ", " CARKD ", " CARS2 ", " CASC2 ", " CASP4 ", " CASP9 ", " CBLC ", " CCDC102A ", " CCDC113 ", " CCDC19 ", " CCDC53 ", " CCL7 ", " CCND3 ", " CCNDBP1 ", " CD19 ", " CD2BP2 ", " CD34 ", " CD53 ", " CD74 ", " CD86 ", " CDC123 ", " CDC25B ", " CDH1 ", " CDH20 ", " CDH4 ", " CDH5 ", " CDK12 ", " CDK5R1 ", " CDKN3 ", " CEP170B ", " CEP68 ", " CEP76 ", " CEP95 ", " CHAT ", " CHD8 ", " CHFR ", " CHP2 ", " CHTF18 ", " CHUK ", " CKMT2 ", " CLCA2 ", " CLCA4 ", " CLCNKB ", " CLEC16A ", " CLEC17A ", " CLEC3B ", " CLEC4G ", " CLHC1 ", " CLIC1P1 ", " CMTM4 ", " CMTM5 ", " CNN2 ", " CNN3 ", " CNOT1 ", " CNR2 ", " CNTN2 ", " COG3 ", " COG
2026-01-07 16:36:20,455 INFO: Prisma update attempt for job 9de54458-241e-4a47-aff6-51f75f579bf1; payload (truncated): {"status": "finished", "modelPath": "artifacts/11/9de54458-241e-4a47-aff6-51f75f579bf1/model.joblib", "metrics": "Json", "resultsPath": "artifacts/11/9de54458-241e-4a47-aff6-51f75f579bf1/ranked_genes.csv"}
2026-01-07 16:36:21,060 INFO: Prisma update successful for job 9de54458-241e-4a47-aff6-51f75f579bf1 on attempt 1
2026-01-07 16:36:21,061 INFO: DB updated to finished for job 9de54458-241e-4a47-aff6-51f75f579bf1
2026-05-08 10:19:06,466 ERROR: Training error for job 71ef05ee-1897-41a8-b4d7-99cb57b166fa: Training failed: 'label'
Traceback (most recent call last):
  File "/Users/smarthsood/Desktop/Gene_startup/gene_web/apps/model_backend/venv/lib/python3.13/site-packages/pandas/core/indexes/base.py", line 3812, in get_loc
    return self._engine.get_loc(casted_key)
           ~~~~~~~~~~~~~~~~~~~~^^^^^^^^^^^^
  File "pandas/_libs/index.pyx", line 167, in pandas._libs.index.IndexEngine.get_loc
  File "pandas/_libs/index.pyx", line 196, in pandas._libs.index.IndexEngine.get_loc
  File "pandas/_libs/hashtable_class_helper.pxi", line 7088, in pandas._libs.hashtable.PyObjectHashTable.get_item
  File "pandas/_libs/hashtable_class_helper.pxi", line 7096, in pandas._libs.hashtable.PyObjectHashTable.get_item
KeyError: 'label'

The above exception was the direct cause of the following exception:

Traceback (most recent call last):
  File "/Users/smarthsood/Desktop/Gene_startup/gene_web/apps/model_backend/workers/train_worker.py", line 172, in _run
    result = train(dataset_path, config, str(out_dir))
  File "/Users/smarthsood/Desktop/Gene_startup/gene_web/apps/model_backend/pipeline/pipeline.py", line 278, in train
    y = df[target]
        ~~^^^^^^^^
  File "/Users/smarthsood/Desktop/Gene_startup/gene_web/apps/model_backend/venv/lib/python3.13/site-packages/pandas/core/frame.py", line 4113, in __getitem__
    indexer = self.columns.get_loc(key)
  File "/Users/smarthsood/Desktop/Gene_startup/gene_web/apps/model_backend/venv/lib/python3.13/site-packages/pandas/core/indexes/base.py", line 3819, in get_loc
    raise KeyError(key) from err
KeyError: 'label'

2026-05-08 10:19:06,466 INFO: Prisma update attempt for job 71ef05ee-1897-41a8-b4d7-99cb57b166fa; payload (truncated): {"status": "failed", "metrics": "Json"}
2026-05-08 10:19:06,709 INFO: Prisma update successful for job 71ef05ee-1897-41a8-b4d7-99cb57b166fa on attempt 1
2026-05-08 10:19:06,709 INFO: Prisma update attempt for job 71ef05ee-1897-41a8-b4d7-99cb57b166fa; payload (truncated): {"status": "failed"}
2026-05-08 10:19:06,918 INFO: Prisma update successful for job 71ef05ee-1897-41a8-b4d7-99cb57b166fa on attempt 1
2026-05-08 10:23:29,707 ERROR: Training error for job df6df5b1-5a1e-4d66-b86c-638aca780994: Training failed: 'Label'
Traceback (most recent call last):
  File "/Users/smarthsood/Desktop/Gene_startup/gene_web/apps/model_backend/venv/lib/python3.13/site-packages/pandas/core/indexes/base.py", line 3812, in get_loc
    return self._engine.get_loc(casted_key)
           ~~~~~~~~~~~~~~~~~~~~^^^^^^^^^^^^
  File "pandas/_libs/index.pyx", line 167, in pandas._libs.index.IndexEngine.get_loc
  File "pandas/_libs/index.pyx", line 196, in pandas._libs.index.IndexEngine.get_loc
  File "pandas/_libs/hashtable_class_helper.pxi", line 7088, in pandas._libs.hashtable.PyObjectHashTable.get_item
  File "pandas/_libs/hashtable_class_helper.pxi", line 7096, in pandas._libs.hashtable.PyObjectHashTable.get_item
KeyError: 'Label'

The above exception was the direct cause of the following exception:

Traceback (most recent call last):
  File "/Users/smarthsood/Desktop/Gene_startup/gene_web/apps/model_backend/workers/train_worker.py", line 172, in _run
    result = train(dataset_path, config, str(out_dir))
  File "/Users/smarthsood/Desktop/Gene_startup/gene_web/apps/model_backend/pipeline/pipeline.py", line 278, in train
    y = df[target]
        ~~^^^^^^^^
  File "/Users/smarthsood/Desktop/Gene_startup/gene_web/apps/model_backend/venv/lib/python3.13/site-packages/pandas/core/frame.py", line 4113, in __getitem__
    indexer = self.columns.get_loc(key)
  File "/Users/smarthsood/Desktop/Gene_startup/gene_web/apps/model_backend/venv/lib/python3.13/site-packages/pandas/core/indexes/base.py", line 3819, in get_loc
    raise KeyError(key) from err
KeyError: 'Label'

2026-05-08 10:23:29,708 INFO: Prisma update attempt for job df6df5b1-5a1e-4d66-b86c-638aca780994; payload (truncated): {"status": "failed", "metrics": "Json"}
2026-05-08 10:23:29,923 INFO: Prisma update successful for job df6df5b1-5a1e-4d66-b86c-638aca780994 on attempt 1
2026-05-08 10:23:29,924 INFO: Prisma update attempt for job df6df5b1-5a1e-4d66-b86c-638aca780994; payload (truncated): {"status": "failed"}
2026-05-08 10:23:30,132 INFO: Prisma update successful for job df6df5b1-5a1e-4d66-b86c-638aca780994 on attempt 1
2026-05-08 10:36:30,641 ERROR: Training error for job a59a9cbb-eafa-41a3-8df2-e353b623797e: Training failed: Cross-validation failed: could not convert string to float: 'GSM711937'
Traceback (most recent call last):
  File "/Users/smarthsood/Desktop/Gene_startup/gene_web/apps/model_backend/pipeline/pipeline.py", line 429, in train
    cv_scores = cross_val_score(pipe, X_tr, y_tr, cv=cv_folds, scoring=scoring, error_score='raise')
  File "/Users/smarthsood/Desktop/Gene_startup/gene_web/apps/model_backend/venv/lib/python3.13/site-packages/sklearn/utils/_param_validation.py", line 218, in wrapper
    return func(*args, **kwargs)
  File "/Users/smarthsood/Desktop/Gene_startup/gene_web/apps/model_backend/venv/lib/python3.13/site-packages/sklearn/model_selection/_validation.py", line 677, in cross_val_score
    cv_results = cross_validate(
        estimator=estimator,
    ...<9 lines>...
        error_score=error_score,
    )
  File "/Users/smarthsood/Desktop/Gene_startup/gene_web/apps/model_backend/venv/lib/python3.13/site-packages/sklearn/utils/_param_validation.py", line 218, in wrapper
    return func(*args, **kwargs)
  File "/Users/smarthsood/Desktop/Gene_startup/gene_web/apps/model_backend/venv/lib/python3.13/site-packages/sklearn/model_selection/_validation.py", line 399, in cross_validate
    results = parallel(
        delayed(_fit_and_score)(
    ...<15 lines>...
        for train, test in indices
    )
  File "/Users/smarthsood/Desktop/Gene_startup/gene_web/apps/model_backend/venv/lib/python3.13/site-packages/sklearn/utils/parallel.py", line 82, in __call__
    return super().__call__(iterable_with_config_and_warning_filters)
           ~~~~~~~~~~~~~~~~^^^^^^^^^^^^^^^^^^^^^^^^^^^^^^^^^^^^^^^^^^
  File "/Users/smarthsood/Desktop/Gene_startup/gene_web/apps/model_backend/venv/lib/python3.13/site-packages/joblib/parallel.py", line 1986, in __call__
    return output if self.return_generator else list(output)
                                                ~~~~^^^^^^^^
  File "/Users/smarthsood/Desktop/Gene_startup/gene_web/apps/model_backend/venv/lib/python3.13/site-packages/joblib/parallel.py", line 1914, in _get_sequential_output
    res = func(*args, **kwargs)
  File "/Users/smarthsood/Desktop/Gene_startup/gene_web/apps/model_backend/venv/lib/python3.13/site-packages/sklearn/utils/parallel.py", line 147, in __call__
    return self.function(*args, **kwargs)
           ~~~~~~~~~~~~~^^^^^^^^^^^^^^^^^
  File "/Users/smarthsood/Desktop/Gene_startup/gene_web/apps/model_backend/venv/lib/python3.13/site-packages/sklearn/model_selection/_validation.py", line 859, in _fit_and_score
    estimator.fit(X_train, y_train, **fit_params)
    ~~~~~~~~~~~~~^^^^^^^^^^^^^^^^^^^^^^^^^^^^^^^^
  File "/Users/smarthsood/Desktop/Gene_startup/gene_web/apps/model_backend/venv/lib/python3.13/site-packages/sklearn/base.py", line 1365, in wrapper
    return fit_method(estimator, *args, **kwargs)
  File "/Users/smarthsood/Desktop/Gene_startup/gene_web/apps/model_backend/venv/lib/python3.13/site-packages/sklearn/pipeline.py", line 663, in fit
    self._final_estimator.fit(Xt, y, **last_step_params["fit"])
    ~~~~~~~~~~~~~~~~~~~~~~~~~^^^^^^^^^^^^^^^^^^^^^^^^^^^^^^^^^^
  File "/Users/smarthsood/Desktop/Gene_startup/gene_web/apps/model_backend/venv/lib/python3.13/site-packages/sklearn/base.py", line 1365, in wrapper
    return fit_method(estimator, *args, **kwargs)
  File "/Users/smarthsood/Desktop/Gene_startup/gene_web/apps/model_backend/venv/lib/python3.13/site-packages/sklearn/ensemble/_forest.py", line 359, in fit
    X, y = validate_data(
           ~~~~~~~~~~~~~^
        self,
        ^^^^^
    ...<5 lines>...
        ensure_all_finite=False,
        ^^^^^^^^^^^^^^^^^^^^^^^^
    )
    ^
  File "/Users/smarthsood/Desktop/Gene_startup/gene_web/apps/model_backend/venv/lib/python3.13/site-packages/sklearn/utils/validation.py", line 2971, in validate_data
    X, y = check_X_y(X, y, **check_params)
           ~~~~~~~~~^^^^^^^^^^^^^^^^^^^^^^
  File "/Users/smarthsood/Desktop/Gene_startup/gene_web/apps/model_backend/venv/lib/python3.13/site-packages/sklearn/utils/validation.py", line 1368, in check_X_y
    X = check_array(
        X,
    ...<12 lines>...
        input_name="X",
    )
  File "/Users/smarthsood/Desktop/Gene_startup/gene_web/apps/model_backend/venv/lib/python3.13/site-packages/sklearn/utils/validation.py", line 1053, in check_array
    array = _asarray_with_order(array, order=order, dtype=dtype, xp=xp)
  File "/Users/smarthsood/Desktop/Gene_startup/gene_web/apps/model_backend/venv/lib/python3.13/site-packages/sklearn/utils/_array_api.py", line 757, in _asarray_with_order
    array = numpy.asarray(array, order=order, dtype=dtype)
ValueError: could not convert string to float: 'GSM711937'

Traceback (most recent call last):
  File "/Users/smarthsood/Desktop/Gene_startup/gene_web/apps/model_backend/pipeline/pipeline.py", line 429, in train
    cv_scores = cross_val_score(pipe, X_tr, y_tr, cv=cv_folds, scoring=scoring, error_score='raise')
  File "/Users/smarthsood/Desktop/Gene_startup/gene_web/apps/model_backend/venv/lib/python3.13/site-packages/sklearn/utils/_param_validation.py", line 218, in wrapper
    return func(*args, **kwargs)
  File "/Users/smarthsood/Desktop/Gene_startup/gene_web/apps/model_backend/venv/lib/python3.13/site-packages/sklearn/model_selection/_validation.py", line 677, in cross_val_score
    cv_results = cross_validate(
        estimator=estimator,
    ...<9 lines>...
        error_score=error_score,
    )
  File "/Users/smarthsood/Desktop/Gene_startup/gene_web/apps/model_backend/venv/lib/python3.13/site-packages/sklearn/utils/_param_validation.py", line 218, in wrapper
    return func(*args, **kwargs)
  File "/Users/smarthsood/Desktop/Gene_startup/gene_web/apps/model_backend/venv/lib/python3.13/site-packages/sklearn/model_selection/_validation.py", line 399, in cross_validate
    results = parallel(
        delayed(_fit_and_score)(
    ...<15 lines>...
        for train, test in indices
    )
  File "/Users/smarthsood/Desktop/Gene_startup/gene_web/apps/model_backend/venv/lib/python3.13/site-packages/sklearn/utils/parallel.py", line 82, in __call__
    return super().__call__(iterable_with_config_and_warning_filters)
           ~~~~~~~~~~~~~~~~^^^^^^^^^^^^^^^^^^^^^^^^^^^^^^^^^^^^^^^^^^
  File "/Users/smarthsood/Desktop/Gene_startup/gene_web/apps/model_backend/venv/lib/python3.13/site-packages/joblib/parallel.py", line 1986, in __call__
    return output if self.return_generator else list(output)
                                                ~~~~^^^^^^^^
  File "/Users/smarthsood/Desktop/Gene_startup/gene_web/apps/model_backend/venv/lib/python3.13/site-packages/joblib/parallel.py", line 1914, in _get_sequential_output
    res = func(*args, **kwargs)
  File "/Users/smarthsood/Desktop/Gene_startup/gene_web/apps/model_backend/venv/lib/python3.13/site-packages/sklearn/utils/parallel.py", line 147, in __call__
    return self.function(*args, **kwargs)
           ~~~~~~~~~~~~~^^^^^^^^^^^^^^^^^
  File "/Users/smarthsood/Desktop/Gene_startup/gene_web/apps/model_backend/venv/lib/python3.13/site-packages/sklearn/model_selection/_validation.py", line 859, in _fit_and_score
    estimator.fit(X_train, y_train, **fit_params)
    ~~~~~~~~~~~~~^^^^^^^^^^^^^^^^^^^^^^^^^^^^^^^^
  File "/Users/smarthsood/Desktop/Gene_startup/gene_web/apps/model_backend/venv/lib/python3.13/site-packages/sklearn/base.py", line 1365, in wrapper
    return fit_method(estimator, *args, **kwargs)
  File "/Users/smarthsood/Desktop/Gene_startup/gene_web/apps/model_backend/venv/lib/python3.13/site-packages/sklearn/pipeline.py", line 663, in fit
    self._final_estimator.fit(Xt, y, **last_step_params["fit"])
    ~~~~~~~~~~~~~~~~~~~~~~~~~^^^^^^^^^^^^^^^^^^^^^^^^^^^^^^^^^^
  File "/Users/smarthsood/Desktop/Gene_startup/gene_web/apps/model_backend/venv/lib/python3.13/site-packages/sklearn/base.py", line 1365, in wrapper
    return fit_method(estimator, *args, **kwargs)
  File "/Users/smarthsood/Desktop/Gene_startup/gene_web/apps/model_backend/venv/lib/python3.13/site-packages/sklearn/ensemble/_forest.py", line 359, in fit
    X, y = validate_data(
           ~~~~~~~~~~~~~^
        self,
        ^^^^^
    ...<5 lines>...
        ensure_all_finite=False,
        ^^^^^^^^^^^^^^^^^^^^^^^^
    )
    ^
  File "/Users/smarthsood/Desktop/Gene_startup/gene_web/apps/model_backend/venv/lib/python3.13/site-packages/sklearn/utils/validation.py", line 2971, in validate_data
    X, y = check_X_y(X, y, **check_params)
           ~~~~~~~~~^^^^^^^^^^^^^^^^^^^^^^
  File "/Users/smarthsood/Desktop/Gene_startup/gene_web/apps/model_backend/venv/lib/python3.13/site-packages/sklearn/utils/validation.py", line 1368, in check_X_y
    X = check_array(
        X,
    ...<12 lines>...
        input_name="X",
    )
  File "/Users/smarthsood/Desktop/Gene_startup/gene_web/apps/model_backend/venv/lib/python3.13/site-packages/sklearn/utils/validation.py", line 1053, in check_array
    array = _asarray_with_order(array, order=order, dtype=dtype, xp=xp)
  File "/Users/smarthsood/Desktop/Gene_startup/gene_web/apps/model_backend/venv/lib/python3.13/site-packages/sklearn/utils/_array_api.py", line 757, in _asarray_with_order
    array = numpy.asarray(array, order=order, dtype=dtype)
ValueError: could not convert string to float: 'GSM711937'

The above exception was the direct cause of the following exception:

Traceback (most recent call last):
  File "/Users/smarthsood/Desktop/Gene_startup/gene_web/apps/model_backend/workers/train_worker.py", line 172, in _run
    result = train(dataset_path, config, str(out_dir))
  File "/Users/smarthsood/Desktop/Gene_startup/gene_web/apps/model_backend/pipeline/pipeline.py", line 484, in train
    raise ValueError(error_msg) from e
ValueError: Cross-validation failed: could not convert string to float: 'GSM711937'
Traceback (most recent call last):
  File "/Users/smarthsood/Desktop/Gene_startup/gene_web/apps/model_backend/pipeline/pipeline.py", line 429, in train
    cv_scores = cross_val_score(pipe, X_tr, y_tr, cv=cv_folds, scoring=scoring, error_score='raise')
  File "/Users/smarthsood/Desktop/Gene_startup/gene_web/apps/model_backend/venv/lib/python3.13/site-packages/sklearn/utils/_param_validation.py", line 218, in wrapper
    return func(*args, **kwargs)
  File "/Users/smarthsood/Desktop/Gene_startup/gene_web/apps/model_backend/venv/lib/python3.13/site-packages/sklearn/model_selection/_validation.py", line 677, in cross_val_score
    cv_results = cross_validate(
        estimator=estimator,
    ...<9 lines>...
        error_score=error_score,
    )
  File "/Users/smarthsood/Desktop/Gene_startup/gene_web/apps/model_backend/venv/lib/python3.13/site-packages/sklearn/utils/_param_validation.py", line 218, in wrapper
    return func(*args, **kwargs)
  File "/Users/smarthsood/Desktop/Gene_startup/gene_web/apps/model_backend/venv/lib/python3.13/site-packages/sklearn/model_selection/_validation.py", line 399, in cross_validate
    results = parallel(
        delayed(_fit_and_score)(
    ...<15 lines>...
        for train, test in indices
    )
  File "/Users/smarthsood/Desktop/Gene_startup/gene_web/apps/model_backend/venv/lib/python3.13/site-packages/sklearn/utils/parallel.py", line 82, in __call__
    return super().__call__(iterable_with_config_and_warning_filters)
           ~~~~~~~~~~~~~~~~^^^^^^^^^^^^^^^^^^^^^^^^^^^^^^^^^^^^^^^^^^
  File "/Users/smarthsood/Desktop/Gene_startup/gene_web/apps/model_backend/venv/lib/python3.13/site-packages/joblib/parallel.py", line 1986, in __call__
    return output if self.return_generator else list(output)
                                                ~~~~^^^^^^^^
  File "/Users/smarthsood/Desktop/Gene_startup/gene_web/apps/model_backend/venv/lib/python3.13/site-packages/joblib/parallel.py", line 1914, in _get_sequential_output
    res = func(*args, **kwargs)
  File "/Users/smarthsood/Desktop/Gene_startup/gene_web/apps/model_backend/venv/lib/python3.13/site-packages/sklearn/utils/parallel.py", line 147, in __call__
    return self.function(*args, **kwargs)
           ~~~~~~~~~~~~~^^^^^^^^^^^^^^^^^
  File "/Users/smarthsood/Desktop/Gene_startup/gene_web/apps/model_backend/venv/lib/python3.13/site-packages/sklearn/model_selection/_validation.py", line 859, in _fit_and_score
    estimator.fit(X_train, y_train, **fit_params)
    ~~~~~~~~~~~~~^^^^^^^^^^^^^^^^^^^^^^^^^^^^^^^^
  File "/Users/smarthsood/Desktop/Gene_startup/gene_web/apps/model_backend/venv/lib/python3.13/site-packages/sklearn/base.py", line 1365, in wrapper
    return fit_method(estimator, *args, **kwargs)
  File "/Users/smarthsood/Desktop/Gene_startup/gene_web/apps/model_backend/venv/lib/python3.13/site-packages/sklearn/pipeline.py", line 663, in fit
    self._final_estimator.fit(Xt, y, **last_step_params["fit"])
    ~~~~~~~~~~~~~~~~~~~~~~~~~^^^^^^^^^^^^^^^^^^^^^^^^^^^^^^^^^^
  File "/Users/smarthsood/Desktop/Gene_startup/gene_web/apps/model_backend/venv/lib/python3.13/site-packages/sklearn/base.py", line 1365, in wrapper
    return fit_method(estimator, *args, **kwargs)
  File "/Users/smarthsood/Desktop/Gene_startup/gene_web/apps/model_backend/venv/lib/python3.13/site-packages/sklearn/ensemble/_forest.py", line 359, in fit
    X, y = validate_data(
           ~~~~~~~~~~~~~^
        self,
        ^^^^^
    ...<5 lines>...
        ensure_all_finite=False,
        ^^^^^^^^^^^^^^^^^^^^^^^^
    )
    ^
  File "/Users/smarthsood/Desktop/Gene_startup/gene_web/apps/model_backend/venv/lib/python3.13/site-packages/sklearn/utils/validation.py", line 2971, in validate_data
    X, y = check_X_y(X, y, **check_params)
           ~~~~~~~~~^^^^^^^^^^^^^^^^^^^^^^
  File "/Users/smarthsood/Desktop/Gene_startup/gene_web/apps/model_backend/venv/lib/python3.13/site-packages/sklearn/utils/validation.py", line 1368, in check_X_y
    X = check_array(
        X,
    ...<12 lines>...
        input_name="X",
    )
  File "/Users/smarthsood/Desktop/Gene_startup/gene_web/apps/model_backend/venv/lib/python3.13/site-packages/sklearn/utils/validation.py", line 1053, in check_array
    array = _asarray_with_order(array, order=order, dtype=dtype, xp=xp)
  File "/Users/smarthsood/Desktop/Gene_startup/gene_web/apps/model_backend/venv/lib/python3.13/site-packages/sklearn/utils/_array_api.py", line 757, in _asarray_with_order
    array = numpy.asarray(array, order=order, dtype=dtype)
ValueError: could not convert string to float: 'GSM711937'


2026-05-08 10:36:30,642 INFO: Prisma update attempt for job a59a9cbb-eafa-41a3-8df2-e353b623797e; payload (truncated): {"status": "failed", "metrics": "Json"}
2026-05-08 10:36:31,037 INFO: Prisma update successful for job a59a9cbb-eafa-41a3-8df2-e353b623797e on attempt 1
2026-05-08 10:36:31,037 INFO: Prisma update attempt for job a59a9cbb-eafa-41a3-8df2-e353b623797e; payload (truncated): {"status": "failed"}
2026-05-08 10:36:31,235 INFO: Prisma update successful for job a59a9cbb-eafa-41a3-8df2-e353b623797e on attempt 1
2026-05-08 10:44:23,769 ERROR: Training error for job a2e0c308-dfd4-4db5-9ed7-99bfc6d15bb9: Training failed: Cross-validation failed: could not convert string to float: 'GSM711937'
Traceback (most recent call last):
  File "/Users/smarthsood/Desktop/Gene_startup/gene_web/apps/model_backend/pipeline/pipeline.py", line 429, in train
    cv_scores = cross_val_score(pipe, X_tr, y_tr, cv=cv_folds, scoring=scoring, error_score='raise')
  File "/Users/smarthsood/Desktop/Gene_startup/gene_web/apps/model_backend/venv/lib/python3.13/site-packages/sklearn/utils/_param_validation.py", line 218, in wrapper
    return func(*args, **kwargs)
  File "/Users/smarthsood/Desktop/Gene_startup/gene_web/apps/model_backend/venv/lib/python3.13/site-packages/sklearn/model_selection/_validation.py", line 677, in cross_val_score
    cv_results = cross_validate(
        estimator=estimator,
    ...<9 lines>...
        error_score=error_score,
    )
  File "/Users/smarthsood/Desktop/Gene_startup/gene_web/apps/model_backend/venv/lib/python3.13/site-packages/sklearn/utils/_param_validation.py", line 218, in wrapper
    return func(*args, **kwargs)
  File "/Users/smarthsood/Desktop/Gene_startup/gene_web/apps/model_backend/venv/lib/python3.13/site-packages/sklearn/model_selection/_validation.py", line 399, in cross_validate
    results = parallel(
        delayed(_fit_and_score)(
    ...<15 lines>...
        for train, test in indices
    )
  File "/Users/smarthsood/Desktop/Gene_startup/gene_web/apps/model_backend/venv/lib/python3.13/site-packages/sklearn/utils/parallel.py", line 82, in __call__
    return super().__call__(iterable_with_config_and_warning_filters)
           ~~~~~~~~~~~~~~~~^^^^^^^^^^^^^^^^^^^^^^^^^^^^^^^^^^^^^^^^^^
  File "/Users/smarthsood/Desktop/Gene_startup/gene_web/apps/model_backend/venv/lib/python3.13/site-packages/joblib/parallel.py", line 1986, in __call__
    return output if self.return_generator else list(output)
                                                ~~~~^^^^^^^^
  File "/Users/smarthsood/Desktop/Gene_startup/gene_web/apps/model_backend/venv/lib/python3.13/site-packages/joblib/parallel.py", line 1914, in _get_sequential_output
    res = func(*args, **kwargs)
  File "/Users/smarthsood/Desktop/Gene_startup/gene_web/apps/model_backend/venv/lib/python3.13/site-packages/sklearn/utils/parallel.py", line 147, in __call__
    return self.function(*args, **kwargs)
           ~~~~~~~~~~~~~^^^^^^^^^^^^^^^^^
  File "/Users/smarthsood/Desktop/Gene_startup/gene_web/apps/model_backend/venv/lib/python3.13/site-packages/sklearn/model_selection/_validation.py", line 859, in _fit_and_score
    estimator.fit(X_train, y_train, **fit_params)
    ~~~~~~~~~~~~~^^^^^^^^^^^^^^^^^^^^^^^^^^^^^^^^
  File "/Users/smarthsood/Desktop/Gene_startup/gene_web/apps/model_backend/venv/lib/python3.13/site-packages/sklearn/base.py", line 1365, in wrapper
    return fit_method(estimator, *args, **kwargs)
  File "/Users/smarthsood/Desktop/Gene_startup/gene_web/apps/model_backend/venv/lib/python3.13/site-packages/sklearn/pipeline.py", line 663, in fit
    self._final_estimator.fit(Xt, y, **last_step_params["fit"])
    ~~~~~~~~~~~~~~~~~~~~~~~~~^^^^^^^^^^^^^^^^^^^^^^^^^^^^^^^^^^
  File "/Users/smarthsood/Desktop/Gene_startup/gene_web/apps/model_backend/venv/lib/python3.13/site-packages/sklearn/base.py", line 1365, in wrapper
    return fit_method(estimator, *args, **kwargs)
  File "/Users/smarthsood/Desktop/Gene_startup/gene_web/apps/model_backend/venv/lib/python3.13/site-packages/sklearn/ensemble/_forest.py", line 359, in fit
    X, y = validate_data(
           ~~~~~~~~~~~~~^
        self,
        ^^^^^
    ...<5 lines>...
        ensure_all_finite=False,
        ^^^^^^^^^^^^^^^^^^^^^^^^
    )
    ^
  File "/Users/smarthsood/Desktop/Gene_startup/gene_web/apps/model_backend/venv/lib/python3.13/site-packages/sklearn/utils/validation.py", line 2971, in validate_data
    X, y = check_X_y(X, y, **check_params)
           ~~~~~~~~~^^^^^^^^^^^^^^^^^^^^^^
  File "/Users/smarthsood/Desktop/Gene_startup/gene_web/apps/model_backend/venv/lib/python3.13/site-packages/sklearn/utils/validation.py", line 1368, in check_X_y
    X = check_array(
        X,
    ...<12 lines>...
        input_name="X",
    )
  File "/Users/smarthsood/Desktop/Gene_startup/gene_web/apps/model_backend/venv/lib/python3.13/site-packages/sklearn/utils/validation.py", line 1053, in check_array
    array = _asarray_with_order(array, order=order, dtype=dtype, xp=xp)
  File "/Users/smarthsood/Desktop/Gene_startup/gene_web/apps/model_backend/venv/lib/python3.13/site-packages/sklearn/utils/_array_api.py", line 757, in _asarray_with_order
    array = numpy.asarray(array, order=order, dtype=dtype)
ValueError: could not convert string to float: 'GSM711937'

Traceback (most recent call last):
  File "/Users/smarthsood/Desktop/Gene_startup/gene_web/apps/model_backend/pipeline/pipeline.py", line 429, in train
    cv_scores = cross_val_score(pipe, X_tr, y_tr, cv=cv_folds, scoring=scoring, error_score='raise')
  File "/Users/smarthsood/Desktop/Gene_startup/gene_web/apps/model_backend/venv/lib/python3.13/site-packages/sklearn/utils/_param_validation.py", line 218, in wrapper
    return func(*args, **kwargs)
  File "/Users/smarthsood/Desktop/Gene_startup/gene_web/apps/model_backend/venv/lib/python3.13/site-packages/sklearn/model_selection/_validation.py", line 677, in cross_val_score
    cv_results = cross_validate(
        estimator=estimator,
    ...<9 lines>...
        error_score=error_score,
    )
  File "/Users/smarthsood/Desktop/Gene_startup/gene_web/apps/model_backend/venv/lib/python3.13/site-packages/sklearn/utils/_param_validation.py", line 218, in wrapper
    return func(*args, **kwargs)
  File "/Users/smarthsood/Desktop/Gene_startup/gene_web/apps/model_backend/venv/lib/python3.13/site-packages/sklearn/model_selection/_validation.py", line 399, in cross_validate
    results = parallel(
        delayed(_fit_and_score)(
    ...<15 lines>...
        for train, test in indices
    )
  File "/Users/smarthsood/Desktop/Gene_startup/gene_web/apps/model_backend/venv/lib/python3.13/site-packages/sklearn/utils/parallel.py", line 82, in __call__
    return super().__call__(iterable_with_config_and_warning_filters)
           ~~~~~~~~~~~~~~~~^^^^^^^^^^^^^^^^^^^^^^^^^^^^^^^^^^^^^^^^^^
  File "/Users/smarthsood/Desktop/Gene_startup/gene_web/apps/model_backend/venv/lib/python3.13/site-packages/joblib/parallel.py", line 1986, in __call__
    return output if self.return_generator else list(output)
                                                ~~~~^^^^^^^^
  File "/Users/smarthsood/Desktop/Gene_startup/gene_web/apps/model_backend/venv/lib/python3.13/site-packages/joblib/parallel.py", line 1914, in _get_sequential_output
    res = func(*args, **kwargs)
  File "/Users/smarthsood/Desktop/Gene_startup/gene_web/apps/model_backend/venv/lib/python3.13/site-packages/sklearn/utils/parallel.py", line 147, in __call__
    return self.function(*args, **kwargs)
           ~~~~~~~~~~~~~^^^^^^^^^^^^^^^^^
  File "/Users/smarthsood/Desktop/Gene_startup/gene_web/apps/model_backend/venv/lib/python3.13/site-packages/sklearn/model_selection/_validation.py", line 859, in _fit_and_score
    estimator.fit(X_train, y_train, **fit_params)
    ~~~~~~~~~~~~~^^^^^^^^^^^^^^^^^^^^^^^^^^^^^^^^
  File "/Users/smarthsood/Desktop/Gene_startup/gene_web/apps/model_backend/venv/lib/python3.13/site-packages/sklearn/base.py", line 1365, in wrapper
    return fit_method(estimator, *args, **kwargs)
  File "/Users/smarthsood/Desktop/Gene_startup/gene_web/apps/model_backend/venv/lib/python3.13/site-packages/sklearn/pipeline.py", line 663, in fit
    self._final_estimator.fit(Xt, y, **last_step_params["fit"])
    ~~~~~~~~~~~~~~~~~~~~~~~~~^^^^^^^^^^^^^^^^^^^^^^^^^^^^^^^^^^
  File "/Users/smarthsood/Desktop/Gene_startup/gene_web/apps/model_backend/venv/lib/python3.13/site-packages/sklearn/base.py", line 1365, in wrapper
    return fit_method(estimator, *args, **kwargs)
  File "/Users/smarthsood/Desktop/Gene_startup/gene_web/apps/model_backend/venv/lib/python3.13/site-packages/sklearn/ensemble/_forest.py", line 359, in fit
    X, y = validate_data(
           ~~~~~~~~~~~~~^
        self,
        ^^^^^
    ...<5 lines>...
        ensure_all_finite=False,
        ^^^^^^^^^^^^^^^^^^^^^^^^
    )
    ^
  File "/Users/smarthsood/Desktop/Gene_startup/gene_web/apps/model_backend/venv/lib/python3.13/site-packages/sklearn/utils/validation.py", line 2971, in validate_data
    X, y = check_X_y(X, y, **check_params)
           ~~~~~~~~~^^^^^^^^^^^^^^^^^^^^^^
  File "/Users/smarthsood/Desktop/Gene_startup/gene_web/apps/model_backend/venv/lib/python3.13/site-packages/sklearn/utils/validation.py", line 1368, in check_X_y
    X = check_array(
        X,
    ...<12 lines>...
        input_name="X",
    )
  File "/Users/smarthsood/Desktop/Gene_startup/gene_web/apps/model_backend/venv/lib/python3.13/site-packages/sklearn/utils/validation.py", line 1053, in check_array
    array = _asarray_with_order(array, order=order, dtype=dtype, xp=xp)
  File "/Users/smarthsood/Desktop/Gene_startup/gene_web/apps/model_backend/venv/lib/python3.13/site-packages/sklearn/utils/_array_api.py", line 757, in _asarray_with_order
    array = numpy.asarray(array, order=order, dtype=dtype)
ValueError: could not convert string to float: 'GSM711937'

The above exception was the direct cause of the following exception:

Traceback (most recent call last):
  File "/Users/smarthsood/Desktop/Gene_startup/gene_web/apps/model_backend/workers/train_worker.py", line 172, in _run
    result = train(dataset_path, config, str(out_dir))
  File "/Users/smarthsood/Desktop/Gene_startup/gene_web/apps/model_backend/pipeline/pipeline.py", line 484, in train
    raise ValueError(error_msg) from e
ValueError: Cross-validation failed: could not convert string to float: 'GSM711937'
Traceback (most recent call last):
  File "/Users/smarthsood/Desktop/Gene_startup/gene_web/apps/model_backend/pipeline/pipeline.py", line 429, in train
    cv_scores = cross_val_score(pipe, X_tr, y_tr, cv=cv_folds, scoring=scoring, error_score='raise')
  File "/Users/smarthsood/Desktop/Gene_startup/gene_web/apps/model_backend/venv/lib/python3.13/site-packages/sklearn/utils/_param_validation.py", line 218, in wrapper
    return func(*args, **kwargs)
  File "/Users/smarthsood/Desktop/Gene_startup/gene_web/apps/model_backend/venv/lib/python3.13/site-packages/sklearn/model_selection/_validation.py", line 677, in cross_val_score
    cv_results = cross_validate(
        estimator=estimator,
    ...<9 lines>...
        error_score=error_score,
    )
  File "/Users/smarthsood/Desktop/Gene_startup/gene_web/apps/model_backend/venv/lib/python3.13/site-packages/sklearn/utils/_param_validation.py", line 218, in wrapper
    return func(*args, **kwargs)
  File "/Users/smarthsood/Desktop/Gene_startup/gene_web/apps/model_backend/venv/lib/python3.13/site-packages/sklearn/model_selection/_validation.py", line 399, in cross_validate
    results = parallel(
        delayed(_fit_and_score)(
    ...<15 lines>...
        for train, test in indices
    )
  File "/Users/smarthsood/Desktop/Gene_startup/gene_web/apps/model_backend/venv/lib/python3.13/site-packages/sklearn/utils/parallel.py", line 82, in __call__
    return super().__call__(iterable_with_config_and_warning_filters)
           ~~~~~~~~~~~~~~~~^^^^^^^^^^^^^^^^^^^^^^^^^^^^^^^^^^^^^^^^^^
  File "/Users/smarthsood/Desktop/Gene_startup/gene_web/apps/model_backend/venv/lib/python3.13/site-packages/joblib/parallel.py", line 1986, in __call__
    return output if self.return_generator else list(output)
                                                ~~~~^^^^^^^^
  File "/Users/smarthsood/Desktop/Gene_startup/gene_web/apps/model_backend/venv/lib/python3.13/site-packages/joblib/parallel.py", line 1914, in _get_sequential_output
    res = func(*args, **kwargs)
  File "/Users/smarthsood/Desktop/Gene_startup/gene_web/apps/model_backend/venv/lib/python3.13/site-packages/sklearn/utils/parallel.py", line 147, in __call__
    return self.function(*args, **kwargs)
           ~~~~~~~~~~~~~^^^^^^^^^^^^^^^^^
  File "/Users/smarthsood/Desktop/Gene_startup/gene_web/apps/model_backend/venv/lib/python3.13/site-packages/sklearn/model_selection/_validation.py", line 859, in _fit_and_score
    estimator.fit(X_train, y_train, **fit_params)
    ~~~~~~~~~~~~~^^^^^^^^^^^^^^^^^^^^^^^^^^^^^^^^
  File "/Users/smarthsood/Desktop/Gene_startup/gene_web/apps/model_backend/venv/lib/python3.13/site-packages/sklearn/base.py", line 1365, in wrapper
    return fit_method(estimator, *args, **kwargs)
  File "/Users/smarthsood/Desktop/Gene_startup/gene_web/apps/model_backend/venv/lib/python3.13/site-packages/sklearn/pipeline.py", line 663, in fit
    self._final_estimator.fit(Xt, y, **last_step_params["fit"])
    ~~~~~~~~~~~~~~~~~~~~~~~~~^^^^^^^^^^^^^^^^^^^^^^^^^^^^^^^^^^
  File "/Users/smarthsood/Desktop/Gene_startup/gene_web/apps/model_backend/venv/lib/python3.13/site-packages/sklearn/base.py", line 1365, in wrapper
    return fit_method(estimator, *args, **kwargs)
  File "/Users/smarthsood/Desktop/Gene_startup/gene_web/apps/model_backend/venv/lib/python3.13/site-packages/sklearn/ensemble/_forest.py", line 359, in fit
    X, y = validate_data(
           ~~~~~~~~~~~~~^
        self,
        ^^^^^
    ...<5 lines>...
        ensure_all_finite=False,
        ^^^^^^^^^^^^^^^^^^^^^^^^
    )
    ^
  File "/Users/smarthsood/Desktop/Gene_startup/gene_web/apps/model_backend/venv/lib/python3.13/site-packages/sklearn/utils/validation.py", line 2971, in validate_data
    X, y = check_X_y(X, y, **check_params)
           ~~~~~~~~~^^^^^^^^^^^^^^^^^^^^^^
  File "/Users/smarthsood/Desktop/Gene_startup/gene_web/apps/model_backend/venv/lib/python3.13/site-packages/sklearn/utils/validation.py", line 1368, in check_X_y
    X = check_array(
        X,
    ...<12 lines>...
        input_name="X",
    )
  File "/Users/smarthsood/Desktop/Gene_startup/gene_web/apps/model_backend/venv/lib/python3.13/site-packages/sklearn/utils/validation.py", line 1053, in check_array
    array = _asarray_with_order(array, order=order, dtype=dtype, xp=xp)
  File "/Users/smarthsood/Desktop/Gene_startup/gene_web/apps/model_backend/venv/lib/python3.13/site-packages/sklearn/utils/_array_api.py", line 757, in _asarray_with_order
    array = numpy.asarray(array, order=order, dtype=dtype)
ValueError: could not convert string to float: 'GSM711937'


2026-05-08 10:44:23,769 INFO: Prisma update attempt for job a2e0c308-dfd4-4db5-9ed7-99bfc6d15bb9; payload (truncated): {"status": "failed", "metrics": "Json"}
2026-05-08 10:44:24,094 INFO: Prisma update successful for job a2e0c308-dfd4-4db5-9ed7-99bfc6d15bb9 on attempt 1
2026-05-08 10:44:24,095 INFO: Prisma update attempt for job a2e0c308-dfd4-4db5-9ed7-99bfc6d15bb9; payload (truncated): {"status": "failed"}
2026-05-08 10:44:24,313 INFO: Prisma update successful for job a2e0c308-dfd4-4db5-9ed7-99bfc6d15bb9 on attempt 1
2026-05-08 10:48:08,824 INFO: Raw metrics from result: <class 'dict'>, keys: ['accuracy', 'precision', 'recall', 'f1', 'roc_auc', 'cv_mean', 'cv_std', 'feature_selection', 'n_features_original', 'n_features_selected']
2026-05-08 10:48:08,825 INFO: Metrics extracted: ['accuracy', 'precision', 'recall', 'f1', 'roc_auc', 'cv_mean', 'cv_std', 'feature_selection', 'n_features_original', 'n_features_selected']
2026-05-08 10:48:08,828 INFO: Metrics to save to DB (keys): ['accuracy', 'precision', 'recall', 'f1', 'roc_auc', 'cv_mean', 'cv_std', 'feature_selection', 'n_features_original', 'n_features_selected']
2026-05-08 10:48:08,828 INFO: Classification metrics found: {'accuracy': 0.8888888888888888, 'precision': 0.8888888888888888, 'recall': 0.8888888888888888, 'f1': 0.8888888888888888, 'roc_auc': 0.9012345679012346}
2026-05-08 10:48:08,829 INFO: Attempting final DB update for job 53b0dca5-3451-4557-b90f-7137d9e7402c; payload (truncated): {"status": "finished", "modelPath": "artifacts/11/53b0dca5-3451-4557-b90f-7137d9e7402c/model.joblib", "metrics": {"accuracy": 0.8888888888888888, "precision": 0.8888888888888888, "recall": 0.8888888888888888, "f1": 0.8888888888888888, "roc_auc": 0.9012345679012346, "cv_mean": 0.8476190476190476, "cv_std": 0.12192708129011962, "feature_selection": {"n_features_original": 22001, "n_features_selected": 22001, "selected_feature_names": ["KIR2DS21", "KIR2DS27", "KIR2DS26", "KIR2DS25", "KIR2DS24", "KIR2DS23", "KIR2DS22", "A1CF", "A2M", "A2ML1", "A3GALT2", "A4GALT", "A4GNT", "AAAS", "AACS", "AADAC", "AADACL2", "AADACL3", "AADACL4", "AADAT", "AAED1", "AAGAB", "AAK11", "AAK12", "AAMDC", "AAMP", "AANAT", "AAR2", "AARD", "AARS", "AARS2", "AASDH", "AASDHPPT1", "AASDHPPT2", "AASS", "AATBC", "AATF", "AATK", "AATK-AS1", "ABAT", "ABCA1", "ABCA10", "ABCA11P", "ABCA11P///ZNF141", "ABCA12", "ABCA13", "ABCA2", "ABCA3", "ABCA4", "ABCA5", "ABCA6", "ABCA7", "ABCA8", "ABCA9", "ABCB1", "ABCB10", "ABCB11", "ABCB4", "ABCB5", "ABCB6", "ABCB7", "ABCB81", "ABCB83", "ABCB82", "ABCB9", "ABCC1", "ABCC10", "ABCC11", "ABCC12", "ABCC13///ABCC13", "ABCC2", "ABCC3", "ABCC4", "ABCC5", "ABCC6", "ABCC6P2///ABCC6P1///ABCC6", "ABCC8", "ABCC9", "ABCD1", "ABCD2", "ABCD3", "ABCD4///ABCD4", "ABCE1", "ABCF11", "ABCF13", "ABCF12", "ABCF2", "ABCF3", "ABCG1", "ABCG2", "ABCG4", "ABCG5", "ABCG8", "ABHD1", "ABHD10", "ABHD11", "ABHD12", "ABHD12B", "ABHD13", "ABHD14A", "ABHD14B", "ABHD15", "ABHD16A1", "ABHD16A2", "ABHD16B1", "ABHD17A1", "ABHD17A5", "ABHD17A4", "ABHD17A3", "ABHD17A2", "ABHD17B", "ABHD17C", "ABHD18", "ABHD2", "ABHD3", "ABHD4", "ABHD5", "ABHD6///ABHD6", "ABHD8", "ABI1", "ABI2", "ABI3", "ABI3BP", "ABL1", "ABL2", "ABLIM1", "ABLIM2", "ABLIM3", "ABO", "ABR", "ABRA", "ABRACL", "ABT1", "ABTB1", "ABTB2", "ACAA1", "ACAA2", "ACACA", "ACACB", "ACAD10", "ACAD8", "ACAD9", "ACADL", "ACADM", "ACADS", "ACADSB", "ACADVL", "ACAN", "ACAP2", "ACAP3", "ACAT1", "ACAT2", "ACBD3", "ACBD4", "ACBD5", "ACBD6", "ACBD7", "ACCS", "ACCS
2026-05-08 10:48:08,831 INFO: Prisma update attempt for job 53b0dca5-3451-4557-b90f-7137d9e7402c; payload (truncated): {"status": "finished", "modelPath": "artifacts/11/53b0dca5-3451-4557-b90f-7137d9e7402c/model.joblib", "metrics": "Json", "resultsPath": "artifacts/11/53b0dca5-3451-4557-b90f-7137d9e7402c/ranked_genes.csv"}
2026-05-08 10:48:10,482 INFO: Prisma update successful for job 53b0dca5-3451-4557-b90f-7137d9e7402c on attempt 1
2026-05-08 10:48:10,482 INFO: DB updated to finished for job 53b0dca5-3451-4557-b90f-7137d9e7402c
2026-05-17 22:24:06,739 ERROR: Training error for job 8cc1336b-f3a8-456a-86f8-e715050dc6f0: Training failed: 'label'
Traceback (most recent call last):
  File "/Users/smarthsood/Desktop/Gene_startup/gene_web/apps/model_backend/venv/lib/python3.13/site-packages/pandas/core/indexes/base.py", line 3812, in get_loc
    return self._engine.get_loc(casted_key)
           ~~~~~~~~~~~~~~~~~~~~^^^^^^^^^^^^
  File "pandas/_libs/index.pyx", line 167, in pandas._libs.index.IndexEngine.get_loc
  File "pandas/_libs/index.pyx", line 196, in pandas._libs.index.IndexEngine.get_loc
  File "pandas/_libs/hashtable_class_helper.pxi", line 7088, in pandas._libs.hashtable.PyObjectHashTable.get_item
  File "pandas/_libs/hashtable_class_helper.pxi", line 7096, in pandas._libs.hashtable.PyObjectHashTable.get_item
KeyError: 'label'

The above exception was the direct cause of the following exception:

Traceback (most recent call last):
  File "/Users/smarthsood/Desktop/Gene_startup/gene_web/apps/model_backend/workers/train_worker.py", line 174, in _run
    result = train(dataset_path, config, str(out_dir))
  File "/Users/smarthsood/Desktop/Gene_startup/gene_web/apps/model_backend/pipeline/pipeline.py", line 278, in train
    y = df[target]
        ~~^^^^^^^^
  File "/Users/smarthsood/Desktop/Gene_startup/gene_web/apps/model_backend/venv/lib/python3.13/site-packages/pandas/core/frame.py", line 4113, in __getitem__
    indexer = self.columns.get_loc(key)
  File "/Users/smarthsood/Desktop/Gene_startup/gene_web/apps/model_backend/venv/lib/python3.13/site-packages/pandas/core/indexes/base.py", line 3819, in get_loc
    raise KeyError(key) from err
KeyError: 'label'

2026-05-17 22:24:06,740 INFO: Prisma update attempt for job 8cc1336b-f3a8-456a-86f8-e715050dc6f0; payload (truncated): {"status": "failed", "metrics": "Json"}
2026-05-17 22:24:06,834 INFO: Prisma update successful for job 8cc1336b-f3a8-456a-86f8-e715050dc6f0 on attempt 1
2026-05-17 22:24:06,835 INFO: Prisma update attempt for job 8cc1336b-f3a8-456a-86f8-e715050dc6f0; payload (truncated): {"status": "failed"}
2026-05-17 22:24:06,926 INFO: Prisma update successful for job 8cc1336b-f3a8-456a-86f8-e715050dc6f0 on attempt 1
2026-05-17 22:27:37,674 ERROR: Training error for job 92d98495-a4da-4183-8149-bd1a397d7370: Training failed: With n_samples=0, test_size=0.2 and train_size=None, the resulting train set will be empty. Adjust any of the aforementioned parameters.
Traceback (most recent call last):
  File "/Users/smarthsood/Desktop/Gene_startup/gene_web/apps/model_backend/workers/train_worker.py", line 174, in _run
    result = train(dataset_path, config, str(out_dir))
  File "/Users/smarthsood/Desktop/Gene_startup/gene_web/apps/model_backend/pipeline/pipeline.py", line 286, in train
    X_tr, X_te, y_tr, y_te = train_test_split(X, y, test_size=test_size, random_state=random_state, stratify=y if problem_type=="classification" else None)
                             ~~~~~~~~~~~~~~~~^^^^^^^^^^^^^^^^^^^^^^^^^^^^^^^^^^^^^^^^^^^^^^^^^^^^^^^^^^^^^^^^^^^^^^^^^^^^^^^^^^^^^^^^^^^^^^^^^^^^^^^^^^^^^^
  File "/Users/smarthsood/Desktop/Gene_startup/gene_web/apps/model_backend/venv/lib/python3.13/site-packages/sklearn/utils/_param_validation.py", line 218, in wrapper
    return func(*args, **kwargs)
  File "/Users/smarthsood/Desktop/Gene_startup/gene_web/apps/model_backend/venv/lib/python3.13/site-packages/sklearn/model_selection/_split.py", line 2919, in train_test_split
    n_train, n_test = _validate_shuffle_split(
                      ~~~~~~~~~~~~~~~~~~~~~~~^
        n_samples, test_size, train_size, default_test_size=0.25
        ^^^^^^^^^^^^^^^^^^^^^^^^^^^^^^^^^^^^^^^^^^^^^^^^^^^^^^^^
    )
    ^
  File "/Users/smarthsood/Desktop/Gene_startup/gene_web/apps/model_backend/venv/lib/python3.13/site-packages/sklearn/model_selection/_split.py", line 2499, in _validate_shuffle_split
    raise ValueError(
    ...<3 lines>...
    )
ValueError: With n_samples=0, test_size=0.2 and train_size=None, the resulting train set will be empty. Adjust any of the aforementioned parameters.

2026-05-17 22:27:37,675 INFO: Prisma update attempt for job 92d98495-a4da-4183-8149-bd1a397d7370; payload (truncated): {"status": "failed", "metrics": "Json"}
2026-05-17 22:27:37,775 INFO: Prisma update successful for job 92d98495-a4da-4183-8149-bd1a397d7370 on attempt 1
2026-05-17 22:27:37,776 INFO: Prisma update attempt for job 92d98495-a4da-4183-8149-bd1a397d7370; payload (truncated): {"status": "failed"}
2026-05-17 22:27:37,932 INFO: Prisma update successful for job 92d98495-a4da-4183-8149-bd1a397d7370 on attempt 1
2026-05-17 22:29:56,448 INFO: Prisma update attempt for job d5d9e004-8fd1-42b5-b3a1-d6b40de27b69; payload (truncated): {"status": "failed"}
2026-05-17 22:29:56,574 INFO: Prisma update successful for job d5d9e004-8fd1-42b5-b3a1-d6b40de27b69 on attempt 1
2026-05-17 22:41:48,664 INFO: Prisma update attempt for job 5bd7a042-2ebf-4519-82cf-5091d99fcd3f; payload (truncated): {"status": "failed"}
2026-05-17 22:41:48,760 INFO: Prisma update successful for job 5bd7a042-2ebf-4519-82cf-5091d99fcd3f on attempt 1
2026-05-17 23:07:45,401 INFO: Prisma update attempt for job 97c9ea07-c7a0-4c67-b550-a00cd45ecc0f; payload (truncated): {"status": "failed"}
2026-05-17 23:07:45,592 INFO: Prisma update successful for job 97c9ea07-c7a0-4c67-b550-a00cd45ecc0f on attempt 1
2026-05-17 23:09:15,766 INFO: Raw metrics from result: <class 'dict'>, keys: ['accuracy', 'precision', 'recall', 'f1', 'roc_auc', 'cv_mean', 'cv_std', 'feature_selection', 'n_features_original', 'n_features_selected']
2026-05-17 23:09:15,767 INFO: Metrics extracted: ['accuracy', 'precision', 'recall', 'f1', 'roc_auc', 'cv_mean', 'cv_std', 'feature_selection', 'n_features_original', 'n_features_selected']
2026-05-17 23:09:15,772 INFO: Metrics to save to DB (keys): ['accuracy', 'precision', 'recall', 'f1', 'roc_auc', 'cv_mean', 'cv_std', 'feature_selection', 'n_features_original', 'n_features_selected']
2026-05-17 23:09:15,772 INFO: Classification metrics found: {'accuracy': 0.8888888888888888, 'precision': 0.8888888888888888, 'recall': 0.8888888888888888, 'f1': 0.8888888888888888, 'roc_auc': 0.9135802469135802}
2026-05-17 23:09:15,774 INFO: Attempting final DB update for job 4ce77797-67b4-47ae-9652-d150547cb8a4; payload (truncated): {"status": "finished", "modelPath": "/var/folders/rq/55kjrbb97xl67p2q7xwtc7qc0000gn/T/gene_web_artifacts/11/4ce77797-67b4-47ae-9652-d150547cb8a4/model.joblib", "metrics": {"accuracy": 0.8888888888888888, "precision": 0.8888888888888888, "recall": 0.8888888888888888, "f1": 0.8888888888888888, "roc_auc": 0.9135802469135802, "cv_mean": 0.8333333333333334, "cv_std": 0.14674085940389645, "feature_selection": {"n_features_original": 22001, "n_features_selected": 22001, "selected_feature_names": ["KIR2DS21", "KIR2DS27", "KIR2DS26", "KIR2DS25", "KIR2DS24", "KIR2DS23", "KIR2DS22", "A1CF", "A2M", "A2ML1", "A3GALT2", "A4GALT", "A4GNT", "AAAS", "AACS", "AADAC", "AADACL2", "AADACL3", "AADACL4", "AADAT", "AAED1", "AAGAB", "AAK11", "AAK12", "AAMDC", "AAMP", "AANAT", "AAR2", "AARD", "AARS", "AARS2", "AASDH", "AASDHPPT1", "AASDHPPT2", "AASS", "AATBC", "AATF", "AATK", "AATK-AS1", "ABAT", "ABCA1", "ABCA10", "ABCA11P", "ABCA11P///ZNF141", "ABCA12", "ABCA13", "ABCA2", "ABCA3", "ABCA4", "ABCA5", "ABCA6", "ABCA7", "ABCA8", "ABCA9", "ABCB1", "ABCB10", "ABCB11", "ABCB4", "ABCB5", "ABCB6", "ABCB7", "ABCB81", "ABCB83", "ABCB82", "ABCB9", "ABCC1", "ABCC10", "ABCC11", "ABCC12", "ABCC13///ABCC13", "ABCC2", "ABCC3", "ABCC4", "ABCC5", "ABCC6", "ABCC6P2///ABCC6P1///ABCC6", "ABCC8", "ABCC9", "ABCD1", "ABCD2", "ABCD3", "ABCD4///ABCD4", "ABCE1", "ABCF11", "ABCF13", "ABCF12", "ABCF2", "ABCF3", "ABCG1", "ABCG2", "ABCG4", "ABCG5", "ABCG8", "ABHD1", "ABHD10", "ABHD11", "ABHD12", "ABHD12B", "ABHD13", "ABHD14A", "ABHD14B", "ABHD15", "ABHD16A1", "ABHD16A2", "ABHD16B1", "ABHD17A1", "ABHD17A5", "ABHD17A4", "ABHD17A3", "ABHD17A2", "ABHD17B", "ABHD17C", "ABHD18", "ABHD2", "ABHD3", "ABHD4", "ABHD5", "ABHD6///ABHD6", "ABHD8", "ABI1", "ABI2", "ABI3", "ABI3BP", "ABL1", "ABL2", "ABLIM1", "ABLIM2", "ABLIM3", "ABO", "ABR", "ABRA", "ABRACL", "ABT1", "ABTB1", "ABTB2", "ACAA1", "ACAA2", "ACACA", "ACACB", "ACAD10", "ACAD8", "ACAD9", "ACADL", "ACADM", "ACADS", "ACADSB", "ACADVL", "ACAN", "ACAP2", "ACAP3", "ACAT1", "ACAT2", 
2026-05-17 23:09:15,777 INFO: Prisma update attempt for job 4ce77797-67b4-47ae-9652-d150547cb8a4; payload (truncated): {"status": "finished", "modelPath": "/var/folders/rq/55kjrbb97xl67p2q7xwtc7qc0000gn/T/gene_web_artifacts/11/4ce77797-67b4-47ae-9652-d150547cb8a4/model.joblib", "metrics": "Json", "resultsPath": "/var/folders/rq/55kjrbb97xl67p2q7xwtc7qc0000gn/T/gene_web_artifacts/11/4ce77797-67b4-47ae-9652-d150547cb8a4/ranked_genes.csv"}
2026-05-17 23:09:16,365 INFO: Prisma update successful for job 4ce77797-67b4-47ae-9652-d150547cb8a4 on attempt 1
2026-05-17 23:09:16,365 INFO: DB updated to finished for job 4ce77797-67b4-47ae-9652-d150547cb8a4
2026-05-17 23:12:04,034 INFO: Raw metrics from result: <class 'dict'>, keys: ['accuracy', 'precision', 'recall', 'f1', 'roc_auc', 'cv_mean', 'cv_std', 'feature_selection', 'n_features_original', 'n_features_selected']
2026-05-17 23:12:04,035 INFO: Metrics extracted: ['accuracy', 'precision', 'recall', 'f1', 'roc_auc', 'cv_mean', 'cv_std', 'feature_selection', 'n_features_original', 'n_features_selected']
2026-05-17 23:12:04,042 INFO: Metrics to save to DB (keys): ['accuracy', 'precision', 'recall', 'f1', 'roc_auc', 'cv_mean', 'cv_std', 'feature_selection', 'n_features_original', 'n_features_selected']
2026-05-17 23:12:04,043 INFO: Classification metrics found: {'accuracy': 0.8333333333333334, 'precision': 0.8374999999999999, 'recall': 0.8333333333333334, 'f1': 0.8328173374613003, 'roc_auc': 0.8703703703703703}
2026-05-17 23:12:04,045 INFO: Attempting final DB update for job 37e6b9ab-b475-484a-89ce-5172aeb04355; payload (truncated): {"status": "finished", "modelPath": "/var/folders/rq/55kjrbb97xl67p2q7xwtc7qc0000gn/T/gene_web_artifacts/11/37e6b9ab-b475-484a-89ce-5172aeb04355/model.joblib", "metrics": {"accuracy": 0.8333333333333334, "precision": 0.8374999999999999, "recall": 0.8333333333333334, "f1": 0.8328173374613003, "roc_auc": 0.8703703703703703, "cv_mean": 0.8476190476190476, "cv_std": 0.12192708129011962, "feature_selection": {"n_features_original": 22001, "n_features_selected": 22001, "selected_feature_names": ["num__KIR2DS21", "num__KIR2DS27", "num__KIR2DS26", "num__KIR2DS25", "num__KIR2DS24", "num__KIR2DS23", "num__KIR2DS22", "num__A1CF", "num__A2M", "num__A2ML1", "num__A3GALT2", "num__A4GALT", "num__A4GNT", "num__AAAS", "num__AACS", "num__AADAC", "num__AADACL2", "num__AADACL3", "num__AADACL4", "num__AADAT", "num__AAED1", "num__AAGAB", "num__AAK11", "num__AAK12", "num__AAMDC", "num__AAMP", "num__AANAT", "num__AAR2", "num__AARD", "num__AARS", "num__AARS2", "num__AASDH", "num__AASDHPPT1", "num__AASDHPPT2", "num__AASS", "num__AATBC", "num__AATF", "num__AATK", "num__AATK-AS1", "num__ABAT", "num__ABCA1", "num__ABCA10", "num__ABCA11P", "num__ABCA11P///ZNF141", "num__ABCA12", "num__ABCA13", "num__ABCA2", "num__ABCA3", "num__ABCA4", "num__ABCA5", "num__ABCA6", "num__ABCA7", "num__ABCA8", "num__ABCA9", "num__ABCB1", "num__ABCB10", "num__ABCB11", "num__ABCB4", "num__ABCB5", "num__ABCB6", "num__ABCB7", "num__ABCB81", "num__ABCB83", "num__ABCB82", "num__ABCB9", "num__ABCC1", "num__ABCC10", "num__ABCC11", "num__ABCC12", "num__ABCC13///ABCC13", "num__ABCC2", "num__ABCC3", "num__ABCC4", "num__ABCC5", "num__ABCC6", "num__ABCC6P2///ABCC6P1///ABCC6", "num__ABCC8", "num__ABCC9", "num__ABCD1", "num__ABCD2", "num__ABCD3", "num__ABCD4///ABCD4", "num__ABCE1", "num__ABCF11", "num__ABCF13", "num__ABCF12", "num__ABCF2", "num__ABCF3", "num__ABCG1", "num__ABCG2", "num__ABCG4", "num__ABCG5", "num__ABCG8", "num__ABHD1", "num__ABHD10", "num__ABHD11", "num__ABHD12", "num__ABHD12B", "num__ABHD13", "num__ABHD14A", "num
2026-05-17 23:12:04,050 INFO: Prisma update attempt for job 37e6b9ab-b475-484a-89ce-5172aeb04355; payload (truncated): {"status": "finished", "modelPath": "/var/folders/rq/55kjrbb97xl67p2q7xwtc7qc0000gn/T/gene_web_artifacts/11/37e6b9ab-b475-484a-89ce-5172aeb04355/model.joblib", "metrics": "Json", "resultsPath": "/var/folders/rq/55kjrbb97xl67p2q7xwtc7qc0000gn/T/gene_web_artifacts/11/37e6b9ab-b475-484a-89ce-5172aeb04355/ranked_genes.csv"}
2026-05-17 23:12:04,665 INFO: Prisma update successful for job 37e6b9ab-b475-484a-89ce-5172aeb04355 on attempt 1
2026-05-17 23:12:04,666 INFO: DB updated to finished for job 37e6b9ab-b475-484a-89ce-5172aeb04355
2026-05-17 23:18:06,112 INFO: Raw metrics from result: <class 'dict'>, keys: ['accuracy', 'precision', 'recall', 'f1', 'roc_auc', 'cv_mean', 'cv_std', 'feature_selection', 'n_features_original', 'n_features_selected']
2026-05-17 23:18:06,113 INFO: Metrics extracted: ['accuracy', 'precision', 'recall', 'f1', 'roc_auc', 'cv_mean', 'cv_std', 'feature_selection', 'n_features_original', 'n_features_selected']
2026-05-17 23:18:06,118 INFO: Metrics to save to DB (keys): ['accuracy', 'precision', 'recall', 'f1', 'roc_auc', 'cv_mean', 'cv_std', 'feature_selection', 'n_features_original', 'n_features_selected']
2026-05-17 23:18:06,119 INFO: Classification metrics found: {'accuracy': 0.8333333333333334, 'precision': 0.8374999999999999, 'recall': 0.8333333333333334, 'f1': 0.8328173374613003, 'roc_auc': 0.8765432098765432}
2026-05-17 23:18:06,120 INFO: Attempting final DB update for job 95352c19-ae82-4ddd-be9d-110bd105e92a; payload (truncated): {"status": "finished", "modelPath": "/var/folders/rq/55kjrbb97xl67p2q7xwtc7qc0000gn/T/gene_web_artifacts/11/95352c19-ae82-4ddd-be9d-110bd105e92a/model.joblib", "metrics": {"accuracy": 0.8333333333333334, "precision": 0.8374999999999999, "recall": 0.8333333333333334, "f1": 0.8328173374613003, "roc_auc": 0.8765432098765432, "cv_mean": 0.8476190476190476, "cv_std": 0.12192708129011962, "feature_selection": {"n_features_original": 22001, "n_features_selected": 22001, "selected_feature_names": ["KIR2DS21", "KIR2DS27", "KIR2DS26", "KIR2DS25", "KIR2DS24", "KIR2DS23", "KIR2DS22", "A1CF", "A2M", "A2ML1", "A3GALT2", "A4GALT", "A4GNT", "AAAS", "AACS", "AADAC", "AADACL2", "AADACL3", "AADACL4", "AADAT", "AAED1", "AAGAB", "AAK11", "AAK12", "AAMDC", "AAMP", "AANAT", "AAR2", "AARD", "AARS", "AARS2", "AASDH", "AASDHPPT1", "AASDHPPT2", "AASS", "AATBC", "AATF", "AATK", "AATK-AS1", "ABAT", "ABCA1", "ABCA10", "ABCA11P", "ABCA11P///ZNF141", "ABCA12", "ABCA13", "ABCA2", "ABCA3", "ABCA4", "ABCA5", "ABCA6", "ABCA7", "ABCA8", "ABCA9", "ABCB1", "ABCB10", "ABCB11", "ABCB4", "ABCB5", "ABCB6", "ABCB7", "ABCB81", "ABCB83", "ABCB82", "ABCB9", "ABCC1", "ABCC10", "ABCC11", "ABCC12", "ABCC13///ABCC13", "ABCC2", "ABCC3", "ABCC4", "ABCC5", "ABCC6", "ABCC6P2///ABCC6P1///ABCC6", "ABCC8", "ABCC9", "ABCD1", "ABCD2", "ABCD3", "ABCD4///ABCD4", "ABCE1", "ABCF11", "ABCF13", "ABCF12", "ABCF2", "ABCF3", "ABCG1", "ABCG2", "ABCG4", "ABCG5", "ABCG8", "ABHD1", "ABHD10", "ABHD11", "ABHD12", "ABHD12B", "ABHD13", "ABHD14A", "ABHD14B", "ABHD15", "ABHD16A1", "ABHD16A2", "ABHD16B1", "ABHD17A1", "ABHD17A5", "ABHD17A4", "ABHD17A3", "ABHD17A2", "ABHD17B", "ABHD17C", "ABHD18", "ABHD2", "ABHD3", "ABHD4", "ABHD5", "ABHD6///ABHD6", "ABHD8", "ABI1", "ABI2", "ABI3", "ABI3BP", "ABL1", "ABL2", "ABLIM1", "ABLIM2", "ABLIM3", "ABO", "ABR", "ABRA", "ABRACL", "ABT1", "ABTB1", "ABTB2", "ACAA1", "ACAA2", "ACACA", "ACACB", "ACAD10", "ACAD8", "ACAD9", "ACADL", "ACADM", "ACADS", "ACADSB", "ACADVL", "ACAN", "ACAP2", "ACAP3", "ACAT1", "ACAT2", 
2026-05-17 23:18:06,123 INFO: Prisma update attempt for job 95352c19-ae82-4ddd-be9d-110bd105e92a; payload (truncated): {"status": "finished", "modelPath": "/var/folders/rq/55kjrbb97xl67p2q7xwtc7qc0000gn/T/gene_web_artifacts/11/95352c19-ae82-4ddd-be9d-110bd105e92a/model.joblib", "metrics": "Json", "resultsPath": "/var/folders/rq/55kjrbb97xl67p2q7xwtc7qc0000gn/T/gene_web_artifacts/11/95352c19-ae82-4ddd-be9d-110bd105e92a/ranked_genes.csv"}
2026-05-17 23:18:06,880 INFO: Prisma update successful for job 95352c19-ae82-4ddd-be9d-110bd105e92a on attempt 1
2026-05-17 23:18:06,881 INFO: DB updated to finished for job 95352c19-ae82-4ddd-be9d-110bd105e92a
