Gene/Compound,Dataset,Correlation,other_entity_type
TOZASERTIB (GDSC2:1096),Drug sensitivity AUC (Sanger GDSC2),0.384,compound_experiment
BI-2536 (GDSC2:1086),Drug sensitivity AUC (Sanger GDSC2),0.363,compound_experiment
BMS-754807 (GDSC2:2171),Drug sensitivity AUC (Sanger GDSC2),0.353,compound_experiment
ZM-447439 (GDSC2:1050),Drug sensitivity AUC (Sanger GDSC2),0.285,compound_experiment
RO-3306 (GDSC2:1052),Drug sensitivity AUC (Sanger GDSC2),0.248,compound_experiment
KU-55933 (GDSC2:1030),Drug sensitivity AUC (Sanger GDSC2),0.246,compound_experiment
RIBOCICLIB (GDSC2:1632),Drug sensitivity AUC (Sanger GDSC2),-0.212,compound_experiment
brigatinib (BRD:BRD-K56981171-001-01-0),Drug sensitivity AUC (PRISM Repurposing Secondary Screen),0.207,compound_experiment
milademetan (BRD:BRD-K00003406-001-01-9),PRISM Repurposing Public 24Q2,-0.196,compound_experiment
CGM097 (BRD:BRD-K79584249-001-01-3),Drug sensitivity AUC (PRISM Repurposing Secondary Screen),-0.193,compound_experiment
dasatinib (CTRP:52882),Drug sensitivity AUC (CTD^2),0.186,compound_experiment
Mitoguazone - QC Failure (BRD:BRD-K00090637-001-01-9 - QC Failure),PRISM Repurposing Public 24Q2,0.185,compound_experiment
PACLITAXEL (GDSC1:11),Drug sensitivity AUC (Sanger GDSC1),0.182,compound_experiment
SB-216763 (GDSC2:1025),Drug sensitivity AUC (Sanger GDSC2),0.181,compound_experiment
DORAMAPIMOD (GDSC2:1042),Drug sensitivity AUC (Sanger GDSC2),-0.181,compound_experiment
semaxanib (BRD:BRD-K63504947-001-15-4),Drug sensitivity AUC (PRISM Repurposing Secondary Screen),-0.174,compound_experiment
arcyriaflavin-a (BRD:BRD-K72726508-001-02-1),Drug sensitivity AUC (PRISM Repurposing Secondary Screen),-0.171,compound_experiment
ACDPP (BRD:BRD-K68633617-003-02-9),Drug sensitivity AUC (PRISM Repurposing Secondary Screen),-0.171,compound_experiment
SB52334 (GDSC1:304),Drug sensitivity AUC (Sanger GDSC1),-0.17,compound_experiment
alectinib (BRD:BRD-K11267252-001-04-4),Drug sensitivity AUC (PRISM Repurposing Secondary Screen),0.162,compound_experiment
AP26113 (BRD:BRD-K56032964-001-02-1),Drug sensitivity AUC (PRISM Repurposing Secondary Screen),0.162,compound_experiment
GSK2110183 (BRD:BRD-K25412176-001-01-9),Drug sensitivity AUC (PRISM Repurposing Secondary Screen),-0.161,compound_experiment
bafilomycin A1 (CTRP:467037),Drug sensitivity AUC (CTD^2),-0.158,compound_experiment
idasanutlin (BRD:BRD-K62627508-001-01-5),Drug sensitivity AUC (PRISM Repurposing Secondary Screen),-0.158,compound_experiment
brigatinib (BRD:BRD-K56981171-001-02-8),Drug sensitivity AUC (PRISM Repurposing Secondary Screen),0.157,compound_experiment
repsox (BRD:BRD-K80480517-001-02-4),Drug sensitivity AUC (PRISM Repurposing Secondary Screen),0.157,compound_experiment
968 (CTRP:660080),Drug sensitivity AUC (CTD^2),0.156,compound_experiment
XMD8-92 (GDSC1:1164),Drug sensitivity AUC (Sanger GDSC1),0.156,compound_experiment
NVP-TAE226 (BRD:BRD-K21025364-001-05-6),Drug sensitivity AUC (PRISM Repurposing Secondary Screen),0.155,compound_experiment
BRD-K34485477 (CTRP:446716),Drug sensitivity AUC (CTD^2),-0.155,compound_experiment
SB-590885 (GDSC1:1061),Drug sensitivity AUC (Sanger GDSC1),-0.153,compound_experiment
"ML323, GTPL7898, AOB2313, (GDSC2:1629)",Drug sensitivity AUC (Sanger GDSC2),-0.152,compound_experiment
dasatinib (BRD:BRD-K49328571-001-15-0),Drug sensitivity AUC (PRISM Repurposing Secondary Screen),0.151,compound_experiment
AZD8931 (GDSC2:1549),Drug sensitivity AUC (Sanger GDSC2),0.15,compound_experiment
AMG-232 (BRD:BRD-K64925568-001-01-8),Drug sensitivity AUC (PRISM Repurposing Secondary Screen),-0.15,compound_experiment
BRD-K51831558 (CTRP:687661),Drug sensitivity AUC (CTD^2),-0.15,compound_experiment
C188-9 (BRD:BRD-K00003114-001-01-9),PRISM Repurposing Public 24Q2,-0.149,compound_experiment
pyrimethamine (BRD:BRD-K88429204-001-35-1),Drug sensitivity AUC (PRISM Repurposing Secondary Screen),-0.149,compound_experiment
oxaliplatin (BRD:BRD-K78960041-001-05-7),Drug sensitivity AUC (PRISM Repurposing Secondary Screen),-0.148,compound_experiment
BRD-A86708339 (CTRP:687769),Drug sensitivity AUC (CTD^2),-0.148,compound_experiment
GW-441756 (BRD:BRD-K41312087-001-02-7),Drug sensitivity AUC (PRISM Repurposing Secondary Screen),-0.146,compound_experiment
belizatinib (BRD:BRD-K00003245-001-01-9),PRISM Repurposing Public 24Q2,0.146,compound_experiment
KIN001-042 (GDSC1:289),Drug sensitivity AUC (Sanger GDSC1),0.145,compound_experiment
CJ-13610 (BRD:BRD-K00004624-001-01-9),PRISM Repurposing Public 24Q2,-0.144,compound_experiment
KU-57788 (GDSC2:1038),Drug sensitivity AUC (Sanger GDSC2),0.142,compound_experiment
PFI-3 (GDSC1:1530),Drug sensitivity AUC (Sanger GDSC1),0.141,compound_experiment
belinostat (CTRP:60225),Drug sensitivity AUC (CTD^2),-0.14,compound_experiment
FULVESTRANT (GDSC2:1816),Drug sensitivity AUC (Sanger GDSC2),-0.14,compound_experiment
canertinib (CTRP:606138),Drug sensitivity AUC (CTD^2),0.14,compound_experiment
BIBU-1361 (BRD:BRD-K49294207-300-03-8),Drug sensitivity AUC (PRISM Repurposing Secondary Screen),0.14,compound_experiment
DpC (BRD:BRD-K00004636-001-01-9),PRISM Repurposing Public 24Q2,-0.138,compound_experiment
oxyphencyclimine (BRD:BRD-A58193911-003-18-7),Drug sensitivity AUC (PRISM Repurposing Secondary Screen),0.138,compound_experiment
OSI-420 (BRD:BRD-K73309154-003-02-8),Drug sensitivity AUC (PRISM Repurposing Secondary Screen),0.137,compound_experiment
WYE-125132 (BRD:BRD-A45498368-001-07-1),Drug sensitivity AUC (PRISM Repurposing Secondary Screen),-0.136,compound_experiment
YM-201636 (GDSC1:310),Drug sensitivity AUC (Sanger GDSC1),-0.136,compound_experiment
tanaproget (BRD:BRD-K99604664-001-01-1),Drug sensitivity AUC (PRISM Repurposing Secondary Screen),-0.135,compound_experiment
BI-2536 (GDSC1:60),Drug sensitivity AUC (Sanger GDSC1),0.134,compound_experiment
ENTINOSTAT (GDSC1:88),Drug sensitivity AUC (Sanger GDSC1),0.134,compound_experiment
SCH-58261 (BRD:BRD-K81225797-001-02-3),Drug sensitivity AUC (PRISM Repurposing Secondary Screen),-0.133,compound_experiment
JIB04 (BRD:BRD-K76180386-001-01-6),Drug sensitivity AUC (PRISM Repurposing Secondary Screen),-0.132,compound_experiment
afatinib (BRD:BRD-K66175015-001-09-0),Drug sensitivity AUC (PRISM Repurposing Secondary Screen),0.132,compound_experiment
LY2109761 (GDSC2:1852),Drug sensitivity AUC (Sanger GDSC2),-0.132,compound_experiment
"CETUXIMAB, ERBITUX (GDSC1:1114)",Drug sensitivity AUC (Sanger GDSC1),0.131,compound_experiment
sotrastaurin (CTRP:661032),Drug sensitivity AUC (CTD^2),-0.131,compound_experiment
mitoquinone (BRD:BRD-K00003362-066-01-9),PRISM Repurposing Public 24Q2,-0.131,compound_experiment
GSK690693 (GDSC1:326),Drug sensitivity AUC (Sanger GDSC1),-0.13,compound_experiment
mavatrep (BRD:BRD-K00003237-001-01-9),PRISM Repurposing Public 24Q2,-0.13,compound_experiment
KPT-276 (BRD:BRD-K75352575-001-01-3),Drug sensitivity AUC (PRISM Repurposing Secondary Screen),0.13,compound_experiment
U-0126 (BRD:BRD-K18787491-001-08-6),Drug sensitivity AUC (PRISM Repurposing Secondary Screen),-0.13,compound_experiment
flufenamic-acid (BRD:BRD-K44067360-001-30-3),Drug sensitivity AUC (PRISM Repurposing Secondary Screen),-0.13,compound_experiment
BICALUTAMIDE (GDSC1:150),Drug sensitivity AUC (Sanger GDSC1),0.129,compound_experiment
AZD3759 (GDSC2:1915),Drug sensitivity AUC (Sanger GDSC2),0.127,compound_experiment
nutlin-3 (CTRP:411722),Drug sensitivity AUC (CTD^2),-0.127,compound_experiment
MG-132 (CTRP:58948),Drug sensitivity AUC (CTD^2),-0.127,compound_experiment
bosutinib (BRD:BRD-K99964838-001-11-9),Drug sensitivity AUC (PRISM Repurposing Secondary Screen),0.126,compound_experiment
MK-2206 (GDSC1:1053),Drug sensitivity AUC (Sanger GDSC1),-0.125,compound_experiment
AG-14361 (BRD:BRD-K00615600-001-12-9),Drug sensitivity AUC (PRISM Repurposing Secondary Screen),-0.125,compound_experiment
nitrocaramiphen (BRD:BRD-K28453807-003-11-2),Drug sensitivity AUC (PRISM Repurposing Secondary Screen),-0.125,compound_experiment
HG-5-113-01 (GDSC1:1142),Drug sensitivity AUC (Sanger GDSC1),0.123,compound_experiment
AZD7762 (BRD:BRD-K86525559-001-07-8),Drug sensitivity AUC (PRISM Repurposing Secondary Screen),0.123,compound_experiment
mivobulin (BRD:BRD-K39576764-071-01-6),PRISM Repurposing Public 24Q2,-0.122,compound_experiment
GDC-0068 (BRD:BRD-K71480163-001-01-4),Drug sensitivity AUC (PRISM Repurposing Secondary Screen),-0.122,compound_experiment
PF-04217903 (BRD:BRD-K73319509-001-08-0),Drug sensitivity AUC (PRISM Repurposing Secondary Screen),0.122,compound_experiment
"APO866, FK866 (GDSC2:1248)",Drug sensitivity AUC (Sanger GDSC2),-0.122,compound_experiment
triamterene (BRD:BRD-K92049597-001-20-8),Drug sensitivity AUC (PRISM Repurposing Secondary Screen),-0.121,compound_experiment
AFATINIB (GDSC1:1377),Drug sensitivity AUC (Sanger GDSC1),0.12,compound_experiment
"A-443654, KIN001-139 (GDSC1:86)",Drug sensitivity AUC (Sanger GDSC1),0.12,compound_experiment
SGC0946 (GDSC1:1264),Drug sensitivity AUC (Sanger GDSC1),-0.12,compound_experiment
sparfloxacin (BRD:BRD-K07612980-001-05-3),Drug sensitivity AUC (PRISM Repurposing Secondary Screen),0.12,compound_experiment
vandetanib (CTRP:349002),Drug sensitivity AUC (CTD^2),0.12,compound_experiment
GSK-J4 (CTRP:687735),Drug sensitivity AUC (CTD^2),-0.119,compound_experiment
PEVONEDISTAT (GDSC2:1529),Drug sensitivity AUC (Sanger GDSC2),-0.119,compound_experiment
vaborbactam (BRD:BRD-K00003306-001-01-9),PRISM Repurposing Public 24Q2,0.119,compound_experiment
OF-1 (GDSC2:1853),Drug sensitivity AUC (Sanger GDSC2),-0.119,compound_experiment
ku-0063794 (BRD:BRD-K67566344-001-07-5),Drug sensitivity AUC (PRISM Repurposing Secondary Screen),-0.119,compound_experiment
R406 (BRD:BRD-K20285085-074-04-5),Drug sensitivity AUC (PRISM Repurposing Secondary Screen),0.118,compound_experiment
KPT-185 (BRD:BRD-K71467466-001-02-3),Drug sensitivity AUC (PRISM Repurposing Secondary Screen),0.118,compound_experiment
soblidotin (BRD:BRD-K00003174-001-01-9),PRISM Repurposing Public 24Q2,-0.118,compound_experiment
MRS-1220 (BRD:BRD-K37618799-001-03-0),Drug sensitivity AUC (PRISM Repurposing Secondary Screen),-0.118,compound_experiment
M-344 (BRD:BRD-K45528773-001-07-2),Drug sensitivity AUC (PRISM Repurposing Secondary Screen),-0.118,compound_experiment
dacomitinib (BRD:BRD-K57169635-001-04-5),Drug sensitivity AUC (PRISM Repurposing Secondary Screen),0.117,compound_experiment
PD-173074 (GDSC2:1049),Drug sensitivity AUC (Sanger GDSC2),-0.116,compound_experiment
selinexor (BRD:BRD-K21361524-001-01-1),Drug sensitivity AUC (PRISM Repurposing Secondary Screen),0.116,compound_experiment
cyproterone-acetate (BRD:BRD-K41141507-001-16-2),Drug sensitivity AUC (PRISM Repurposing Secondary Screen),0.116,compound_experiment
FH535 (GDSC1:173),Drug sensitivity AUC (Sanger GDSC1),-0.116,compound_experiment
FTI-277 (GDSC1:166),Drug sensitivity AUC (Sanger GDSC1),0.116,compound_experiment
CBB-1007 (CTRP:687721),Drug sensitivity AUC (CTD^2),0.116,compound_experiment
saracatinib (BRD:BRD-K19540840-001-09-4),Drug sensitivity AUC (PRISM Repurposing Secondary Screen),0.115,compound_experiment
AV-412 (BRD:BRD-K23190681-001-01-1),Drug sensitivity AUC (PRISM Repurposing Secondary Screen),0.115,compound_experiment
SKLB-1028 (BRD:BRD-K00004690-001-01-9),PRISM Repurposing Public 24Q2,0.115,compound_experiment
azaguanine-8 (BRD:BRD-K53114651-001-12-7),PRISM Repurposing Public 24Q2,0.115,compound_experiment
cytochalasin B (CTRP:50163),Drug sensitivity AUC (CTD^2),0.114,compound_experiment
IOX2 (GDSC1:1230),Drug sensitivity AUC (Sanger GDSC1),-0.114,compound_experiment
BAY-87-2243 (BRD:BRD-K70463136-001-01-5),Drug sensitivity AUC (PRISM Repurposing Secondary Screen),-0.114,compound_experiment
tetrandrine (BRD:BRD-K08078237-001-19-8),Drug sensitivity AUC (PRISM Repurposing Secondary Screen),0.114,compound_experiment
nutlin-3 (BRD:BRD-A12230535-001-06-7),Drug sensitivity AUC (PRISM Repurposing Secondary Screen),-0.114,compound_experiment
RP-54745 (BRD:BRD-K00073937-001-02-9),PRISM Repurposing Public 24Q2,-0.114,compound_experiment
Maduramicin ammonium - QC Failure (BRD:BRD-K00089584-201-01-9 - QC Failure),PRISM Repurposing Public 24Q2,-0.114,compound_experiment
semagacestat (CTRP:660341),Drug sensitivity AUC (CTD^2),0.113,compound_experiment
oligomycin A (CTRP:411869),Drug sensitivity AUC (CTD^2),-0.113,compound_experiment
FG-4592 (BRD:BRD-K14385366-001-04-4),Drug sensitivity AUC (PRISM Repurposing Secondary Screen),0.113,compound_experiment
enoximone (BRD:BRD-K21152241-001-07-3),Drug sensitivity AUC (PRISM Repurposing Secondary Screen),-0.113,compound_experiment
norethindrone (BRD:BRD-K92073408-001-15-7),Drug sensitivity AUC (PRISM Repurposing Secondary Screen),-0.113,compound_experiment
NIM811 (BRD:BRD-K00003331-001-01-9),PRISM Repurposing Public 24Q2,0.113,compound_experiment
AZD1480 (CTRP:660306),Drug sensitivity AUC (CTD^2),-0.112,compound_experiment
"SABUTOCLAX, BI-97C1 (GDSC2:1849)",Drug sensitivity AUC (Sanger GDSC2),-0.112,compound_experiment
DIHYDROROTENONE (GDSC2:1827),Drug sensitivity AUC (Sanger GDSC2),-0.112,compound_experiment
Theliatinib (BRD:BRD-K00091285-001-01-9),PRISM Repurposing Public 24Q2,0.112,compound_experiment
acesulfame-potassium (BRD:BRD-K50850824-237-04-8),Drug sensitivity AUC (PRISM Repurposing Secondary Screen),0.112,compound_experiment
fleroxacin (BRD:BRD-K61717546-001-05-0),Drug sensitivity AUC (PRISM Repurposing Secondary Screen),0.112,compound_experiment
"WHI-P97, KIN001-055 (GDSC1:288)",Drug sensitivity AUC (Sanger GDSC1),0.112,compound_experiment
sograzepide (BRD:BRD-K00004608-001-01-9),PRISM Repurposing Public 24Q2,-0.111,compound_experiment
PHA-665752 (GDSC1:6),Drug sensitivity AUC (Sanger GDSC1),0.111,compound_experiment
carboxypyridine-disulfide (BRD:BRD-K26530649-001-01-6),Drug sensitivity AUC (PRISM Repurposing Secondary Screen),-0.111,compound_experiment
ZD-4190 (BRD:BRD-K00076465-001-02-9),PRISM Repurposing Public 24Q2,0.11,compound_experiment
chromocarb (BRD:BRD-K94720315-001-10-4),Drug sensitivity AUC (PRISM Repurposing Secondary Screen),-0.11,compound_experiment
gilteritinib (BRD:BRD-K72280606-001-01-2),Drug sensitivity AUC (PRISM Repurposing Secondary Screen),0.11,compound_experiment
8-bromo-cGMP (BRD:BRD-A00077618-236-07-6),Drug sensitivity AUC (PRISM Repurposing Secondary Screen),-0.11,compound_experiment
nexturastat-a (BRD:BRD-K70402238-001-02-8),Drug sensitivity AUC (PRISM Repurposing Secondary Screen),-0.11,compound_experiment
poziotinib (BRD:BRD-K50010139-001-02-3),Drug sensitivity AUC (PRISM Repurposing Secondary Screen),0.109,compound_experiment
polydatin (BRD:BRD-K43236057-001-07-1),Drug sensitivity AUC (PRISM Repurposing Secondary Screen),0.109,compound_experiment
osimertinib (BRD:BRD-K42805893-001-04-9),Drug sensitivity AUC (PRISM Repurposing Secondary Screen),0.109,compound_experiment
dacarbazine (BRD:BRD-K35520305-001-17-7),Drug sensitivity AUC (PRISM Repurposing Secondary Screen),0.109,compound_experiment
OXALIPLATIN (GDSC2:1806),Drug sensitivity AUC (Sanger GDSC2),-0.109,compound_experiment
trimetrexate (BRD:BRD-K13642819-001-02-9),PRISM Repurposing Public 24Q2,-0.109,compound_experiment
SUNITINIB (GDSC1:5),Drug sensitivity AUC (Sanger GDSC1),0.108,compound_experiment
triciribine (BRD:BRD-K80431395-001-07-3),Drug sensitivity AUC (PRISM Repurposing Secondary Screen),0.108,compound_experiment
norgestrel (BRD:BRD-A14886633-001-01-6),Drug sensitivity AUC (PRISM Repurposing Secondary Screen),-0.107,compound_experiment
diphenyleneiodonium (BRD:BRD-K65814004-003-02-9),Drug sensitivity AUC (PRISM Repurposing Secondary Screen),-0.107,compound_experiment
endo-IWR-1 (BRD:BRD-K61314889-001-04-4),Drug sensitivity AUC (PRISM Repurposing Secondary Screen),-0.107,compound_experiment
SR-1078 (BRD:BRD-K26501486-001-02-9),PRISM Repurposing Public 24Q2,0.107,compound_experiment
NRC-2694 (BRD:BRD-K00076493-001-02-9),PRISM Repurposing Public 24Q2,0.106,compound_experiment
florfenicol (BRD:BRD-A30886737-001-02-9),Drug sensitivity AUC (PRISM Repurposing Secondary Screen),-0.106,compound_experiment
methyldopa (BRD:BRD-K48578705-001-17-6),Drug sensitivity AUC (PRISM Repurposing Secondary Screen),0.106,compound_experiment
colchicine (BRD:BRD-K00259736-001-16-4),Drug sensitivity AUC (PRISM Repurposing Secondary Screen),-0.106,compound_experiment
AZD8931 (BRD:BRD-K98572433-001-02-9),Drug sensitivity AUC (PRISM Repurposing Secondary Screen),0.106,compound_experiment
walrycin-B (BRD:BRD-K01129913-001-01-5),PRISM Repurposing Public 24Q2,-0.106,compound_experiment
repotrectinib (BRD:BRD-K00003447-001-01-9),PRISM Repurposing Public 24Q2,0.106,compound_experiment
flutemetamol (BRD:BRD-K00071586-001-01-9),PRISM Repurposing Public 24Q2,-0.106,compound_experiment
WP1066 (BRD:BRD-K05445342-001-05-3),Drug sensitivity AUC (PRISM Repurposing Secondary Screen),0.106,compound_experiment
prednisolone-acetate (BRD:BRD-A01643550-001-04-9),Drug sensitivity AUC (PRISM Repurposing Secondary Screen),0.105,compound_experiment
LY2606368 (BRD:BRD-K20463415-300-01-4),Drug sensitivity AUC (PRISM Repurposing Secondary Screen),0.105,compound_experiment
broxyquinoline (BRD:BRD-K23301018-001-11-7),Drug sensitivity AUC (PRISM Repurposing Secondary Screen),0.105,compound_experiment
SCH-79797 (CTRP:375264),Drug sensitivity AUC (CTD^2),-0.105,compound_experiment
wortmannin (BRD:BRD-K87343924-001-16-9),PRISM Repurposing Public 24Q2,0.105,compound_experiment
BMS-536924 (GDSC1:62),Drug sensitivity AUC (Sanger GDSC1),0.105,compound_experiment
BGT226 (BRD:BRD-K29415052-050-04-8),Drug sensitivity AUC (PRISM Repurposing Secondary Screen),-0.104,compound_experiment
PF-4191834 (BRD:BRD-K00004633-001-01-9),PRISM Repurposing Public 24Q2,-0.104,compound_experiment
erlotinib (CTRP:52928),Drug sensitivity AUC (CTD^2),0.104,compound_experiment
BAY-8002 (BRD:BRD-K00005331-001-01-9),PRISM Repurposing Public 24Q2,-0.104,compound_experiment
marinopyrrole A (CTRP:666910),Drug sensitivity AUC (CTD^2),-0.104,compound_experiment
PRIMA-1 (CTRP:50131),Drug sensitivity AUC (CTD^2),-0.103,compound_experiment
LY2801653 (BRD:BRD-K18961567-001-01-1),Drug sensitivity AUC (PRISM Repurposing Secondary Screen),0.103,compound_experiment
NSC-3852 (BRD:BRD-K13169950-001-14-4),Drug sensitivity AUC (PRISM Repurposing Secondary Screen),-0.103,compound_experiment
bis(maltolato)oxovanadium(IV) (BRD:BRD-K16180792-001-01-7),Drug sensitivity AUC (PRISM Repurposing Secondary Screen),-0.103,compound_experiment
ETP-46464 (BRD:BRD-K24556407-001-02-3),Drug sensitivity AUC (PRISM Repurposing Secondary Screen),-0.103,compound_experiment
parachlorophenol (BRD:BRD-K40992116-001-09-7),Drug sensitivity AUC (PRISM Repurposing Secondary Screen),0.103,compound_experiment
CL-218872 (BRD:BRD-K00662280-001-09-4),Drug sensitivity AUC (PRISM Repurposing Secondary Screen),0.103,compound_experiment
pomalidomide (BRD:BRD-A12994259-001-02-1),Drug sensitivity AUC (PRISM Repurposing Secondary Screen),0.103,compound_experiment
MK-1775 (BRD:BRD-K54256913-001-08-7),Drug sensitivity AUC (PRISM Repurposing Secondary Screen),0.103,compound_experiment
PD 153035 (CTRP:52133),Drug sensitivity AUC (CTD^2),0.103,compound_experiment
EVP4593 (BRD:BRD-K68395654-001-03-1),Drug sensitivity AUC (PRISM Repurposing Secondary Screen),-0.103,compound_experiment
alogliptin (BRD:BRD-K83003151-057-02-4),Drug sensitivity AUC (PRISM Repurposing Secondary Screen),0.103,compound_experiment
S-111 (BRD:BRD-K60005752-001-01-9),Drug sensitivity AUC (PRISM Repurposing Secondary Screen),0.103,compound_experiment
PIPERLONGUMINE (GDSC1:1243),Drug sensitivity AUC (Sanger GDSC1),0.103,compound_experiment
pyritinol (BRD:BRD-K82181219-001-04-3),Drug sensitivity AUC (PRISM Repurposing Secondary Screen),-0.102,compound_experiment
tofogliflozin (BRD:BRD-K96344439-002-02-7),Drug sensitivity AUC (PRISM Repurposing Secondary Screen),-0.102,compound_experiment
norepinephrine (BRD:BRD-K87349682-347-03-8),Drug sensitivity AUC (PRISM Repurposing Secondary Screen),-0.102,compound_experiment
pelitinib (BRD:BRD-K08799216-001-05-3),Drug sensitivity AUC (PRISM Repurposing Secondary Screen),0.102,compound_experiment
bosutinib (CTRP:660346),Drug sensitivity AUC (CTD^2),0.102,compound_experiment
EHT 1864 (GDSC1:1069),Drug sensitivity AUC (Sanger GDSC1),-0.101,compound_experiment
cebranopadol (BRD:BRD-K48141473-001-01-7),Drug sensitivity AUC (PRISM Repurposing Secondary Screen),0.101,compound_experiment
epinastine (BRD:BRD-A98990573-003-01-3),Drug sensitivity AUC (PRISM Repurposing Secondary Screen),-0.101,compound_experiment
MJ-15 (BRD:BRD-K71315565-001-02-9),PRISM Repurposing Public 24Q2,-0.101,compound_experiment
terbutaline (BRD:BRD-A50157456-065-20-6),Drug sensitivity AUC (PRISM Repurposing Secondary Screen),0.101,compound_experiment
GALLIBISCOQUINAZOLE (GDSC2:1830),Drug sensitivity AUC (Sanger GDSC2),-0.101,compound_experiment
COTI-2 (BRD:BRD-K00003348-001-01-9),PRISM Repurposing Public 24Q2,-0.101,compound_experiment
CaCCinh-A01 (BRD:BRD-A90751343-001-02-9),PRISM Repurposing Public 24Q2,-0.101,compound_experiment
FSC231 (CTRP:660079),Drug sensitivity AUC (CTD^2),0.101,compound_experiment
GTP-14564 (BRD:BRD-K16664969-001-03-3),Drug sensitivity AUC (PRISM Repurposing Secondary Screen),-0.101,compound_experiment
KW-2478 (BRD:BRD-K41213548-001-02-0),Drug sensitivity AUC (PRISM Repurposing Secondary Screen),0.1,compound_experiment
mephenytoin (BRD:BRD-A83937277-001-10-5),Drug sensitivity AUC (PRISM Repurposing Secondary Screen),0.1,compound_experiment
YM-155 (BRD:BRD-K76703230-004-04-1),Drug sensitivity AUC (PRISM Repurposing Secondary Screen),0.1,compound_experiment
AMUVATINIB (GDSC1:293),Drug sensitivity AUC (Sanger GDSC1),-0.1,compound_experiment
CD532 (GDSC1:449),Drug sensitivity AUC (Sanger GDSC1),-0.1,compound_experiment
AR-C155858 (BRD:BRD-K42325600-001-01-8),PRISM Repurposing Public 24Q2,-0.1,compound_experiment
nan (BRD:BRD-K70642949-001-03-7),PRISM Repurposing Public 24Q2,-0.1,compound_experiment
GSK-3-inhibitor-IX (BRD:BRD-K04923131-001-15-4),Drug sensitivity AUC (PRISM Repurposing Secondary Screen),-0.1,compound_experiment
AZD3463 (BRD:BRD-K24593301-001-02-3),Drug sensitivity AUC (PRISM Repurposing Secondary Screen),0.099,compound_experiment
blebbistatin-(-) (BRD:BRD-K61295575-001-03-6),Drug sensitivity AUC (PRISM Repurposing Secondary Screen),-0.099,compound_experiment
SB-218078 (BRD:BRD-A06352508-001-03-7),Drug sensitivity AUC (PRISM Repurposing Secondary Screen),-0.099,compound_experiment
U-0126 (BRD:BRD-K91701654-001-03-1),Drug sensitivity AUC (PRISM Repurposing Secondary Screen),-0.099,compound_experiment
VINCRISTINE (GDSC2:1818),Drug sensitivity AUC (Sanger GDSC2),-0.099,compound_experiment
arctigenin (BRD:BRD-K53523901-001-04-4),Drug sensitivity AUC (PRISM Repurposing Secondary Screen),-0.099,compound_experiment
XMD11-85H (GDSC1:1158),Drug sensitivity AUC (Sanger GDSC1),0.098,compound_experiment
tannic-acid (BRD:BRD-K01584643-001-04-9),PRISM Repurposing Public 24Q2,-0.098,compound_experiment
azomycin-(2-nitroimidazole) (BRD:BRD-K26824830-001-02-0),Drug sensitivity AUC (PRISM Repurposing Secondary Screen),-0.098,compound_experiment
AGI-6780 (GDSC2:1634),Drug sensitivity AUC (Sanger GDSC2),-0.098,compound_experiment
BW-348U87 (BRD:BRD-K00004593-001-01-9),PRISM Repurposing Public 24Q2,-0.098,compound_experiment
GDC-0575 (BRD:BRD-K00003112-001-01-9),PRISM Repurposing Public 24Q2,0.098,compound_experiment
dianhydrogalactitol (BRD:BRD-K68502831-001-01-2),Drug sensitivity AUC (PRISM Repurposing Secondary Screen),-0.098,compound_experiment
PF-750 (CTRP:411719),Drug sensitivity AUC (CTD^2),-0.098,compound_experiment
UNC2250 (BRD:BRD-K01773560-001-02-4),Drug sensitivity AUC (PRISM Repurposing Secondary Screen),-0.098,compound_experiment
ON123300 (BRD:BRD-K88554883-001-03-2),PRISM Repurposing Public 24Q2,-0.098,compound_experiment
ibutilide (BRD:BRD-A74391928-051-01-3),Drug sensitivity AUC (PRISM Repurposing Secondary Screen),0.098,compound_experiment
melphalan (BRD:BRD-K87827419-001-16-8),Drug sensitivity AUC (PRISM Repurposing Secondary Screen),-0.098,compound_experiment
WP1130 (BRD:BRD-K43644456-001-04-0),Drug sensitivity AUC (PRISM Repurposing Secondary Screen),0.097,compound_experiment
AP1903 (BRD:BRD-K28383148-001-01-4),Drug sensitivity AUC (PRISM Repurposing Secondary Screen),0.097,compound_experiment
BAY 2416964 (BRD:BRD-K00091085-001-01-9),PRISM Repurposing Public 24Q2,0.097,compound_experiment
7-hydroxystaurosporine (BRD:BRD-K45293975-001-02-0),Drug sensitivity AUC (PRISM Repurposing Secondary Screen),0.097,compound_experiment
PD-81723 (BRD:BRD-K77951111-001-05-9),PRISM Repurposing Public 24Q2,-0.097,compound_experiment
BHQ (BRD:BRD-K95603879-001-08-9),PRISM Repurposing Public 24Q2,-0.097,compound_experiment
blebbistatin (CTRP:50140),Drug sensitivity AUC (CTD^2),0.097,compound_experiment
telotristat-ethyl (BRD:BRD-K94559059-091-01-6),Drug sensitivity AUC (PRISM Repurposing Secondary Screen),-0.097,compound_experiment
ONC201 (BRD:BRD-K58529924-001-01-5),Drug sensitivity AUC (PRISM Repurposing Secondary Screen),-0.097,compound_experiment
JNK INHIBITOR VIII (GDSC1:1043),Drug sensitivity AUC (Sanger GDSC1),0.096,compound_experiment
PD-173074 (GDSC1:1049),Drug sensitivity AUC (Sanger GDSC1),-0.096,compound_experiment
PKI-179 (BRD:BRD-A28467416-002-01-0),Drug sensitivity AUC (PRISM Repurposing Secondary Screen),-0.096,compound_experiment
R428 (CTRP:660993),Drug sensitivity AUC (CTD^2),-0.096,compound_experiment
ZG-10 (GDSC1:1161),Drug sensitivity AUC (Sanger GDSC1),0.096,compound_experiment
BRD-K97651142 (CTRP:660135),Drug sensitivity AUC (CTD^2),-0.096,compound_experiment
BRD-K99006945 (CTRP:687395),Drug sensitivity AUC (CTD^2),-0.096,compound_experiment
BCL-LZH-4 (CTRP:688516),Drug sensitivity AUC (CTD^2),-0.096,compound_experiment
LY303511 (BRD:BRD-K22385716-001-02-5),Drug sensitivity AUC (PRISM Repurposing Secondary Screen),-0.095,compound_experiment
TOZASERTIB (GDSC1:32),Drug sensitivity AUC (Sanger GDSC1),0.095,compound_experiment
Ro-10-5824 (BRD:BRD-K79684402-300-02-8),Drug sensitivity AUC (PRISM Repurposing Secondary Screen),-0.095,compound_experiment
TW-37 (BRD:BRD-K28360340-001-08-3),Drug sensitivity AUC (PRISM Repurposing Secondary Screen),-0.095,compound_experiment
ramifenazone (BRD:BRD-K85333151-003-13-4),Drug sensitivity AUC (PRISM Repurposing Secondary Screen),0.095,compound_experiment
VE-822 (BRD:BRD-K04701033-001-03-9),Drug sensitivity AUC (PRISM Repurposing Secondary Screen),0.095,compound_experiment
BRD-K09344309 (CTRP:439882),Drug sensitivity AUC (CTD^2),-0.095,compound_experiment
oxaliplatin (CTRP:375582),Drug sensitivity AUC (CTD^2),-0.095,compound_experiment
ethacridine-lactate-monohydrate (BRD:BRD-K24715592-406-02-1),Drug sensitivity AUC (PRISM Repurposing Secondary Screen),-0.095,compound_experiment
nan (BRD:BRD-K66175015-001-12-4),Drug sensitivity AUC (PRISM Repurposing Secondary Screen),0.095,compound_experiment
brefeldin-a (BRD:BRD-K77841042-001-14-1),Drug sensitivity AUC (PRISM Repurposing Secondary Screen),0.095,compound_experiment
cytochalasin-b (BRD:BRD-K47000838-001-01-6),Drug sensitivity AUC (PRISM Repurposing Secondary Screen),0.094,compound_experiment
RKI-1447 (BRD:BRD-K19333160-001-01-3),Drug sensitivity AUC (PRISM Repurposing Secondary Screen),-0.094,compound_experiment
trametinib (BRD:BRD-K12343256-001-14-7),Drug sensitivity AUC (PRISM Repurposing Secondary Screen),0.094,compound_experiment
tetrahydrouridine (BRD:BRD-A86248581-001-01-4),Drug sensitivity AUC (PRISM Repurposing Secondary Screen),0.094,compound_experiment
cyclosporin-a (BRD:BRD-A69815203-001-07-6),Drug sensitivity AUC (PRISM Repurposing Secondary Screen),0.094,compound_experiment
NVP-TAE684 (BRD:BRD-K50140147-001-10-1),Drug sensitivity AUC (PRISM Repurposing Secondary Screen),0.093,compound_experiment
KHK-IN-1 (BRD:BRD-K84605263-003-01-6),PRISM Repurposing Public 24Q2,-0.093,compound_experiment
BMS-536924 (CTRP:411859),Drug sensitivity AUC (CTD^2),0.093,compound_experiment
anagrelide (BRD:BRD-K62200014-003-10-5),Drug sensitivity AUC (PRISM Repurposing Secondary Screen),-0.093,compound_experiment
AZD4547 (GDSC2:1786),Drug sensitivity AUC (Sanger GDSC2),-0.093,compound_experiment
nelociguat (BRD:BRD-K00003315-001-01-9),PRISM Repurposing Public 24Q2,-0.093,compound_experiment
resatorvid (BRD:BRD-K61567297-001-01-9),Drug sensitivity AUC (PRISM Repurposing Secondary Screen),-0.093,compound_experiment
PFI-1 (GDSC1:1219),Drug sensitivity AUC (Sanger GDSC1),0.093,compound_experiment
erlotinib:PLX-4032 (2:1 mol/mol) (CTRP:660768),Drug sensitivity AUC (CTD^2),0.093,compound_experiment
NVP-TAE684 (GDSC1:35),Drug sensitivity AUC (Sanger GDSC1),0.093,compound_experiment
BMS-599626 (BRD:BRD-K07106112-003-03-8),Drug sensitivity AUC (PRISM Repurposing Secondary Screen),0.093,compound_experiment
oxaceprol (BRD:BRD-K65230684-001-06-9),PRISM Repurposing Public 24Q2,-0.093,compound_experiment
CP-724714 (GDSC1:255),Drug sensitivity AUC (Sanger GDSC1),-0.093,compound_experiment
oligomycin-a (BRD:BRD-A81541225-001-06-8),Drug sensitivity AUC (PRISM Repurposing Secondary Screen),-0.092,compound_experiment
hexaminolevulinate (BRD:BRD-K73753850-003-01-6),Drug sensitivity AUC (PRISM Repurposing Secondary Screen),-0.092,compound_experiment
CGP-60474 (GDSC1:53),Drug sensitivity AUC (Sanger GDSC1),0.092,compound_experiment
flurbiprofen-axetil (BRD:BRD-K00004724-001-01-9),PRISM Repurposing Public 24Q2,0.092,compound_experiment
Antineoplaston A10 (BRD:BRD-K00091100-001-01-9),PRISM Repurposing Public 24Q2,0.092,compound_experiment
AZD8055 (GDSC1:1059),Drug sensitivity AUC (Sanger GDSC1),-0.091,compound_experiment
butaprost (BRD:BRD-K00004715-001-01-9),PRISM Repurposing Public 24Q2,0.091,compound_experiment
TAK-981 - QC Failure (BRD:BRD-K00090638-001-01-9 - QC Failure),PRISM Repurposing Public 24Q2,0.091,compound_experiment
RG7834 (BRD:BRD-K00004573-001-01-9),PRISM Repurposing Public 24Q2,-0.091,compound_experiment
ATM-3507 (trihydrochloride) - QC Failure (BRD:BRD-K00090655-305-01-9 - QC Failure),PRISM Repurposing Public 24Q2,-0.091,compound_experiment
O-6-benzylguanine (CTRP:345712),Drug sensitivity AUC (CTD^2),0.091,compound_experiment
PX-12 (CTRP:609124),Drug sensitivity AUC (CTD^2),-0.091,compound_experiment
trodusquemine (BRD:BRD-K00003124-389-01-9),PRISM Repurposing Public 24Q2,-0.091,compound_experiment
SIROLIMUS (GDSC2:1084),Drug sensitivity AUC (Sanger GDSC2),-0.091,compound_experiment
PLX-4720 (GDSC1:1036),Drug sensitivity AUC (Sanger GDSC1),-0.091,compound_experiment
CCT137690 (BRD:BRD-K03289018-001-02-7),Drug sensitivity AUC (PRISM Repurposing Secondary Screen),-0.091,compound_experiment
temazepam (BRD:BRD-A93093700-001-02-9),Drug sensitivity AUC (PRISM Repurposing Secondary Screen),0.091,compound_experiment
fulvestrant (BRD:BRD-A85667082-001-12-7),Drug sensitivity AUC (PRISM Repurposing Secondary Screen),-0.091,compound_experiment
mubritinib (BRD:BRD-K19061412-001-02-4),Drug sensitivity AUC (PRISM Repurposing Secondary Screen),-0.09,compound_experiment
SGI-1027 (BRD:BRD-K61228301-001-01-2),Drug sensitivity AUC (PRISM Repurposing Secondary Screen),-0.09,compound_experiment
SORAFENIB (GDSC2:1085),Drug sensitivity AUC (Sanger GDSC2),-0.09,compound_experiment
nemorexant (BRD:BRD-K00003505-001-01-9),PRISM Repurposing Public 24Q2,-0.09,compound_experiment
BRD-K16130065 (CTRP:660425),Drug sensitivity AUC (CTD^2),-0.09,compound_experiment
"AKT INHIBITOR VIII, KIN001-102 (GDSC1:228)",Drug sensitivity AUC (Sanger GDSC1),-0.09,compound_experiment
XL-647 (BRD:BRD-K03765900-001-01-9),Drug sensitivity AUC (PRISM Repurposing Secondary Screen),0.09,compound_experiment
genz-644282 (BRD:BRD-K99475619-001-01-2),Drug sensitivity AUC (PRISM Repurposing Secondary Screen),0.09,compound_experiment
myriocin (CTRP:417977),Drug sensitivity AUC (CTD^2),0.09,compound_experiment
cytarabine hydrochloride (CTRP:62690),Drug sensitivity AUC (CTD^2),-0.089,compound_experiment
PRLX-93936 (BRD:BRD-K00004604-001-01-9),PRISM Repurposing Public 24Q2,0.089,compound_experiment
digoxigenin (BRD:BRD-K18619710-001-14-4),Drug sensitivity AUC (PRISM Repurposing Secondary Screen),0.089,compound_experiment
"AMG-319, AMG319 (GDSC2:2045)",Drug sensitivity AUC (Sanger GDSC2),-0.089,compound_experiment
CYCLOPHOSPHAMIDE (GDSC2:1512),Drug sensitivity AUC (Sanger GDSC2),-0.089,compound_experiment
favipiravir (BRD:BRD-K04264130-001-01-4),Drug sensitivity AUC (PRISM Repurposing Secondary Screen),-0.089,compound_experiment
Vimirogant (hydrochloride) - QC Failure (BRD:BRD-K00075148-003-02-9 - QC Failure),PRISM Repurposing Public 24Q2,-0.089,compound_experiment
risdiplam (BRD:BRD-K00003506-001-01-9),PRISM Repurposing Public 24Q2,0.089,compound_experiment
MK-886 (BRD:BRD-K20168484-001-07-9),PRISM Repurposing Public 24Q2,0.089,compound_experiment
benzethonium (BRD:BRD-K72723676-003-17-8),Drug sensitivity AUC (PRISM Repurposing Secondary Screen),-0.089,compound_experiment
bendroflumethiazide (BRD:BRD-A80017228-001-25-7),Drug sensitivity AUC (PRISM Repurposing Secondary Screen),-0.089,compound_experiment
UNC0638 (GDSC1:1236),Drug sensitivity AUC (Sanger GDSC1),0.089,compound_experiment
SB-525334 (BRD:BRD-K37720887-001-07-8),Drug sensitivity AUC (PRISM Repurposing Secondary Screen),-0.088,compound_experiment
clofazimine (BRD:BRD-K56614220-001-19-0),Drug sensitivity AUC (PRISM Repurposing Secondary Screen),-0.088,compound_experiment
BMS-935177 (BRD:BRD-K00004721-001-01-9),PRISM Repurposing Public 24Q2,0.088,compound_experiment
fludrocortisone-acetate (BRD:BRD-K06408664-001-04-9),PRISM Repurposing Public 24Q2,-0.088,compound_experiment
lotamilast (BRD:BRD-K00003137-001-01-9),PRISM Repurposing Public 24Q2,0.088,compound_experiment
KPT-9274 (BRD:BRD-K00004701-001-01-9),PRISM Repurposing Public 24Q2,-0.088,compound_experiment
WNT-C59 (GDSC2:1622),Drug sensitivity AUC (Sanger GDSC2),-0.088,compound_experiment
obatoclax (BRD:BRD-K15600710-066-04-1),Drug sensitivity AUC (PRISM Repurposing Secondary Screen),0.088,compound_experiment
uprifosbuvir (BRD:BRD-K00003526-001-01-9),PRISM Repurposing Public 24Q2,-0.088,compound_experiment
ZD-0947 (BRD:BRD-K00004620-001-01-9),PRISM Repurposing Public 24Q2,0.088,compound_experiment
"CGP-082996, CINK4, KIN001-021 (GDSC1:54)",Drug sensitivity AUC (Sanger GDSC1),0.088,compound_experiment
neopeltolide (CTRP:411774),Drug sensitivity AUC (CTD^2),-0.088,compound_experiment
saracatinib (CTRP:606035),Drug sensitivity AUC (CTD^2),0.088,compound_experiment
oleanolic-acid (BRD:BRD-K90647725-001-07-3),Drug sensitivity AUC (PRISM Repurposing Secondary Screen),0.087,compound_experiment
birinapant (CTRP:660778),Drug sensitivity AUC (CTD^2),0.087,compound_experiment
cytarabine (BRD:BRD-K71847383-001-12-5),Drug sensitivity AUC (PRISM Repurposing Secondary Screen),-0.087,compound_experiment
CYT-997 (BRD:BRD-K23363278-001-02-1),Drug sensitivity AUC (PRISM Repurposing Secondary Screen),-0.087,compound_experiment
masitinib (BRD:BRD-K71035033-001-07-1),Drug sensitivity AUC (PRISM Repurposing Secondary Screen),-0.087,compound_experiment
CGS-15943 (BRD:BRD-K49049886-001-08-7),Drug sensitivity AUC (PRISM Repurposing Secondary Screen),-0.087,compound_experiment
poziotinib (BRD:BRD-K50010139-001-01-5),Drug sensitivity AUC (PRISM Repurposing Secondary Screen),0.087,compound_experiment
sclareol (BRD:BRD-A23127772-001-02-3),Drug sensitivity AUC (PRISM Repurposing Secondary Screen),0.087,compound_experiment
BAY-11-7085 (BRD:BRD-K48684885-001-04-2),Drug sensitivity AUC (PRISM Repurposing Secondary Screen),0.087,compound_experiment
cyanoquinoline 11 (CTRP:417415),Drug sensitivity AUC (CTD^2),0.087,compound_experiment
mitomycin-c (BRD:BRD-A48237631-001-04-8),Drug sensitivity AUC (PRISM Repurposing Secondary Screen),-0.087,compound_experiment
afatinib (CTRP:606135),Drug sensitivity AUC (CTD^2),0.087,compound_experiment
BIBR-1532 (GDSC2:2043),Drug sensitivity AUC (Sanger GDSC2),-0.087,compound_experiment
pipotiazine (BRD:BRD-K00004560-001-01-9),PRISM Repurposing Public 24Q2,-0.087,compound_experiment
PF-562271 (GDSC1:158),Drug sensitivity AUC (Sanger GDSC1),0.087,compound_experiment
methylphenidate (BRD:BRD-A19585813-003-03-3),Drug sensitivity AUC (PRISM Repurposing Secondary Screen),-0.087,compound_experiment
hyperforin (CTRP:660327),Drug sensitivity AUC (CTD^2),-0.086,compound_experiment
gefitinib (CTRP:52926),Drug sensitivity AUC (CTD^2),0.086,compound_experiment
IOX1 (BRD:BRD-K70751730-001-10-4),PRISM Repurposing Public 24Q2,-0.086,compound_experiment
BAY1125976 (BRD:BRD-K00003357-001-01-9),PRISM Repurposing Public 24Q2,-0.086,compound_experiment
bleomycin A2 (CTRP:639531),Drug sensitivity AUC (CTD^2),0.086,compound_experiment
7-aminocephalosporanic-acid (BRD:BRD-K65377893-001-07-4),Drug sensitivity AUC (PRISM Repurposing Secondary Screen),0.086,compound_experiment
meglitinide (BRD:BRD-K51324732-001-01-0),Drug sensitivity AUC (PRISM Repurposing Secondary Screen),0.086,compound_experiment
doxycycline (BRD:BRD-A08545410-311-03-4),Drug sensitivity AUC (PRISM Repurposing Secondary Screen),-0.086,compound_experiment
chlorambucil (BRD:BRD-K29458283-001-29-9),Drug sensitivity AUC (PRISM Repurposing Secondary Screen),-0.086,compound_experiment
mesoridazine (BRD:BRD-A14395271-074-17-8),Drug sensitivity AUC (PRISM Repurposing Secondary Screen),0.086,compound_experiment
erlotinib (BRD:BRD-K70401845-001-15-7),Drug sensitivity AUC (PRISM Repurposing Secondary Screen),0.085,compound_experiment
1E-1-(2-hydroxy-5-methylphenyl)-1-dodecanone-oxime (BRD:BRD-A37752546-001-02-9),PRISM Repurposing Public 24Q2,0.085,compound_experiment
PF-06952229 (BRD:BRD-K00091071-001-01-9),PRISM Repurposing Public 24Q2,0.085,compound_experiment
chloroxine (BRD:BRD-K17075857-001-18-4),Drug sensitivity AUC (PRISM Repurposing Secondary Screen),0.085,compound_experiment
curcumin (BRD:BRD-K07572174-001-39-4),Drug sensitivity AUC (PRISM Repurposing Secondary Screen),0.085,compound_experiment
nanchangmycin (BRD:BRD-A73871920-236-03-6),Drug sensitivity AUC (PRISM Repurposing Secondary Screen),-0.085,compound_experiment
BIBR-1532 (CTRP:417982),Drug sensitivity AUC (CTD^2),-0.085,compound_experiment
MI-2 (CTRP:687714),Drug sensitivity AUC (CTD^2),-0.085,compound_experiment
gossypol (BRD:BRD-K19295594-015-14-3),Drug sensitivity AUC (PRISM Repurposing Secondary Screen),-0.085,compound_experiment
fenofibrate (BRD:BRD-K50388907-001-30-4),Drug sensitivity AUC (PRISM Repurposing Secondary Screen),0.085,compound_experiment
canertinib (BRD:BRD-K50168500-001-07-9),Drug sensitivity AUC (PRISM Repurposing Secondary Screen),0.085,compound_experiment
K-Ras(G12C)-inhibitor-12 (BRD:BRD-K90756851-001-01-1),PRISM Repurposing Public 24Q2,0.085,compound_experiment
exemestane (BRD:BRD-K33425534-001-12-5),Drug sensitivity AUC (PRISM Repurposing Secondary Screen),-0.085,compound_experiment
JQ1 (GDSC2:2172),Drug sensitivity AUC (Sanger GDSC2),0.085,compound_experiment
DASATINIB (GDSC2:1079),Drug sensitivity AUC (Sanger GDSC2),0.085,compound_experiment
icotinib (BRD:BRD-K31698212-001-02-9),Drug sensitivity AUC (PRISM Repurposing Secondary Screen),0.084,compound_experiment
PODOPHYLLOTOXIN (GDSC2:1825),Drug sensitivity AUC (Sanger GDSC2),-0.084,compound_experiment
MK-2206 (GDSC2:1053),Drug sensitivity AUC (Sanger GDSC2),-0.084,compound_experiment
HBX-41108 (CTRP:679843),Drug sensitivity AUC (CTD^2),-0.084,compound_experiment
docetaxel (CTRP:660364),Drug sensitivity AUC (CTD^2),0.084,compound_experiment
tacedinaline (CTRP:54200),Drug sensitivity AUC (CTD^2),-0.084,compound_experiment
PL-DI (CTRP:609440),Drug sensitivity AUC (CTD^2),-0.084,compound_experiment
gemcitabine (CTRP:411863),Drug sensitivity AUC (CTD^2),-0.084,compound_experiment
atenolol-(+/-) (BRD:BRD-A20239487-001-24-9),Drug sensitivity AUC (PRISM Repurposing Secondary Screen),0.084,compound_experiment
GDC-0879 (BRD:BRD-K67578145-001-09-7),Drug sensitivity AUC (PRISM Repurposing Secondary Screen),-0.084,compound_experiment
DSPC (BRD:BRD-K00004570-001-01-9),PRISM Repurposing Public 24Q2,0.084,compound_experiment
WYE-687 (BRD:BRD-K49900195-300-02-9),PRISM Repurposing Public 24Q2,-0.084,compound_experiment
CEP-33779 (BRD:BRD-K37237504-001-02-7),Drug sensitivity AUC (PRISM Repurposing Secondary Screen),0.084,compound_experiment
XL388 (BRD:BRD-K03549949-001-01-0),Drug sensitivity AUC (PRISM Repurposing Secondary Screen),-0.084,compound_experiment
PT2399 (BRD:BRD-K00090636-001-01-9),PRISM Repurposing Public 24Q2,-0.084,compound_experiment
methacycline (BRD:BRD-K00003351-003-01-9),PRISM Repurposing Public 24Q2,0.084,compound_experiment
acetylcysteine (BRD:BRD-K59058747-001-18-3),Drug sensitivity AUC (PRISM Repurposing Secondary Screen),0.084,compound_experiment
MK-2461 (BRD:BRD-K56405753-001-02-4),Drug sensitivity AUC (PRISM Repurposing Secondary Screen),0.083,compound_experiment
MEK162 (BRD:BRD-K82244583-001-01-3),Drug sensitivity AUC (PRISM Repurposing Secondary Screen),0.083,compound_experiment
fenretinide (BRD:BRD-K89085489-001-23-2),Drug sensitivity AUC (PRISM Repurposing Secondary Screen),-0.083,compound_experiment
DASATINIB (GDSC1:51),Drug sensitivity AUC (Sanger GDSC1),0.083,compound_experiment
YM-976 (BRD:BRD-K12932420-001-02-3),Drug sensitivity AUC (PRISM Repurposing Secondary Screen),0.083,compound_experiment
thiomersal (BRD:BRD-K61443650-236-13-1),Drug sensitivity AUC (PRISM Repurposing Secondary Screen),0.083,compound_experiment
voreloxin (BRD:BRD-K23677682-003-01-2),Drug sensitivity AUC (PRISM Repurposing Secondary Screen),-0.083,compound_experiment
ALK2-IN-1 (BRD:BRD-K00091120-001-01-9),PRISM Repurposing Public 24Q2,-0.083,compound_experiment
Recilisib (BRD:BRD-K00075424-001-02-9),PRISM Repurposing Public 24Q2,0.083,compound_experiment
S-TRITYL-L-CYSTEINE (GDSC1:41),Drug sensitivity AUC (Sanger GDSC1),0.083,compound_experiment
AT13387 (BRD:BRD-K58435339-001-03-0),Drug sensitivity AUC (PRISM Repurposing Secondary Screen),0.083,compound_experiment
SELUMETINIB (GDSC1:1498),Drug sensitivity AUC (Sanger GDSC1),0.083,compound_experiment
LJI308 (GDSC2:2107),Drug sensitivity AUC (Sanger GDSC2),0.083,compound_experiment
Gemilukast (BRD:BRD-K00078614-001-02-9),PRISM Repurposing Public 24Q2,0.083,compound_experiment
GW7604 (BRD:BRD-K00073895-001-02-9),PRISM Repurposing Public 24Q2,0.083,compound_experiment
HC-067047 (BRD:BRD-K03391209-001-02-0),PRISM Repurposing Public 24Q2,-0.083,compound_experiment
ningetinib-tosylate (BRD:BRD-K00003476-075-01-9),PRISM Repurposing Public 24Q2,0.083,compound_experiment
DS-1971a (BRD:BRD-K00091281-001-01-9),PRISM Repurposing Public 24Q2,0.083,compound_experiment
API-1 (BRD:BRD-K97840621-001-02-9),PRISM Repurposing Public 24Q2,-0.083,compound_experiment
UNC0642 (GDSC1:1263),Drug sensitivity AUC (Sanger GDSC1),-0.083,compound_experiment
AZD5438 (BRD:BRD-K72414522-001-06-7),Drug sensitivity AUC (PRISM Repurposing Secondary Screen),0.083,compound_experiment
WZ-3146 (BRD:BRD-K73293050-001-03-1),Drug sensitivity AUC (PRISM Repurposing Secondary Screen),0.083,compound_experiment
RUXOLITINIB (GDSC2:1507),Drug sensitivity AUC (Sanger GDSC2),-0.083,compound_experiment
ibrutinib (BRD:BRD-K70301465-001-02-6),Drug sensitivity AUC (PRISM Repurposing Secondary Screen),0.083,compound_experiment
BRD-M00053801 (CTRP:660890),Drug sensitivity AUC (CTD^2),-0.083,compound_experiment
matrine (BRD:BRD-K25312248-001-01-5),Drug sensitivity AUC (PRISM Repurposing Secondary Screen),-0.082,compound_experiment
refametinib (BRD:BRD-K85751432-001-03-3),Drug sensitivity AUC (PRISM Repurposing Secondary Screen),0.082,compound_experiment
BMS-387032 (BRD:BRD-K43389698-001-09-9),Drug sensitivity AUC (PRISM Repurposing Secondary Screen),0.082,compound_experiment
metoxibutropate (BRD:BRD-A71725768-001-01-3),Drug sensitivity AUC (PRISM Repurposing Secondary Screen),-0.082,compound_experiment
NVP-AEW541 (BRD:BRD-K24696047-001-02-3),Drug sensitivity AUC (PRISM Repurposing Secondary Screen),0.082,compound_experiment
PD-153035 (BRD:BRD-K26603252-003-04-9),Drug sensitivity AUC (PRISM Repurposing Secondary Screen),0.082,compound_experiment
pilaralisib (BRD:BRD-K49456274-001-01-9),Drug sensitivity AUC (PRISM Repurposing Secondary Screen),0.082,compound_experiment
TAK-733 (BRD:BRD-K26667523-001-02-5),Drug sensitivity AUC (PRISM Repurposing Secondary Screen),0.082,compound_experiment
sinefungin (BRD:BRD-K91100918-001-03-8),PRISM Repurposing Public 24Q2,-0.082,compound_experiment
YM-155 (GDSC1:268),Drug sensitivity AUC (Sanger GDSC1),0.082,compound_experiment
OSIMERTINIB (GDSC2:1919),Drug sensitivity AUC (Sanger GDSC2),0.082,compound_experiment
PALBOCICLIB (GDSC2:1054),Drug sensitivity AUC (Sanger GDSC2),-0.082,compound_experiment
DABRAFENIB (GDSC2:1373),Drug sensitivity AUC (Sanger GDSC2),-0.082,compound_experiment
cefotaxime (BRD:BRD-K78364995-236-18-3),PRISM Repurposing Public 24Q2,0.082,compound_experiment
Cenisertib (BRD:BRD-K00075754-001-02-9),PRISM Repurposing Public 24Q2,0.082,compound_experiment
XAV-939 (GDSC1:1268),Drug sensitivity AUC (Sanger GDSC1),0.081,compound_experiment
RAF265 (CTRP:660414),Drug sensitivity AUC (CTD^2),-0.081,compound_experiment
triciribine-phosphate (BRD:BRD-K00004666-001-01-9),PRISM Repurposing Public 24Q2,0.081,compound_experiment
Iomazenil (BRD:BRD-K00075696-001-02-9),PRISM Repurposing Public 24Q2,0.081,compound_experiment
L-760735 (BRD:BRD-K30425481-003-02-9),PRISM Repurposing Public 24Q2,-0.081,compound_experiment
amprolium (BRD:BRD-K90027121-003-01-7),Drug sensitivity AUC (PRISM Repurposing Secondary Screen),-0.081,compound_experiment
palbociclib (BRD:BRD-K51313569-001-07-8),Drug sensitivity AUC (PRISM Repurposing Secondary Screen),-0.081,compound_experiment
racecadotril (BRD:BRD-A08187463-001-12-9),Drug sensitivity AUC (PRISM Repurposing Secondary Screen),0.081,compound_experiment
DCEBIO (BRD:BRD-K89299012-001-06-0),Drug sensitivity AUC (PRISM Repurposing Secondary Screen),-0.081,compound_experiment
4-iodo-6-phenylpyrimidine (BRD:BRD-K25690923-001-02-4),Drug sensitivity AUC (PRISM Repurposing Secondary Screen),-0.081,compound_experiment
BMS-690514 (BRD:BRD-K76239644-001-01-8),Drug sensitivity AUC (PRISM Repurposing Secondary Screen),0.081,compound_experiment
Ro-90-7501 (BRD:BRD-K58299615-001-03-5),Drug sensitivity AUC (PRISM Repurposing Secondary Screen),-0.081,compound_experiment
seclidemstat (BRD:BRD-K00003454-001-01-9),PRISM Repurposing Public 24Q2,-0.081,compound_experiment
BLEOMYCIN (50 UM) (GDSC1:1378),Drug sensitivity AUC (Sanger GDSC1),0.08,compound_experiment
daporinad (CTRP:418166),Drug sensitivity AUC (CTD^2),-0.08,compound_experiment
WZ8040 (BRD:BRD-K81728688-001-04-4),Drug sensitivity AUC (PRISM Repurposing Secondary Screen),0.08,compound_experiment
AS601245 (GDSC1:207),Drug sensitivity AUC (Sanger GDSC1),0.08,compound_experiment
NUTLIN-3A (-) (GDSC1:1047),Drug sensitivity AUC (Sanger GDSC1),-0.08,compound_experiment
prochlorperazine (CTRP:33166),Drug sensitivity AUC (CTD^2),-0.08,compound_experiment
avrainvillamide (CTRP:411856),Drug sensitivity AUC (CTD^2),-0.08,compound_experiment
methylstat (CTRP:667933),Drug sensitivity AUC (CTD^2),-0.08,compound_experiment
CC4 (BRD:BRD-K17751100-001-02-9),PRISM Repurposing Public 24Q2,0.08,compound_experiment
AZD7762 (CTRP:660777),Drug sensitivity AUC (CTD^2),0.08,compound_experiment
bafilomycin-a1 (BRD:BRD-K00010387-001-01-9),PRISM Repurposing Public 24Q2,0.08,compound_experiment
VELIPARIB (GDSC1:1018),Drug sensitivity AUC (Sanger GDSC1),0.08,compound_experiment
TMC-353121 (BRD:BRD-K66097663-001-01-8),Drug sensitivity AUC (PRISM Repurposing Secondary Screen),-0.08,compound_experiment
SU11274 (CTRP:606586),Drug sensitivity AUC (CTD^2),-0.08,compound_experiment
PFI-1 (BRD:BRD-K13094524-001-07-5),Drug sensitivity AUC (PRISM Repurposing Secondary Screen),-0.08,compound_experiment
temocapril (BRD:BRD-K10784860-003-02-3),Drug sensitivity AUC (PRISM Repurposing Secondary Screen),0.08,compound_experiment
Ro-4987655 (BRD:BRD-K64538373-001-01-4),Drug sensitivity AUC (PRISM Repurposing Secondary Screen),0.08,compound_experiment
SU3327 (BRD:BRD-K32730239-001-01-0),Drug sensitivity AUC (PRISM Repurposing Secondary Screen),-0.08,compound_experiment
10-deacetylbaccatin (BRD:BRD-K96631475-001-02-4),Drug sensitivity AUC (PRISM Repurposing Secondary Screen),0.08,compound_experiment
PAC-1 (GDSC1:175),Drug sensitivity AUC (Sanger GDSC1),0.079,compound_experiment
MIM1 (GDSC1:446),Drug sensitivity AUC (Sanger GDSC1),0.079,compound_experiment
penfluridol (BRD:BRD-K15409150-001-05-8),Drug sensitivity AUC (PRISM Repurposing Secondary Screen),-0.079,compound_experiment
LY2608204 (BRD:BRD-K12068470-001-02-5),Drug sensitivity AUC (PRISM Repurposing Secondary Screen),0.079,compound_experiment
LBH-589 (CTRP:54210),Drug sensitivity AUC (CTD^2),-0.079,compound_experiment
"GSK343, GTPL8240, AOB3680, AK175558 (GDSC2:1627)",Drug sensitivity AUC (Sanger GDSC2),-0.079,compound_experiment
AZD5582 (GDSC2:1617),Drug sensitivity AUC (Sanger GDSC2),0.079,compound_experiment
PP242 (BRD:BRD-K87112191-001-04-5),Drug sensitivity AUC (PRISM Repurposing Secondary Screen),-0.079,compound_experiment
Triazavirin (BRD:BRD-K00091130-325-01-9),PRISM Repurposing Public 24Q2,-0.079,compound_experiment
ZM-39923 (BRD:BRD-K40624912-003-17-9),PRISM Repurposing Public 24Q2,0.079,compound_experiment
eribulin (BRD:BRD-K00003156-066-01-9),PRISM Repurposing Public 24Q2,-0.079,compound_experiment
OSI-027 (GDSC2:1594),Drug sensitivity AUC (Sanger GDSC2),-0.079,compound_experiment
GMX-1778 (CTRP:411843),Drug sensitivity AUC (CTD^2),-0.079,compound_experiment
SCH-529074 (CTRP:609062),Drug sensitivity AUC (CTD^2),-0.079,compound_experiment
RG2833 (BRD:BRD-K02389548-001-02-5),Drug sensitivity AUC (PRISM Repurposing Secondary Screen),-0.079,compound_experiment
abemaciclib (BRD:BRD-K33622447-066-01-9),Drug sensitivity AUC (PRISM Repurposing Secondary Screen),-0.079,compound_experiment
chlorpyrifos (BRD:BRD-K08303368-001-10-0),Drug sensitivity AUC (PRISM Repurposing Secondary Screen),0.079,compound_experiment
gidazepam (BRD:BRD-K22588750-001-07-0),Drug sensitivity AUC (PRISM Repurposing Secondary Screen),0.079,compound_experiment
MLN2480 (CTRP:687579),Drug sensitivity AUC (CTD^2),-0.078,compound_experiment
TC-S-7003 (BRD:BRD-K34362291-001-02-9),PRISM Repurposing Public 24Q2,0.078,compound_experiment
5-METHYL-2-N-PENTYLPHENOL - QC Failure (BRD:BRD-K00074497-001-02-9 - QC Failure),PRISM Repurposing Public 24Q2,-0.078,compound_experiment
XD-14 (BRD:BRD-K69211575-001-02-9),PRISM Repurposing Public 24Q2,-0.078,compound_experiment
VX-680 (CTRP:340501),Drug sensitivity AUC (CTD^2),0.078,compound_experiment
GW843682X (GDSC1:87),Drug sensitivity AUC (Sanger GDSC1),0.078,compound_experiment
NAVITOCLAX (GDSC2:1011),Drug sensitivity AUC (Sanger GDSC2),-0.078,compound_experiment
CHIR-99021 (GDSC1:154),Drug sensitivity AUC (Sanger GDSC1),0.078,compound_experiment
pentamidine (BRD:BRD-K13183738-317-10-2),Drug sensitivity AUC (PRISM Repurposing Secondary Screen),-0.078,compound_experiment
ibrutinib (BRD:BRD-K70301465-001-05-9),Drug sensitivity AUC (PRISM Repurposing Secondary Screen),0.078,compound_experiment
nonoxynol-9 (BRD:BRD-K88625236-001-04-2),Drug sensitivity AUC (PRISM Repurposing Secondary Screen),-0.078,compound_experiment
GW-405833 (BRD:BRD-K10705233-001-02-2),Drug sensitivity AUC (PRISM Repurposing Secondary Screen),-0.078,compound_experiment
GSK1070916 (BRD:BRD-K36740062-001-06-6),Drug sensitivity AUC (PRISM Repurposing Secondary Screen),0.078,compound_experiment
deforolimus (BRD:BRD-K62304154-001-04-2),Drug sensitivity AUC (PRISM Repurposing Secondary Screen),-0.078,compound_experiment
HG-5-88-01 (GDSC1:1143),Drug sensitivity AUC (Sanger GDSC1),0.078,compound_experiment
chloramphenicol-palmitate (BRD:BRD-K96424892-001-02-9),Drug sensitivity AUC (PRISM Repurposing Secondary Screen),-0.078,compound_experiment
VER-49009 (BRD:BRD-K38548312-001-01-0),Drug sensitivity AUC (PRISM Repurposing Secondary Screen),0.078,compound_experiment
Compound 1541A (CTRP:411827),Drug sensitivity AUC (CTD^2),-0.077,compound_experiment
BORTEZOMIB (GDSC2:1191),Drug sensitivity AUC (Sanger GDSC2),0.077,compound_experiment
bephenium-hydroxynaphthoate (BRD:BRD-K47878171-086-06-0),Drug sensitivity AUC (PRISM Repurposing Secondary Screen),-0.077,compound_experiment
nafcillin (BRD:BRD-K18574842-236-17-7),Drug sensitivity AUC (PRISM Repurposing Secondary Screen),0.077,compound_experiment
trifluridine (BRD:BRD-K03243820-001-23-8),Drug sensitivity AUC (PRISM Repurposing Secondary Screen),-0.077,compound_experiment
BIIB021 (BRD:BRD-K51967704-001-03-6),Drug sensitivity AUC (PRISM Repurposing Secondary Screen),0.077,compound_experiment
melengestrol-acetate (BRD:BRD-A42746051-001-02-9),Drug sensitivity AUC (PRISM Repurposing Secondary Screen),0.077,compound_experiment
chlormidazole (BRD:BRD-K60443845-001-08-6),Drug sensitivity AUC (PRISM Repurposing Secondary Screen),-0.077,compound_experiment
TG-100713 (BRD:BRD-K46392623-001-02-5),Drug sensitivity AUC (PRISM Repurposing Secondary Screen),0.077,compound_experiment
crolibulin (BRD:BRD-K00003162-001-01-9),PRISM Repurposing Public 24Q2,-0.077,compound_experiment
TWS-119 (GDSC1:366),Drug sensitivity AUC (Sanger GDSC1),0.077,compound_experiment
Vicagrel - QC Failure (BRD:BRD-K00090639-001-01-9 - QC Failure),PRISM Repurposing Public 24Q2,0.077,compound_experiment
LY3200882 (BRD:BRD-K00003446-001-01-9),PRISM Repurposing Public 24Q2,0.076,compound_experiment
selumetinib:PLX-4032 (8:1 mol/mol) (CTRP:660133),Drug sensitivity AUC (CTD^2),0.076,compound_experiment
HBED (BRD:BRD-K00004555-001-01-9),PRISM Repurposing Public 24Q2,-0.076,compound_experiment
PARTHENOLIDE (GDSC1:89),Drug sensitivity AUC (Sanger GDSC1),0.076,compound_experiment
PF-06651600 (BRD:BRD-K47084954-001-02-9),PRISM Repurposing Public 24Q2,0.076,compound_experiment
BLU9931 (BRD:BRD-K72898849-001-01-8),PRISM Repurposing Public 24Q2,0.076,compound_experiment
xanomeline (BRD:BRD-K72815923-034-01-2),Drug sensitivity AUC (PRISM Repurposing Secondary Screen),0.076,compound_experiment
KHS101 (CTRP:660819),Drug sensitivity AUC (CTD^2),-0.076,compound_experiment
Almonertinib - QC Failure (BRD:BRD-K00090630-001-01-9 - QC Failure),PRISM Repurposing Public 24Q2,0.076,compound_experiment
phlorizin (BRD:BRD-K24601397-001-01-1),Drug sensitivity AUC (PRISM Repurposing Secondary Screen),0.076,compound_experiment
lapatinib (BRD:BRD-K19687926-001-04-1),Drug sensitivity AUC (PRISM Repurposing Secondary Screen),0.076,compound_experiment
rubitecan (BRD:BRD-K79821389-001-03-5),Drug sensitivity AUC (PRISM Repurposing Secondary Screen),0.076,compound_experiment
benfotiamine (BRD:BRD-K07359318-001-03-9),Drug sensitivity AUC (PRISM Repurposing Secondary Screen),-0.076,compound_experiment
INH1 (BRD:BRD-K70177501-003-01-4),Drug sensitivity AUC (PRISM Repurposing Secondary Screen),-0.076,compound_experiment
EPZ-5676 (BRD:BRD-K26531771-001-02-2),Drug sensitivity AUC (PRISM Repurposing Secondary Screen),0.076,compound_experiment
metyrapone (BRD:BRD-K46862739-001-14-3),Drug sensitivity AUC (PRISM Repurposing Secondary Screen),0.076,compound_experiment
Oclacitinib (BRD:BRD-K00084846-001-01-9),PRISM Repurposing Public 24Q2,0.076,compound_experiment
ML213 (BRD:BRD-K00004301-001-01-9),PRISM Repurposing Public 24Q2,-0.075,compound_experiment
GGsTop (BRD:BRD-A25625670-001-02-7),PRISM Repurposing Public 24Q2,-0.075,compound_experiment
AVAGACESTAT (GDSC1:1072),Drug sensitivity AUC (Sanger GDSC1),0.075,compound_experiment
GDC-0941 (GDSC1:1527),Drug sensitivity AUC (Sanger GDSC1),0.075,compound_experiment
ZSTK-474 (GDSC1:223),Drug sensitivity AUC (Sanger GDSC1),-0.075,compound_experiment
BMS-582949 (BRD:BRD-K00003168-003-01-9),PRISM Repurposing Public 24Q2,-0.075,compound_experiment
cot-inhibitor-1 (BRD:BRD-K98710228-001-01-6),PRISM Repurposing Public 24Q2,-0.075,compound_experiment
naquotinib (BRD:BRD-K64114733-066-03-9),PRISM Repurposing Public 24Q2,0.075,compound_experiment
gossypol (CTRP:25036),Drug sensitivity AUC (CTD^2),-0.075,compound_experiment
ombrabulin (BRD:BRD-K00003267-003-01-9),PRISM Repurposing Public 24Q2,-0.075,compound_experiment
S63845 (BRD:BRD-K91876515-001-03-9),PRISM Repurposing Public 24Q2,-0.075,compound_experiment
Nimustine (hydrochloride) - QC Failure (BRD:BRD-K00075575-003-02-9 - QC Failure),PRISM Repurposing Public 24Q2,0.075,compound_experiment
YM-155 (GDSC2:1941),Drug sensitivity AUC (Sanger GDSC2),0.075,compound_experiment
NVP-TAE684 (CTRP:606249),Drug sensitivity AUC (CTD^2),0.075,compound_experiment
tosedostat (CTRP:417987),Drug sensitivity AUC (CTD^2),0.075,compound_experiment
rucaparib (BRD:BRD-K88560311-011-06-3),Drug sensitivity AUC (PRISM Repurposing Secondary Screen),-0.075,compound_experiment
fluoromethylcholine (BRD:BRD-K51199656-003-01-4),Drug sensitivity AUC (PRISM Repurposing Secondary Screen),-0.075,compound_experiment
metronidazole (BRD:BRD-K52020312-001-26-8),Drug sensitivity AUC (PRISM Repurposing Secondary Screen),0.075,compound_experiment
NAN-190 (BRD:BRD-K69195780-004-08-4),Drug sensitivity AUC (PRISM Repurposing Secondary Screen),0.075,compound_experiment
MHP (BRD:BRD-K00074484-001-02-9),PRISM Repurposing Public 24Q2,0.074,compound_experiment
mertansine (BRD:BRD-K00003293-001-01-9),PRISM Repurposing Public 24Q2,-0.074,compound_experiment
GPRP (acetate) - QC Failure (BRD:BRD-K00091293-015-01-9 - QC Failure),PRISM Repurposing Public 24Q2,0.074,compound_experiment
TCV-309 (BRD:BRD-K00003278-003-01-9),PRISM Repurposing Public 24Q2,0.074,compound_experiment
AST2818 (mesylate) - QC Failure (BRD:BRD-K00090632-066-01-9 - QC Failure),PRISM Repurposing Public 24Q2,0.074,compound_experiment
thonzonium (BRD:BRD-K13387373-004-14-5),Drug sensitivity AUC (PRISM Repurposing Secondary Screen),0.074,compound_experiment
AR-12 (BRD:BRD-K90497590-001-04-2),Drug sensitivity AUC (PRISM Repurposing Secondary Screen),0.074,compound_experiment
narlaprevir (BRD:BRD-K38287497-001-01-2),Drug sensitivity AUC (PRISM Repurposing Secondary Screen),0.074,compound_experiment
aurora-a-inhibitor-i (BRD:BRD-K53561341-001-07-5),Drug sensitivity AUC (PRISM Repurposing Secondary Screen),0.074,compound_experiment
semaxanib (BRD:BRD-K63504947-001-14-7),Drug sensitivity AUC (PRISM Repurposing Secondary Screen),-0.074,compound_experiment
SB-657510 (BRD:BRD-K95292280-001-01-3),Drug sensitivity AUC (PRISM Repurposing Secondary Screen),-0.074,compound_experiment
ranitidine (BRD:BRD-K70505054-003-12-4),Drug sensitivity AUC (PRISM Repurposing Secondary Screen),0.074,compound_experiment
ETP-46464 (CTRP:666716),Drug sensitivity AUC (CTD^2),-0.074,compound_experiment
dinaciclib (CTRP:687578),Drug sensitivity AUC (CTD^2),-0.074,compound_experiment
TENIPOSIDE (GDSC2:1809),Drug sensitivity AUC (Sanger GDSC2),-0.074,compound_experiment
dihydroartemisinin (BRD:BRD-K62213621-001-01-6),Drug sensitivity AUC (PRISM Repurposing Secondary Screen),-0.074,compound_experiment
neratinib (BRD:BRD-K85606544-001-09-1),Drug sensitivity AUC (PRISM Repurposing Secondary Screen),0.074,compound_experiment
LY2183240 (BRD:BRD-K37865504-001-04-1),Drug sensitivity AUC (PRISM Repurposing Secondary Screen),-0.074,compound_experiment
delanzomib (BRD:BRD-K59325863-001-02-8),Drug sensitivity AUC (PRISM Repurposing Secondary Screen),0.074,compound_experiment
"WZ-1-84, KIN001-123 (GDSC1:59)",Drug sensitivity AUC (Sanger GDSC1),0.074,compound_experiment
WYE-125132 (GDSC1:317),Drug sensitivity AUC (Sanger GDSC1),-0.073,compound_experiment
lapatinib (CTRP:634309),Drug sensitivity AUC (CTD^2),0.073,compound_experiment
pifithrin-mu (CTRP:375596),Drug sensitivity AUC (CTD^2),-0.073,compound_experiment
TEMSIROLIMUS (GDSC1:1016),Drug sensitivity AUC (Sanger GDSC1),-0.073,compound_experiment
VNLG/124 (GDSC1:271),Drug sensitivity AUC (Sanger GDSC1),0.073,compound_experiment
"Z-LLNLE-CHO, Z-L-NORLEUCINE-CHO (GDSC1:45)",Drug sensitivity AUC (Sanger GDSC1),0.073,compound_experiment
CRIZOTINIB (GDSC1:37),Drug sensitivity AUC (Sanger GDSC1),0.073,compound_experiment
PD-0325901 (BRD:BRD-K49865102-001-08-4),Drug sensitivity AUC (PRISM Repurposing Secondary Screen),0.073,compound_experiment
I-CBP-112 (BRD:BRD-K57090026-001-04-9),PRISM Repurposing Public 24Q2,-0.073,compound_experiment
WAY-600 (BRD:BRD-K85920262-001-02-1),Drug sensitivity AUC (PRISM Repurposing Secondary Screen),-0.073,compound_experiment
BMS-690514 (BRD:BRD-K76239644-001-02-6),Drug sensitivity AUC (PRISM Repurposing Secondary Screen),0.073,compound_experiment
tedizolid-phosphate (BRD:BRD-K89121095-001-01-7),Drug sensitivity AUC (PRISM Repurposing Secondary Screen),0.073,compound_experiment
picolinic-acid (BRD:BRD-K01029106-001-01-4),Drug sensitivity AUC (PRISM Repurposing Secondary Screen),0.073,compound_experiment
A-887826 (BRD:BRD-K20239555-001-02-9),PRISM Repurposing Public 24Q2,-0.073,compound_experiment
CycLuc1 (BRD:BRD-K00005335-001-01-9),PRISM Repurposing Public 24Q2,-0.073,compound_experiment
visomitin (BRD:BRD-K00003375-004-01-9),PRISM Repurposing Public 24Q2,-0.073,compound_experiment
JHW-007 (BRD:BRD-K32892871-003-02-9),PRISM Repurposing Public 24Q2,-0.073,compound_experiment
taselisib (BRD:BRD-K44844162-001-01-6),Drug sensitivity AUC (PRISM Repurposing Secondary Screen),0.073,compound_experiment
IRINOTECAN (GDSC2:1088),Drug sensitivity AUC (Sanger GDSC2),-0.073,compound_experiment
MITOXANTRONE (GDSC2:1810),Drug sensitivity AUC (Sanger GDSC2),-0.073,compound_experiment
olaparib (BRD:BRD-K02113016-001-15-4),Drug sensitivity AUC (PRISM Repurposing Secondary Screen),-0.073,compound_experiment
nithiamide (BRD:BRD-K39467894-001-06-7),Drug sensitivity AUC (PRISM Repurposing Secondary Screen),0.073,compound_experiment
alvespimycin (BRD:BRD-K83988098-003-03-4),Drug sensitivity AUC (PRISM Repurposing Secondary Screen),0.073,compound_experiment
sorafenib (BRD:BRD-K23984367-075-15-2),Drug sensitivity AUC (PRISM Repurposing Secondary Screen),-0.073,compound_experiment
estradiol-benzoate (BRD:BRD-A74765037-001-01-1),Drug sensitivity AUC (PRISM Repurposing Secondary Screen),-0.072,compound_experiment
tradipitant (BRD:BRD-K00003222-001-01-9),PRISM Repurposing Public 24Q2,-0.072,compound_experiment
RAF265 (BRD:BRD-K93123848-001-04-1),Drug sensitivity AUC (PRISM Repurposing Secondary Screen),-0.072,compound_experiment
KX2-391 (BRD:BRD-K29968218-001-03-2),Drug sensitivity AUC (PRISM Repurposing Secondary Screen),-0.072,compound_experiment
taurine (BRD:BRD-K51474575-001-10-4),Drug sensitivity AUC (PRISM Repurposing Secondary Screen),-0.072,compound_experiment
apararenone (BRD:BRD-K00003492-001-01-9),PRISM Repurposing Public 24Q2,0.072,compound_experiment
AS-703026 (BRD:BRD-K89014967-001-04-3),Drug sensitivity AUC (PRISM Repurposing Secondary Screen),0.072,compound_experiment
Metoprine (BRD:BRD-K77185060-001-08-9),PRISM Repurposing Public 24Q2,-0.072,compound_experiment
DM4 (BRD:BRD-K00090635-001-01-9),PRISM Repurposing Public 24Q2,-0.072,compound_experiment
Molnupiravir (BRD:BRD-K00090621-001-02-9),PRISM Repurposing Public 24Q2,0.072,compound_experiment
AZD7762 (GDSC2:1022),Drug sensitivity AUC (Sanger GDSC2),0.072,compound_experiment
QL-XII-61 (GDSC1:1203),Drug sensitivity AUC (Sanger GDSC1),-0.072,compound_experiment
KIN001-270 (GDSC1:345),Drug sensitivity AUC (Sanger GDSC1),-0.072,compound_experiment
obatoclax (BRD:BRD-K15600710-066-05-8),Drug sensitivity AUC (PRISM Repurposing Secondary Screen),0.071,compound_experiment
BIBX-1382 (BRD:BRD-K70914287-300-02-8),Drug sensitivity AUC (PRISM Repurposing Secondary Screen),0.071,compound_experiment
HTH-01-015 (BRD:BRD-K58726989-001-02-7),PRISM Repurposing Public 24Q2,-0.071,compound_experiment
tamibarotene (BRD:BRD-K36627727-001-05-4),Drug sensitivity AUC (PRISM Repurposing Secondary Screen),0.071,compound_experiment
estramustine-phosphate (BRD:BRD-K00077635-304-01-2),Drug sensitivity AUC (PRISM Repurposing Secondary Screen),-0.071,compound_experiment
decitabine (BRD:BRD-K79254416-001-21-8),Drug sensitivity AUC (PRISM Repurposing Secondary Screen),0.071,compound_experiment
acetophenazine (BRD:BRD-K42938903-332-01-1),Drug sensitivity AUC (PRISM Repurposing Secondary Screen),0.071,compound_experiment
azalomycin-b (BRD:BRD-K96104201-001-01-5),Drug sensitivity AUC (PRISM Repurposing Secondary Screen),0.071,compound_experiment
PD-407824 (BRD:BRD-K82823804-001-04-1),Drug sensitivity AUC (PRISM Repurposing Secondary Screen),-0.071,compound_experiment
PD-318088 (BRD:BRD-A57798112-001-03-7),Drug sensitivity AUC (PRISM Repurposing Secondary Screen),0.071,compound_experiment
CGS-20625 (BRD:BRD-K68103045-001-02-9),Drug sensitivity AUC (PRISM Repurposing Secondary Screen),0.071,compound_experiment
RP-001 (BRD:BRD-A29148886-003-02-9),PRISM Repurposing Public 24Q2,-0.071,compound_experiment
ziprasidone (BRD:BRD-K29582115-066-01-2),Drug sensitivity AUC (PRISM Repurposing Secondary Screen),0.071,compound_experiment
QW-BI-011 (CTRP:362063),Drug sensitivity AUC (CTD^2),-0.071,compound_experiment
SRT-1720 (CTRP:411820),Drug sensitivity AUC (CTD^2),-0.071,compound_experiment
GSK3117391 (BRD:BRD-K00004614-001-01-9),PRISM Repurposing Public 24Q2,-0.071,compound_experiment
CP-471474 (BRD:BRD-K33234937-001-02-9),PRISM Repurposing Public 24Q2,-0.071,compound_experiment
bronopol (BRD:BRD-K33457401-001-02-9),PRISM Repurposing Public 24Q2,-0.071,compound_experiment
QL-VIII-58 (GDSC1:1166),Drug sensitivity AUC (Sanger GDSC1),0.071,compound_experiment
ERK5-IN-1 (BRD:BRD-K64857848-001-06-4),PRISM Repurposing Public 24Q2,-0.071,compound_experiment
firsocostat (BRD:BRD-K00003236-001-01-9),PRISM Repurposing Public 24Q2,-0.071,compound_experiment
VE-821 (BRD:BRD-K26756394-001-02-2),Drug sensitivity AUC (PRISM Repurposing Secondary Screen),-0.071,compound_experiment
Febantel (BRD:BRD-K00076917-001-02-9),PRISM Repurposing Public 24Q2,0.071,compound_experiment
ebastine (BRD:BRD-K13314656-001-01-0),Drug sensitivity AUC (PRISM Repurposing Secondary Screen),0.07,compound_experiment
CYTARABINE (GDSC2:1006),Drug sensitivity AUC (Sanger GDSC2),-0.07,compound_experiment
isoliquiritigenin (CTRP:25393),Drug sensitivity AUC (CTD^2),-0.07,compound_experiment
JW-74 (CTRP:676728),Drug sensitivity AUC (CTD^2),-0.07,compound_experiment
CIL56 (CTRP:100490),Drug sensitivity AUC (CTD^2),0.07,compound_experiment
upadacitinib (BRD:BRD-K00003286-001-01-9),PRISM Repurposing Public 24Q2,-0.07,compound_experiment
PAC-1 (BRD:BRD-K92991072-001-04-9),Drug sensitivity AUC (PRISM Repurposing Secondary Screen),-0.07,compound_experiment
PF-4708671 (GDSC2:1129),Drug sensitivity AUC (Sanger GDSC2),-0.07,compound_experiment
THZ531 (BRD:BRD-K00104123-001-01-9),PRISM Repurposing Public 24Q2,0.07,compound_experiment
nastorazepide (BRD:BRD-K17295893-238-03-9),PRISM Repurposing Public 24Q2,-0.07,compound_experiment
atorvastatin (BRD:BRD-K69726342-238-05-9),PRISM Repurposing Public 24Q2,-0.07,compound_experiment
L-kynurenine (BRD:BRD-K20497775-001-06-9),PRISM Repurposing Public 24Q2,-0.07,compound_experiment
OXF-BD-02 (BRD:BRD-A73891132-001-02-9),PRISM Repurposing Public 24Q2,-0.07,compound_experiment
PDD-00017273 (BRD:BRD-K00021095-001-01-9),PRISM Repurposing Public 24Q2,0.07,compound_experiment
GSK1562590 (BRD:BRD-K36697397-003-02-9),PRISM Repurposing Public 24Q2,-0.07,compound_experiment
tioxolone (BRD:BRD-K41876534-001-13-7),Drug sensitivity AUC (PRISM Repurposing Secondary Screen),-0.07,compound_experiment
TMS (BRD:BRD-K96233303-001-01-9),Drug sensitivity AUC (PRISM Repurposing Secondary Screen),-0.07,compound_experiment
AEE788 (BRD:BRD-K40718343-001-02-6),Drug sensitivity AUC (PRISM Repurposing Secondary Screen),0.07,compound_experiment
mitomycin (CTRP:50732),Drug sensitivity AUC (CTD^2),-0.07,compound_experiment
GSK3326595 (BRD:BRD-K00003421-001-01-9),PRISM Repurposing Public 24Q2,0.069,compound_experiment
AZD-0364 (BRD:BRD-K00091078-001-01-9),PRISM Repurposing Public 24Q2,0.069,compound_experiment
G-749 (BRD:BRD-K00003126-001-01-9),PRISM Repurposing Public 24Q2,-0.069,compound_experiment
ABT-418 (hydrochloride) (BRD:BRD-K00075715-003-02-9),PRISM Repurposing Public 24Q2,0.069,compound_experiment
BMS-345541 (GDSC1:203),Drug sensitivity AUC (Sanger GDSC1),-0.069,compound_experiment
riociguat (BRD:BRD-K84783599-001-01-0),Drug sensitivity AUC (PRISM Repurposing Secondary Screen),0.069,compound_experiment
midostaurin (BRD:BRD-K13646352-001-03-8),Drug sensitivity AUC (PRISM Repurposing Secondary Screen),0.069,compound_experiment
flumethasone (BRD:BRD-K61496577-001-20-2),Drug sensitivity AUC (PRISM Repurposing Secondary Screen),0.069,compound_experiment
isonicotinohydroxamic acid (CTRP:478694),Drug sensitivity AUC (CTD^2),-0.069,compound_experiment
BRD-K28456706 (CTRP:651642),Drug sensitivity AUC (CTD^2),-0.069,compound_experiment
BRD-K01737880 (CTRP:438345),Drug sensitivity AUC (CTD^2),0.069,compound_experiment
AZD8330 (BRD:BRD-K37687095-001-06-9),Drug sensitivity AUC (PRISM Repurposing Secondary Screen),0.069,compound_experiment
ZM-306416 (BRD:BRD-K41337261-001-03-0),Drug sensitivity AUC (PRISM Repurposing Secondary Screen),0.069,compound_experiment
levocarnitine (BRD:BRD-K59647213-001-10-5),Drug sensitivity AUC (PRISM Repurposing Secondary Screen),0.069,compound_experiment
licochalcone-a (BRD:BRD-K26011976-001-01-0),Drug sensitivity AUC (PRISM Repurposing Secondary Screen),0.069,compound_experiment
bekanamycin (BRD:BRD-K73425385-065-04-8),Drug sensitivity AUC (PRISM Repurposing Secondary Screen),0.069,compound_experiment
indirubin (BRD:BRD-K17894950-001-14-3),Drug sensitivity AUC (PRISM Repurposing Secondary Screen),-0.069,compound_experiment
morin (BRD:BRD-K11590034-002-03-4),Drug sensitivity AUC (PRISM Repurposing Secondary Screen),-0.069,compound_experiment
G-1 (BRD:BRD-K62696033-001-01-4),Drug sensitivity AUC (PRISM Repurposing Secondary Screen),-0.069,compound_experiment
VU0238429 (BRD:BRD-K24187789-001-01-7),Drug sensitivity AUC (PRISM Repurposing Secondary Screen),-0.069,compound_experiment
flumethasone-pivalate (BRD:BRD-A50064262-001-04-7),Drug sensitivity AUC (PRISM Repurposing Secondary Screen),0.069,compound_experiment
DACTINOMYCIN (GDSC2:1811),Drug sensitivity AUC (Sanger GDSC2),-0.069,compound_experiment
S4 (BRD:BRD-K96798615-001-02-9),PRISM Repurposing Public 24Q2,0.068,compound_experiment
CD-437 (BRD:BRD-K28907958-001-04-3),Drug sensitivity AUC (PRISM Repurposing Secondary Screen),0.068,compound_experiment
baricitinib (BRD:BRD-K53581288-001-02-9),Drug sensitivity AUC (PRISM Repurposing Secondary Screen),0.068,compound_experiment
domiphen (BRD:BRD-K30431096-004-01-3),Drug sensitivity AUC (PRISM Repurposing Secondary Screen),-0.068,compound_experiment
palmitoylethanolamide (BRD:BRD-K68095457-001-10-1),Drug sensitivity AUC (PRISM Repurposing Secondary Screen),0.068,compound_experiment
BRD-K75293299 (CTRP:438691),Drug sensitivity AUC (CTD^2),0.068,compound_experiment
masitinib (CTRP:606143),Drug sensitivity AUC (CTD^2),-0.068,compound_experiment
dexamethasone (CTRP:277354),Drug sensitivity AUC (CTD^2),-0.068,compound_experiment
CAY10618 (CTRP:632104),Drug sensitivity AUC (CTD^2),-0.068,compound_experiment
BRD-K49290616 (CTRP:414479),Drug sensitivity AUC (CTD^2),0.068,compound_experiment
sirolimus:bortezomib (250:1 mol/mol) (CTRP:660134),Drug sensitivity AUC (CTD^2),-0.068,compound_experiment
RITA (BRD:BRD-K00317371-001-06-1),Drug sensitivity AUC (PRISM Repurposing Secondary Screen),-0.068,compound_experiment
abiraterone-acetate (BRD:BRD-K24048528-001-02-5),Drug sensitivity AUC (PRISM Repurposing Secondary Screen),-0.068,compound_experiment
lusutrombopag (BRD:BRD-K93228461-001-02-9),PRISM Repurposing Public 24Q2,0.068,compound_experiment
leucovorin (BRD:BRD-A75919782-399-02-6),Drug sensitivity AUC (PRISM Repurposing Secondary Screen),0.068,compound_experiment
AZD8055 (BRD:BRD-K69932463-001-10-6),Drug sensitivity AUC (PRISM Repurposing Secondary Screen),-0.068,compound_experiment
tacedinaline (BRD:BRD-K52313696-001-12-3),Drug sensitivity AUC (PRISM Repurposing Secondary Screen),-0.068,compound_experiment
GNF-7 (BRD:BRD-K69075588-001-02-9),PRISM Repurposing Public 24Q2,0.068,compound_experiment
Ro-04-5595 (BRD:BRD-A63546914-003-02-0),Drug sensitivity AUC (PRISM Repurposing Secondary Screen),0.068,compound_experiment
imirestat (BRD:BRD-K00003208-001-01-9),PRISM Repurposing Public 24Q2,0.068,compound_experiment
Brofaromine (BRD:BRD-K00076468-001-02-9),PRISM Repurposing Public 24Q2,-0.068,compound_experiment
R-268712 (BRD:BRD-K83904070-001-02-9),PRISM Repurposing Public 24Q2,0.068,compound_experiment
darifenacin (BRD:BRD-K95773607-004-03-8),Drug sensitivity AUC (PRISM Repurposing Secondary Screen),0.068,compound_experiment
TRAMETINIB (GDSC1:1372),Drug sensitivity AUC (Sanger GDSC1),0.067,compound_experiment
TP-3654 (BRD:BRD-K00005239-001-01-9),PRISM Repurposing Public 24Q2,0.067,compound_experiment
KME-4 (BRD:BRD-K00004747-001-01-9),PRISM Repurposing Public 24Q2,0.067,compound_experiment
HA-130 (BRD:BRD-K64452997-001-02-9),PRISM Repurposing Public 24Q2,-0.067,compound_experiment
Deprodone propionate (BRD:BRD-K00090631-001-01-9),PRISM Repurposing Public 24Q2,-0.067,compound_experiment
LTX-315 (BRD:BRD-K00003300-001-01-9),PRISM Repurposing Public 24Q2,0.067,compound_experiment
halofuginone (BRD:BRD-K54247840-004-01-3),Drug sensitivity AUC (PRISM Repurposing Secondary Screen),0.067,compound_experiment
crizotinib (BRD:BRD-K78431006-001-15-1),Drug sensitivity AUC (PRISM Repurposing Secondary Screen),0.067,compound_experiment
tilmicosin (BRD:BRD-K26634012-001-04-9),Drug sensitivity AUC (PRISM Repurposing Secondary Screen),0.067,compound_experiment
xilobam (BRD:BRD-K79633074-001-01-8),Drug sensitivity AUC (PRISM Repurposing Secondary Screen),0.067,compound_experiment
frentizole (BRD:BRD-K07202345-001-19-4),Drug sensitivity AUC (PRISM Repurposing Secondary Screen),-0.067,compound_experiment
AZD1480 (BRD:BRD-K65928735-001-04-3),Drug sensitivity AUC (PRISM Repurposing Secondary Screen),0.067,compound_experiment
MK-0773 (BRD:BRD-K38868394-001-01-3),Drug sensitivity AUC (PRISM Repurposing Secondary Screen),0.067,compound_experiment
enocitabine (BRD:BRD-K32007074-001-02-9),Drug sensitivity AUC (PRISM Repurposing Secondary Screen),-0.067,compound_experiment
LFM-A13 (GDSC1:192),Drug sensitivity AUC (Sanger GDSC1),0.067,compound_experiment
torin-1 (BRD:BRD-K40175214-001-11-6),Drug sensitivity AUC (PRISM Repurposing Secondary Screen),-0.067,compound_experiment
doxorubicin (CTRP:36599),Drug sensitivity AUC (CTD^2),-0.067,compound_experiment
tanespimycin:gemcitabine (1:1 mol/mol) (CTRP:660216),Drug sensitivity AUC (CTD^2),-0.067,compound_experiment
navitoclax:gemcitabine (1:1 mol/mol) (CTRP:660225),Drug sensitivity AUC (CTD^2),-0.066,compound_experiment
scriptaid (BRD:BRD-K22503835-001-11-0),Drug sensitivity AUC (PRISM Repurposing Secondary Screen),-0.066,compound_experiment
rifampin (BRD:BRD-K01507359-001-22-9),Drug sensitivity AUC (PRISM Repurposing Secondary Screen),-0.066,compound_experiment
GSK461364 (CTRP:649862),Drug sensitivity AUC (CTD^2),-0.066,compound_experiment
SB-612111 (BRD:BRD-K08333979-003-02-9),PRISM Repurposing Public 24Q2,0.066,compound_experiment
Neu2000 (BRD:BRD-K00003470-001-01-9),PRISM Repurposing Public 24Q2,0.066,compound_experiment
furamidine (BRD:BRD-K77758223-300-02-9),PRISM Repurposing Public 24Q2,-0.066,compound_experiment
tomivosertib (BRD:BRD-K00003361-001-01-9),PRISM Repurposing Public 24Q2,0.066,compound_experiment
LY404187 (BRD:BRD-A50062753-001-02-9),PRISM Repurposing Public 24Q2,-0.066,compound_experiment
Enarodustat (BRD:BRD-K00090634-001-01-9),PRISM Repurposing Public 24Q2,0.066,compound_experiment
Mobocertinib (BRD:BRD-K00069020-001-02-9),PRISM Repurposing Public 24Q2,0.066,compound_experiment
bamaquimast (BRD:BRD-K00003411-001-01-9),PRISM Repurposing Public 24Q2,0.066,compound_experiment
EC5026 (BRD:BRD-K00091074-001-01-9),PRISM Repurposing Public 24Q2,-0.066,compound_experiment
Tecarfarin (BRD:BRD-K00079520-001-02-9),PRISM Repurposing Public 24Q2,0.066,compound_experiment
TU-2100 (BRD:BRD-K44590731-001-01-7),Drug sensitivity AUC (PRISM Repurposing Secondary Screen),0.066,compound_experiment
LDN-193189 (GDSC1:478),Drug sensitivity AUC (Sanger GDSC1),0.066,compound_experiment
dabrafenib (CTRP:687954),Drug sensitivity AUC (CTD^2),-0.066,compound_experiment
alexidine (BRD:BRD-A27883417-300-01-6),Drug sensitivity AUC (PRISM Repurposing Secondary Screen),0.066,compound_experiment
SAR131675 (BRD:BRD-K38904395-001-02-3),Drug sensitivity AUC (PRISM Repurposing Secondary Screen),-0.066,compound_experiment
RS-16566 (BRD:BRD-K80725821-300-02-9),Drug sensitivity AUC (PRISM Repurposing Secondary Screen),0.066,compound_experiment
lomefloxacin (BRD:BRD-A75850590-213-01-0),Drug sensitivity AUC (PRISM Repurposing Secondary Screen),0.066,compound_experiment
ERLOTINIB (GDSC2:1168),Drug sensitivity AUC (Sanger GDSC2),0.066,compound_experiment
PU-H71 (BRD:BRD-K36529613-001-02-6),Drug sensitivity AUC (PRISM Repurposing Secondary Screen),0.066,compound_experiment
"JW-7-52-1, NA (GDSC1:83)",Drug sensitivity AUC (Sanger GDSC1),0.066,compound_experiment
carbarsone (BRD:BRD-K94848716-001-12-9),PRISM Repurposing Public 24Q2,0.065,compound_experiment
SNX-5422 (BRD:BRD-K73197500-001-02-2),Drug sensitivity AUC (PRISM Repurposing Secondary Screen),0.065,compound_experiment
PD-168393 (BRD:BRD-K17702546-001-03-2),Drug sensitivity AUC (PRISM Repurposing Secondary Screen),0.065,compound_experiment
BRD9647 (CTRP:37479),Drug sensitivity AUC (CTD^2),0.065,compound_experiment
WZ3105 (GDSC1:252),Drug sensitivity AUC (Sanger GDSC1),-0.065,compound_experiment
fumonisin B1 (CTRP:616353),Drug sensitivity AUC (CTD^2),0.065,compound_experiment
OLAPARIB (GDSC1:1495),Drug sensitivity AUC (Sanger GDSC1),0.065,compound_experiment
neratinib (CTRP:418038),Drug sensitivity AUC (CTD^2),0.065,compound_experiment
acrylate (BRD:BRD-M00184283-001-01-1),PRISM Repurposing Public 24Q2,-0.065,compound_experiment
atractylenolide-i (BRD:BRD-K00003732-001-01-9),PRISM Repurposing Public 24Q2,-0.065,compound_experiment
BMS-536924 (BRD:BRD-K34581968-001-04-6),PRISM Repurposing Public 24Q2,0.065,compound_experiment
LGX818 (BRD:BRD-A56085258-001-01-8),Drug sensitivity AUC (PRISM Repurposing Secondary Screen),-0.065,compound_experiment
cinromide (BRD:BRD-K66241279-001-01-8),Drug sensitivity AUC (PRISM Repurposing Secondary Screen),-0.065,compound_experiment
PF-3845 (BRD:BRD-K68997413-001-05-1),Drug sensitivity AUC (PRISM Repurposing Secondary Screen),-0.065,compound_experiment
prednisolone (BRD:BRD-A27887842-001-04-0),Drug sensitivity AUC (PRISM Repurposing Secondary Screen),0.065,compound_experiment
BMS-626529 (BRD:BRD-K97883416-001-01-4),Drug sensitivity AUC (PRISM Repurposing Secondary Screen),0.065,compound_experiment
methylparaben (BRD:BRD-K78321730-001-13-9),PRISM Repurposing Public 24Q2,-0.065,compound_experiment
SB-590885 (BRD:BRD-K78809024-001-05-7),Drug sensitivity AUC (PRISM Repurposing Secondary Screen),-0.065,compound_experiment
AT7867 (BRD:BRD-K12040459-001-06-0),Drug sensitivity AUC (PRISM Repurposing Secondary Screen),0.065,compound_experiment
pirenperone (BRD:BRD-K25224017-001-25-0),Drug sensitivity AUC (PRISM Repurposing Secondary Screen),-0.065,compound_experiment
4-(4-fluorobenzoyl)-1-(4-phenylbutyl)-piperidine (BRD:BRD-K47337578-034-02-5),Drug sensitivity AUC (PRISM Repurposing Secondary Screen),-0.065,compound_experiment
sangivamycin (BRD:BRD-A64064900-001-02-3),Drug sensitivity AUC (PRISM Repurposing Secondary Screen),0.065,compound_experiment
paclitaxel (BRD:BRD-K62008436-001-23-9),Drug sensitivity AUC (PRISM Repurposing Secondary Screen),0.065,compound_experiment
GNE-7915 (BRD:BRD-K33963447-001-03-9),PRISM Repurposing Public 24Q2,0.065,compound_experiment
nicodicosapent (BRD:BRD-K00003262-001-01-9),PRISM Repurposing Public 24Q2,-0.065,compound_experiment
D-3263 (BRD:BRD-K00003205-003-01-9),PRISM Repurposing Public 24Q2,-0.065,compound_experiment
BTB06584 (BRD:BRD-K37933329-001-03-9),PRISM Repurposing Public 24Q2,0.065,compound_experiment
CIL70 (CTRP:183526),Drug sensitivity AUC (CTD^2),-0.064,compound_experiment
NVP-BEZ235 (CTRP:348992),Drug sensitivity AUC (CTD^2),-0.064,compound_experiment
NSC-319726 (BRD:BRD-K99170882-001-04-3),Drug sensitivity AUC (PRISM Repurposing Secondary Screen),-0.064,compound_experiment
LY-2183240 (CTRP:375496),Drug sensitivity AUC (CTD^2),-0.064,compound_experiment
brivanib (CTRP:606246),Drug sensitivity AUC (CTD^2),-0.064,compound_experiment
BRD-A02303741 (CTRP:659371),Drug sensitivity AUC (CTD^2),-0.064,compound_experiment
decitabine (CTRP:347775),Drug sensitivity AUC (CTD^2),-0.064,compound_experiment
AXITINIB (GDSC1:1021),Drug sensitivity AUC (Sanger GDSC1),-0.064,compound_experiment
I-BRD9 (GDSC2:1928),Drug sensitivity AUC (Sanger GDSC2),-0.064,compound_experiment
"1S,3R-RSL-3 (CTRP:609060)",Drug sensitivity AUC (CTD^2),0.064,compound_experiment
LB42708 (BRD:BRD-K18834913-001-01-1),Drug sensitivity AUC (PRISM Repurposing Secondary Screen),0.064,compound_experiment
LY2109761 (BRD:BRD-K47557313-001-02-7),Drug sensitivity AUC (PRISM Repurposing Secondary Screen),0.064,compound_experiment
erlotinib (BRD:BRD-K70401845-003-09-6),Drug sensitivity AUC (PRISM Repurposing Secondary Screen),0.064,compound_experiment
colfosceril-palmitate (BRD:BRD-A95886749-001-03-5),Drug sensitivity AUC (PRISM Repurposing Secondary Screen),0.064,compound_experiment
uridine (BRD:BRD-K13050303-001-17-3),Drug sensitivity AUC (PRISM Repurposing Secondary Screen),0.064,compound_experiment
RGFP966 (BRD:BRD-K61688984-001-02-9),Drug sensitivity AUC (PRISM Repurposing Secondary Screen),-0.064,compound_experiment
Repligen 136 (CTRP:628408),Drug sensitivity AUC (CTD^2),-0.064,compound_experiment
I-BET151 (BRD:BRD-K36363294-001-04-2),Drug sensitivity AUC (PRISM Repurposing Secondary Screen),-0.064,compound_experiment
fumonisin-B1 (BRD:BRD-K61915943-001-02-9),PRISM Repurposing Public 24Q2,0.064,compound_experiment
COH29 (BRD:BRD-K00003307-001-01-9),PRISM Repurposing Public 24Q2,-0.064,compound_experiment
micafungin (BRD:BRD-K40407248-001-04-9),PRISM Repurposing Public 24Q2,-0.064,compound_experiment
HSR6071 (BRD:BRD-K00004745-001-01-9),PRISM Repurposing Public 24Q2,-0.064,compound_experiment
ATR inhibitor 2 (BRD:BRD-K00091072-001-01-9),PRISM Repurposing Public 24Q2,0.064,compound_experiment
sitravatinib (BRD:BRD-K00003238-001-01-9),PRISM Repurposing Public 24Q2,0.064,compound_experiment
Elamipretide (TFA) (BRD:BRD-K00079505-019-02-9),PRISM Repurposing Public 24Q2,-0.064,compound_experiment
calcium-levofolinate (BRD:BRD-K97009491-238-05-9),PRISM Repurposing Public 24Q2,0.064,compound_experiment
aminosalicylate (BRD:BRD-K80267133-325-22-9),PRISM Repurposing Public 24Q2,-0.064,compound_experiment
bendazol (BRD:BRD-K60379054-001-09-9),PRISM Repurposing Public 24Q2,-0.064,compound_experiment
BTK-IN-1 (BRD:BRD-K00003437-001-01-9),PRISM Repurposing Public 24Q2,0.064,compound_experiment
isopropyl-myristate (BRD:BRD-K13409143-001-01-9),Drug sensitivity AUC (PRISM Repurposing Secondary Screen),0.063,compound_experiment
1-azakenpaullone (BRD:BRD-K03273112-001-01-8),Drug sensitivity AUC (PRISM Repurposing Secondary Screen),-0.063,compound_experiment
AZD5582 (BRD:BRD-K88767641-001-01-7),PRISM Repurposing Public 24Q2,0.063,compound_experiment
TL-2-105 (GDSC1:211),Drug sensitivity AUC (Sanger GDSC1),-0.063,compound_experiment
eprobemide (BRD:BRD-K17979676-001-01-2),Drug sensitivity AUC (PRISM Repurposing Secondary Screen),0.063,compound_experiment
LENALIDOMIDE (GDSC1:1020),Drug sensitivity AUC (Sanger GDSC1),-0.063,compound_experiment
3PO (BRD:BRD-K58413118-001-01-8),PRISM Repurposing Public 24Q2,0.063,compound_experiment
imisopasem-manganese (BRD:BRD-K00003154-001-01-9),PRISM Repurposing Public 24Q2,-0.063,compound_experiment
buramate (BRD:BRD-K30360804-001-02-9),PRISM Repurposing Public 24Q2,-0.063,compound_experiment
gefitinib (BRD:BRD-K64052750-001-22-5),Drug sensitivity AUC (PRISM Repurposing Secondary Screen),0.063,compound_experiment
UPROSERTIB (GDSC2:1553),Drug sensitivity AUC (Sanger GDSC2),-0.063,compound_experiment
EDO-S101 (BRD:BRD-K00003432-001-01-9),PRISM Repurposing Public 24Q2,-0.063,compound_experiment
tivantinib (BRD:BRD-K33379087-001-07-5),Drug sensitivity AUC (PRISM Repurposing Secondary Screen),0.063,compound_experiment
SNX-2112 (BRD:BRD-K71281111-001-04-3),Drug sensitivity AUC (PRISM Repurposing Secondary Screen),0.063,compound_experiment
PF-573228 (BRD:BRD-K79239947-001-06-8),Drug sensitivity AUC (PRISM Repurposing Secondary Screen),-0.063,compound_experiment
SR-33805 (BRD:BRD-K43002771-034-01-6),Drug sensitivity AUC (PRISM Repurposing Secondary Screen),-0.063,compound_experiment
BCTC (BRD:BRD-K66541497-001-02-9),PRISM Repurposing Public 24Q2,0.063,compound_experiment
atenolol-(-) (BRD:BRD-K44993696-001-12-3),Drug sensitivity AUC (PRISM Repurposing Secondary Screen),-0.063,compound_experiment
PR-619 (BRD:BRD-K54395039-001-01-7),Drug sensitivity AUC (PRISM Repurposing Secondary Screen),-0.063,compound_experiment
PHP-501 (BRD:BRD-K07460388-019-02-9),PRISM Repurposing Public 24Q2,0.063,compound_experiment
satraplatin (BRD:BRD-K42497885-001-01-1),Drug sensitivity AUC (PRISM Repurposing Secondary Screen),-0.063,compound_experiment
IACS-10759 (BRD:BRD-K00003105-003-01-9),PRISM Repurposing Public 24Q2,-0.063,compound_experiment
vorinostat (CTRP:56554),Drug sensitivity AUC (CTD^2),-0.063,compound_experiment
AT-7519 (BRD:BRD-K13390322-001-06-3),Drug sensitivity AUC (PRISM Repurposing Secondary Screen),0.063,compound_experiment
AMG458 (BRD:BRD-K21782625-001-02-4),Drug sensitivity AUC (PRISM Repurposing Secondary Screen),0.063,compound_experiment
ponatinib (BRD:BRD-K44227013-001-06-4),Drug sensitivity AUC (PRISM Repurposing Secondary Screen),0.063,compound_experiment
pibenzimol (BRD:BRD-K17026858-001-01-2),Drug sensitivity AUC (PRISM Repurposing Secondary Screen),-0.063,compound_experiment
tamatinib (CTRP:417818),Drug sensitivity AUC (CTD^2),0.063,compound_experiment
FGIN-1-27 (CTRP:61775),Drug sensitivity AUC (CTD^2),0.063,compound_experiment
SZ4TA2 (CTRP:688138),Drug sensitivity AUC (CTD^2),0.063,compound_experiment
"DMOG, DIMETHYLOXALYLGLCINE (GDSC1:165)",Drug sensitivity AUC (Sanger GDSC1),0.063,compound_experiment
S15535 (BRD:BRD-K00004653-001-01-9),PRISM Repurposing Public 24Q2,0.063,compound_experiment
Netarsudil mesylate (BRD:BRD-K00029607-334-02-9),PRISM Repurposing Public 24Q2,-0.063,compound_experiment
BAY-60-7550 (BRD:BRD-K86932920-001-02-9),PRISM Repurposing Public 24Q2,-0.062,compound_experiment
diquafosol (BRD:BRD-K00003514-342-01-9),PRISM Repurposing Public 24Q2,-0.062,compound_experiment
EF5 (BRD:BRD-K00004643-001-01-9),PRISM Repurposing Public 24Q2,-0.062,compound_experiment
DABRAFENIB (GDSC1:1373),Drug sensitivity AUC (Sanger GDSC1),-0.062,compound_experiment
GSK461364 (BRD:BRD-K92428232-001-10-6),Drug sensitivity AUC (PRISM Repurposing Secondary Screen),-0.062,compound_experiment
CEP-32496 (BRD:BRD-K20722021-001-02-1),Drug sensitivity AUC (PRISM Repurposing Secondary Screen),-0.062,compound_experiment
D-7193 (BRD:BRD-K32372024-001-01-0),Drug sensitivity AUC (PRISM Repurposing Secondary Screen),0.062,compound_experiment
pluripotin (CTRP:411833),Drug sensitivity AUC (CTD^2),0.062,compound_experiment
ML162 (CTRP:154846),Drug sensitivity AUC (CTD^2),0.062,compound_experiment
dabrafenib (BRD:BRD-K09951645-001-11-8),Drug sensitivity AUC (PRISM Repurposing Secondary Screen),-0.062,compound_experiment
TAS-103 (BRD:BRD-K09426783-300-01-0),Drug sensitivity AUC (PRISM Repurposing Secondary Screen),-0.062,compound_experiment
zaleplon (BRD:BRD-K92657060-001-05-7),Drug sensitivity AUC (PRISM Repurposing Secondary Screen),-0.062,compound_experiment
tideglusib (BRD:BRD-K81330143-001-04-8),Drug sensitivity AUC (PRISM Repurposing Secondary Screen),0.062,compound_experiment
sevoflurane (BRD:BRD-K05638300-001-01-2),Drug sensitivity AUC (PRISM Repurposing Secondary Screen),-0.062,compound_experiment
fosbretabulin (BRD:BRD-K06814349-304-01-9),Drug sensitivity AUC (PRISM Repurposing Secondary Screen),0.062,compound_experiment
fluocinolone-acetonide (BRD:BRD-K94353609-001-21-6),Drug sensitivity AUC (PRISM Repurposing Secondary Screen),0.062,compound_experiment
thioproperazine (BRD:BRD-K08619574-334-05-4),Drug sensitivity AUC (PRISM Repurposing Secondary Screen),-0.062,compound_experiment
Imazodan (BRD:BRD-K96298462-001-08-9),PRISM Repurposing Public 24Q2,-0.062,compound_experiment
epigallocatechin-(-) (BRD:BRD-K27529556-001-04-9),PRISM Repurposing Public 24Q2,0.062,compound_experiment
PSB-1115 (BRD:BRD-K49027941-001-01-1),Drug sensitivity AUC (PRISM Repurposing Secondary Screen),-0.062,compound_experiment
palbociclib (BRD:BRD-K51313569-003-03-3),Drug sensitivity AUC (PRISM Repurposing Secondary Screen),-0.062,compound_experiment
hydroxocobalamin (BRD:BRD-K00003525-003-01-9),PRISM Repurposing Public 24Q2,-0.062,compound_experiment
LY2603618 (BRD:BRD-K14109347-001-03-4),Drug sensitivity AUC (PRISM Repurposing Secondary Screen),0.062,compound_experiment
nefiracetam (BRD:BRD-K65678996-001-05-5),Drug sensitivity AUC (PRISM Repurposing Secondary Screen),-0.061,compound_experiment
bifemelane (BRD:BRD-K18779551-003-07-8),Drug sensitivity AUC (PRISM Repurposing Secondary Screen),0.061,compound_experiment
BI-D1870 (BRD:BRD-A81370665-001-03-6),Drug sensitivity AUC (PRISM Repurposing Secondary Screen),-0.061,compound_experiment
L-689560 (BRD:BRD-K74284736-001-04-9),PRISM Repurposing Public 24Q2,-0.061,compound_experiment
Merck60 (BRD:BRD-K04466929-001-12-9),PRISM Repurposing Public 24Q2,-0.061,compound_experiment
Zotatifin (BRD:BRD-K00090648-001-01-9),PRISM Repurposing Public 24Q2,0.061,compound_experiment
NCX-1015 (BRD:BRD-K00004749-001-01-9),PRISM Repurposing Public 24Q2,-0.061,compound_experiment
telratolimod (BRD:BRD-K00004596-001-01-9),PRISM Repurposing Public 24Q2,-0.061,compound_experiment
BMS-779788 (BRD:BRD-K00003305-001-01-9),PRISM Repurposing Public 24Q2,-0.061,compound_experiment
OICR-9429 (BRD:BRD-K94083718-001-03-9),PRISM Repurposing Public 24Q2,0.061,compound_experiment
ABT-199 (CTRP:666541),Drug sensitivity AUC (CTD^2),-0.061,compound_experiment
BRD-K29313308 (CTRP:634814),Drug sensitivity AUC (CTD^2),-0.061,compound_experiment
GANT-61 (CTRP:609332),Drug sensitivity AUC (CTD^2),-0.061,compound_experiment
AZD8797 (BRD:BRD-K03336321-001-02-9),PRISM Repurposing Public 24Q2,-0.061,compound_experiment
Ro-67-7476 (BRD:BRD-K91333421-001-02-9),PRISM Repurposing Public 24Q2,-0.061,compound_experiment
cipargamin (BRD:BRD-K27811785-001-02-9),PRISM Repurposing Public 24Q2,-0.061,compound_experiment
naltrexone (BRD:BRD-K88172511-003-20-3),Drug sensitivity AUC (PRISM Repurposing Secondary Screen),0.061,compound_experiment
evobrutinib (BRD:BRD-K00003405-001-01-9),PRISM Repurposing Public 24Q2,-0.061,compound_experiment
Bimosiamose (BRD:BRD-K00077698-001-02-9),PRISM Repurposing Public 24Q2,0.061,compound_experiment
DOCETAXEL (GDSC1:1007),Drug sensitivity AUC (Sanger GDSC1),0.061,compound_experiment
KIN001-266 (GDSC1:291),Drug sensitivity AUC (Sanger GDSC1),0.061,compound_experiment
BRD-K71935468 (CTRP:58566),Drug sensitivity AUC (CTD^2),0.061,compound_experiment
afobazole (BRD:BRD-K37793595-003-01-7),Drug sensitivity AUC (PRISM Repurposing Secondary Screen),0.061,compound_experiment
equol (BRD:BRD-K54847683-001-04-0),Drug sensitivity AUC (PRISM Repurposing Secondary Screen),0.061,compound_experiment
FULVESTRANT (GDSC2:1200),Drug sensitivity AUC (Sanger GDSC2),-0.061,compound_experiment
ABT-737 (CTRP:411738),Drug sensitivity AUC (CTD^2),-0.06,compound_experiment
cediranib (CTRP:606136),Drug sensitivity AUC (CTD^2),-0.06,compound_experiment
desoxycortone (BRD:BRD-K98521173-001-19-4),Drug sensitivity AUC (PRISM Repurposing Secondary Screen),0.06,compound_experiment
rheochrysidin (BRD:BRD-K67772619-001-05-1),Drug sensitivity AUC (PRISM Repurposing Secondary Screen),0.06,compound_experiment
8-hydroxy-PIPAT (BRD:BRD-A60594020-034-01-1),Drug sensitivity AUC (PRISM Repurposing Secondary Screen),0.06,compound_experiment
iodipamide (BRD:BRD-K67261995-001-11-7),Drug sensitivity AUC (PRISM Repurposing Secondary Screen),-0.06,compound_experiment
golgicide-a (BRD:BRD-A57886255-001-01-1),Drug sensitivity AUC (PRISM Repurposing Secondary Screen),0.06,compound_experiment
JQ1-(+) (BRD:BRD-K54606188-001-13-1),Drug sensitivity AUC (PRISM Repurposing Secondary Screen),-0.06,compound_experiment
candesartan (BRD:BRD-K84091759-001-07-1),Drug sensitivity AUC (PRISM Repurposing Secondary Screen),0.06,compound_experiment
spermidine (BRD:BRD-K40438880-305-06-6),Drug sensitivity AUC (PRISM Repurposing Secondary Screen),0.06,compound_experiment
atrasentan (BRD:BRD-K16295392-003-01-3),Drug sensitivity AUC (PRISM Repurposing Secondary Screen),-0.06,compound_experiment
PD-98059 (BRD:BRD-K62810658-001-12-2),Drug sensitivity AUC (PRISM Repurposing Secondary Screen),-0.06,compound_experiment
CB-10-277 (BRD:BRD-K59929863-001-01-9),Drug sensitivity AUC (PRISM Repurposing Secondary Screen),0.06,compound_experiment
WIKI4 (GDSC2:1940),Drug sensitivity AUC (Sanger GDSC2),0.06,compound_experiment
VINBLASTINE (GDSC2:1004),Drug sensitivity AUC (Sanger GDSC2),-0.06,compound_experiment
"APO866, FK866 (GDSC1:1248)",Drug sensitivity AUC (Sanger GDSC1),-0.06,compound_experiment
IKK-2-INHIBITOR-V (GDSC1:442),Drug sensitivity AUC (Sanger GDSC1),-0.06,compound_experiment
3-deazaneplanocin-A (BRD:BRD-K77791657-003-01-7),Drug sensitivity AUC (PRISM Repurposing Secondary Screen),0.06,compound_experiment
puromycin (BRD:BRD-A28970875-300-04-9),Drug sensitivity AUC (PRISM Repurposing Secondary Screen),0.06,compound_experiment
forskolin (BRD:BRD-K09602097-001-13-6),Drug sensitivity AUC (PRISM Repurposing Secondary Screen),0.06,compound_experiment
PF-06747775 (BRD:BRD-K00004648-001-01-9),PRISM Repurposing Public 24Q2,0.06,compound_experiment
lidocaine (BRD:BRD-K52662033-003-21-2),Drug sensitivity AUC (PRISM Repurposing Secondary Screen),0.06,compound_experiment
TC-A-2317 (BRD:BRD-A12147465-003-02-9),PRISM Repurposing Public 24Q2,0.06,compound_experiment
mirin (BRD:BRD-K55420858-001-01-0),PRISM Repurposing Public 24Q2,-0.06,compound_experiment
epetraborole (BRD:BRD-K00003130-003-01-9),PRISM Repurposing Public 24Q2,0.06,compound_experiment
TCS-2210 (BRD:BRD-K19958299-001-02-9),PRISM Repurposing Public 24Q2,0.06,compound_experiment
SUN-11602 (BRD:BRD-K71250460-001-02-9),PRISM Repurposing Public 24Q2,-0.06,compound_experiment
RMC-4550 (BRD:BRD-K00010386-001-01-9),PRISM Repurposing Public 24Q2,0.06,compound_experiment
rosiptor (BRD:BRD-K00003494-001-01-9),PRISM Repurposing Public 24Q2,-0.06,compound_experiment
ON-01500 (BRD:BRD-K55790047-001-02-9),PRISM Repurposing Public 24Q2,-0.06,compound_experiment
TY-52156 (BRD:BRD-K66584608-001-03-9),PRISM Repurposing Public 24Q2,-0.06,compound_experiment
polaprezinc (BRD:BRD-K00003535-001-01-9),PRISM Repurposing Public 24Q2,-0.06,compound_experiment
GSK2830371 (BRD:BRD-K17472821-001-01-2),PRISM Repurposing Public 24Q2,-0.06,compound_experiment
GDC-0927 (BRD:BRD-K00003101-001-02-9),PRISM Repurposing Public 24Q2,-0.06,compound_experiment
tacrolimus (BRD:BRD-K69608737-001-10-2),Drug sensitivity AUC (PRISM Repurposing Secondary Screen),-0.06,compound_experiment
pranidipine (BRD:BRD-A68083442-001-01-6),Drug sensitivity AUC (PRISM Repurposing Secondary Screen),0.06,compound_experiment
ONO-4059 (BRD:BRD-K00003197-001-02-9),PRISM Repurposing Public 24Q2,-0.06,compound_experiment
camptothecin (BRD:BRD-K37890730-001-15-1),Drug sensitivity AUC (PRISM Repurposing Secondary Screen),0.059,compound_experiment
A-674563 (BRD:BRD-K78177893-001-02-4),Drug sensitivity AUC (PRISM Repurposing Secondary Screen),-0.059,compound_experiment
thiostrepton (BRD:BRD-K58049875-001-04-7),Drug sensitivity AUC (PRISM Repurposing Secondary Screen),-0.059,compound_experiment
SGI-1776 (BRD:BRD-K80700417-001-04-2),Drug sensitivity AUC (PRISM Repurposing Secondary Screen),0.059,compound_experiment
navarixin (BRD:BRD-K82850175-001-01-1),Drug sensitivity AUC (PRISM Repurposing Secondary Screen),-0.059,compound_experiment
docetaxel (BRD:BRD-K30577245-001-05-0),Drug sensitivity AUC (PRISM Repurposing Secondary Screen),0.059,compound_experiment
bexarotene (BRD:BRD-K92441787-001-04-1),Drug sensitivity AUC (PRISM Repurposing Secondary Screen),-0.059,compound_experiment
nan (BRD:BRD-K16730910-001-10-7),Drug sensitivity AUC (PRISM Repurposing Secondary Screen),-0.059,compound_experiment
azacitidine (BRD:BRD-K03406345-001-27-8),Drug sensitivity AUC (PRISM Repurposing Secondary Screen),0.059,compound_experiment
maytansinol-isobutyrate (BRD:BRD-K15898725-001-01-7),Drug sensitivity AUC (PRISM Repurposing Secondary Screen),-0.059,compound_experiment
ganetespib (BRD:BRD-K38852836-001-02-1),Drug sensitivity AUC (PRISM Repurposing Secondary Screen),0.059,compound_experiment
kifunensine (BRD:BRD-K02898090-001-02-7),Drug sensitivity AUC (PRISM Repurposing Secondary Screen),0.059,compound_experiment
vaniprevir (BRD:BRD-K00003445-001-01-9),PRISM Repurposing Public 24Q2,0.059,compound_experiment
methanesulfonyl-fluoride (BRD:BRD-K53896891-001-01-2),PRISM Repurposing Public 24Q2,-0.059,compound_experiment
genz-123346 (BRD:BRD-K70693421-001-01-1),PRISM Repurposing Public 24Q2,-0.059,compound_experiment
karenitecin (BRD:BRD-K00003176-001-01-9),PRISM Repurposing Public 24Q2,-0.059,compound_experiment
BRD-K94991378 (CTRP:53556),Drug sensitivity AUC (CTD^2),0.059,compound_experiment
oleoylethanolamide (BRD:BRD-K66956375-001-11-3),Drug sensitivity AUC (PRISM Repurposing Secondary Screen),0.059,compound_experiment
etomoxir (CTRP:660082),Drug sensitivity AUC (CTD^2),0.059,compound_experiment
AST-1306 (BRD:BRD-K26838195-075-04-9),Drug sensitivity AUC (PRISM Repurposing Secondary Screen),0.059,compound_experiment
YK-4-279 (GDSC1:1239),Drug sensitivity AUC (Sanger GDSC1),0.059,compound_experiment
neuronal differentiation inducer III (CTRP:411733),Drug sensitivity AUC (CTD^2),-0.059,compound_experiment
simvastatin (CTRP:27894),Drug sensitivity AUC (CTD^2),0.059,compound_experiment
BORTEZOMIB (GDSC1:104),Drug sensitivity AUC (Sanger GDSC1),0.059,compound_experiment
SCH-221510 (BRD:BRD-K00004286-001-01-9),PRISM Repurposing Public 24Q2,-0.058,compound_experiment
BRYOSTATIN 1 (GDSC1:197),Drug sensitivity AUC (Sanger GDSC1),0.058,compound_experiment
XMD15-27 (GDSC1:332),Drug sensitivity AUC (Sanger GDSC1),-0.058,compound_experiment
"N-(2-bromo-6-fluorophenyl)-4,5-dihydro-1H-imidazol (BRD:BRD-K00077192-001-02-9)",PRISM Repurposing Public 24Q2,0.058,compound_experiment
AAI101 (BRD:BRD-K00003450-001-01-9),PRISM Repurposing Public 24Q2,0.058,compound_experiment
dynasore (BRD:BRD-K87718015-001-04-9),PRISM Repurposing Public 24Q2,-0.058,compound_experiment
prinomastat (BRD:BRD-K00003122-001-01-9),PRISM Repurposing Public 24Q2,-0.058,compound_experiment
acebilustat (BRD:BRD-K00003255-001-01-9),PRISM Repurposing Public 24Q2,0.058,compound_experiment
macozinone (BRD:BRD-K16343284-001-02-9),PRISM Repurposing Public 24Q2,0.058,compound_experiment
AQW-051 (BRD:BRD-K00004705-001-01-9),PRISM Repurposing Public 24Q2,-0.058,compound_experiment
PCI-29732 (BRD:BRD-K71223042-001-03-9),PRISM Repurposing Public 24Q2,0.058,compound_experiment
GSK2982772 (BRD:BRD-K00003429-001-01-9),PRISM Repurposing Public 24Q2,0.058,compound_experiment
camobucol (BRD:BRD-K00004732-001-01-9),PRISM Repurposing Public 24Q2,-0.058,compound_experiment
GSK1904529A (GDSC2:1093),Drug sensitivity AUC (Sanger GDSC2),-0.058,compound_experiment
NUTLIN-3A (-) (GDSC2:1047),Drug sensitivity AUC (Sanger GDSC2),-0.058,compound_experiment
VINORELBINE (GDSC2:2048),Drug sensitivity AUC (Sanger GDSC2),-0.058,compound_experiment
RU-58841 (BRD:BRD-K62762455-001-01-3),Drug sensitivity AUC (PRISM Repurposing Secondary Screen),-0.058,compound_experiment
PCI-34051 (GDSC2:1621),Drug sensitivity AUC (Sanger GDSC2),-0.058,compound_experiment
CM-4620 (BRD:BRD-K00003438-001-01-9),PRISM Repurposing Public 24Q2,0.058,compound_experiment
LINSITINIB (GDSC1:185),Drug sensitivity AUC (Sanger GDSC1),0.058,compound_experiment
FK-888 (BRD:BRD-K83508485-001-02-7),Drug sensitivity AUC (PRISM Repurposing Secondary Screen),0.058,compound_experiment
TAK-285 (BRD:BRD-K80343549-001-02-6),Drug sensitivity AUC (PRISM Repurposing Secondary Screen),0.058,compound_experiment
crenolanib (BRD:BRD-K22127577-001-03-7),Drug sensitivity AUC (PRISM Repurposing Secondary Screen),0.058,compound_experiment
dicycloverine (BRD:BRD-K68507560-003-24-6),Drug sensitivity AUC (PRISM Repurposing Secondary Screen),0.058,compound_experiment
digitoxigenin (BRD:BRD-K18518344-001-15-9),Drug sensitivity AUC (PRISM Repurposing Secondary Screen),0.058,compound_experiment
AC-264613 (BRD:BRD-K81548480-001-01-2),Drug sensitivity AUC (PRISM Repurposing Secondary Screen),0.058,compound_experiment
MK-5108 (BRD:BRD-K53665955-001-03-0),Drug sensitivity AUC (PRISM Repurposing Secondary Screen),0.058,compound_experiment
secnidazole (BRD:BRD-A70083328-001-23-5),Drug sensitivity AUC (PRISM Repurposing Secondary Screen),-0.058,compound_experiment
alvocidib (BRD:BRD-K87909389-003-03-4),Drug sensitivity AUC (PRISM Repurposing Secondary Screen),0.058,compound_experiment
podophyllotoxin (BRD:BRD-K47869605-001-32-0),Drug sensitivity AUC (PRISM Repurposing Secondary Screen),-0.058,compound_experiment
BMS-754807 (BRD:BRD-K13049116-001-05-7),Drug sensitivity AUC (PRISM Repurposing Secondary Screen),0.058,compound_experiment
CYC116 (BRD:BRD-K64866502-001-03-9),Drug sensitivity AUC (PRISM Repurposing Secondary Screen),-0.058,compound_experiment
parthenolide (CTRP:411792),Drug sensitivity AUC (CTD^2),-0.058,compound_experiment
BRD-K24690302 (CTRP:641721),Drug sensitivity AUC (CTD^2),-0.058,compound_experiment
methotrexate (CTRP:30371),Drug sensitivity AUC (CTD^2),-0.058,compound_experiment
COL-3 (CTRP:665914),Drug sensitivity AUC (CTD^2),-0.058,compound_experiment
PDMP (CTRP:58472),Drug sensitivity AUC (CTD^2),-0.058,compound_experiment
teniposide (CTRP:27871),Drug sensitivity AUC (CTD^2),-0.058,compound_experiment
NSC-697923 (BRD:BRD-K20605374-001-05-4),Drug sensitivity AUC (PRISM Repurposing Secondary Screen),0.058,compound_experiment
mavacamten (BRD:BRD-K00003497-001-01-9),PRISM Repurposing Public 24Q2,0.057,compound_experiment
BRD-K44224150 (CTRP:438564),Drug sensitivity AUC (CTD^2),0.057,compound_experiment
ciclopirox (CTRP:28784),Drug sensitivity AUC (CTD^2),-0.057,compound_experiment
navitoclax:PLX-4032 (1:1 mol/mol) (CTRP:660219),Drug sensitivity AUC (CTD^2),-0.057,compound_experiment
nelarabine (CTRP:660391),Drug sensitivity AUC (CTD^2),-0.057,compound_experiment
combretastatin-A-4 (BRD:BRD-K61195623-001-01-4),Drug sensitivity AUC (PRISM Repurposing Secondary Screen),-0.057,compound_experiment
BRD-K20514654 (CTRP:651304),Drug sensitivity AUC (CTD^2),-0.057,compound_experiment
pirozadil (BRD:BRD-K00004581-001-01-9),PRISM Repurposing Public 24Q2,-0.057,compound_experiment
nan (BRD:BRD-K01292611-003-13-7),PRISM Repurposing Public 24Q2,-0.057,compound_experiment
lerisetron (BRD:BRD-K62398570-300-01-2),Drug sensitivity AUC (PRISM Repurposing Secondary Screen),-0.057,compound_experiment
Lanreotide - QC Failure (BRD:BRD-K00071587-001-01-9 - QC Failure),PRISM Repurposing Public 24Q2,-0.057,compound_experiment
tyrphostin-AG-825 (BRD:BRD-K87919739-001-08-9),PRISM Repurposing Public 24Q2,-0.057,compound_experiment
BAY-1895344 (BRD:BRD-K00003422-003-01-9),PRISM Repurposing Public 24Q2,0.057,compound_experiment
BAY-85-8501 (BRD:BRD-K00077971-001-02-9),PRISM Repurposing Public 24Q2,0.057,compound_experiment
cucurbitacin I (CTRP:595102),Drug sensitivity AUC (CTD^2),-0.057,compound_experiment
AFATINIB (GDSC1:1032),Drug sensitivity AUC (Sanger GDSC1),0.057,compound_experiment
temozolomide (BRD:BRD-K32107296-001-16-9),Drug sensitivity AUC (PRISM Repurposing Secondary Screen),0.057,compound_experiment
erastin (BRD:BRD-A25004090-001-08-4),Drug sensitivity AUC (PRISM Repurposing Secondary Screen),0.057,compound_experiment
novobiocin (BRD:BRD-K85307935-236-09-5),Drug sensitivity AUC (PRISM Repurposing Secondary Screen),0.057,compound_experiment
dacarbazine (BRD:BRD-K35520305-001-16-9),Drug sensitivity AUC (PRISM Repurposing Secondary Screen),0.057,compound_experiment
batimastat (BRD:BRD-K82818427-001-04-8),Drug sensitivity AUC (PRISM Repurposing Secondary Screen),0.057,compound_experiment
ixazomib-citrate (BRD:BRD-A66419424-001-02-4),Drug sensitivity AUC (PRISM Repurposing Secondary Screen),0.057,compound_experiment
bisacodyl (BRD:BRD-K39987650-001-24-1),Drug sensitivity AUC (PRISM Repurposing Secondary Screen),-0.057,compound_experiment
oxprenolol (BRD:BRD-A43671941-003-11-9),Drug sensitivity AUC (PRISM Repurposing Secondary Screen),-0.057,compound_experiment
NVP-AUY922 (BRD:BRD-K41859756-001-06-8),Drug sensitivity AUC (PRISM Repurposing Secondary Screen),0.057,compound_experiment
3-amino-benzamide (BRD:BRD-K08703257-001-13-9),Drug sensitivity AUC (PRISM Repurposing Secondary Screen),0.057,compound_experiment
VORINOSTAT (GDSC1:1012),Drug sensitivity AUC (Sanger GDSC1),-0.057,compound_experiment
FORETINIB (GDSC1:308),Drug sensitivity AUC (Sanger GDSC1),0.057,compound_experiment
2'-MeCCPA (BRD:BRD-K63932022-001-01-5),Drug sensitivity AUC (PRISM Repurposing Secondary Screen),-0.057,compound_experiment
ERLOTINIB (GDSC1:1),Drug sensitivity AUC (Sanger GDSC1),0.057,compound_experiment
monepantel (BRD:BRD-K00004607-001-01-9),PRISM Repurposing Public 24Q2,0.056,compound_experiment
CHIR-99021 (BRD:BRD-K16189898-003-03-3),Drug sensitivity AUC (PRISM Repurposing Secondary Screen),-0.056,compound_experiment
CYM-5541 (BRD:BRD-K75940276-001-04-9),PRISM Repurposing Public 24Q2,-0.056,compound_experiment
TW-37 (CTRP:609596),Drug sensitivity AUC (CTD^2),-0.056,compound_experiment
AZ-3146 (CTRP:660087),Drug sensitivity AUC (CTD^2),-0.056,compound_experiment
AZ-628 (BRD:BRD-K05804044-001-06-0),Drug sensitivity AUC (PRISM Repurposing Secondary Screen),-0.056,compound_experiment
BRD-K80183349 (CTRP:376307),Drug sensitivity AUC (CTD^2),-0.056,compound_experiment
BRD-K14844214 (CTRP:402775),Drug sensitivity AUC (CTD^2),-0.056,compound_experiment
SB-228357 (BRD:BRD-K15424032-001-03-6),Drug sensitivity AUC (PRISM Repurposing Secondary Screen),0.056,compound_experiment
BAN-ORL-24 (BRD:BRD-K47049295-300-01-5),Drug sensitivity AUC (PRISM Repurposing Secondary Screen),-0.056,compound_experiment
LY3023414 (BRD:BRD-K82967180-001-01-6),Drug sensitivity AUC (PRISM Repurposing Secondary Screen),-0.056,compound_experiment
SR-1664 (BRD:BRD-K62814487-001-03-0),PRISM Repurposing Public 24Q2,-0.056,compound_experiment
obidoxime (BRD:BRD-K33588785-001-01-9),Drug sensitivity AUC (PRISM Repurposing Secondary Screen),0.056,compound_experiment
sodium-tanshinone-ii-a-sulfonate (BRD:BRD-K84798689-236-02-9),Drug sensitivity AUC (PRISM Repurposing Secondary Screen),0.056,compound_experiment
XL888 (BRD:BRD-A03506276-001-01-5),Drug sensitivity AUC (PRISM Repurposing Secondary Screen),0.056,compound_experiment
tosedostat (BRD:BRD-K92241597-001-06-0),Drug sensitivity AUC (PRISM Repurposing Secondary Screen),0.056,compound_experiment
papaverine (BRD:BRD-K15567136-003-27-2),Drug sensitivity AUC (PRISM Repurposing Secondary Screen),0.056,compound_experiment
tanespimycin (BRD:BRD-K81473043-001-14-6),Drug sensitivity AUC (PRISM Repurposing Secondary Screen),0.056,compound_experiment
dinaciclib (BRD:BRD-K13662825-001-07-5),Drug sensitivity AUC (PRISM Repurposing Secondary Screen),0.056,compound_experiment
YM-201636 (BRD:BRD-K48488978-001-05-3),Drug sensitivity AUC (PRISM Repurposing Secondary Screen),-0.056,compound_experiment
CT7001 (BRD:BRD-K00003453-003-01-9),PRISM Repurposing Public 24Q2,0.056,compound_experiment
TAS4464 (BRD:BRD-K00091290-001-01-9),PRISM Repurposing Public 24Q2,-0.056,compound_experiment
AVex-73 (BRD:BRD-K00003435-003-01-9),PRISM Repurposing Public 24Q2,0.056,compound_experiment
AZ3146 (BRD:BRD-K59146805-001-03-7),Drug sensitivity AUC (PRISM Repurposing Secondary Screen),-0.056,compound_experiment
BMS-770767 (BRD:BRD-K00004655-001-01-9),PRISM Repurposing Public 24Q2,0.056,compound_experiment
(5Z)-7-OXOZEAENOL (GDSC1:1242),Drug sensitivity AUC (Sanger GDSC1),0.056,compound_experiment
clanfenur (BRD:BRD-K62378877-001-05-9),PRISM Repurposing Public 24Q2,0.056,compound_experiment
CCR1 antagonist 9 (BRD:BRD-K00091272-001-01-9),PRISM Repurposing Public 24Q2,-0.056,compound_experiment
NDT-9513727 (BRD:BRD-K17539220-001-02-9),PRISM Repurposing Public 24Q2,-0.056,compound_experiment
RN-1 (BRD:BRD-K41415459-300-02-9),PRISM Repurposing Public 24Q2,0.056,compound_experiment
DMPS (BRD:BRD-A22971209-001-01-0),PRISM Repurposing Public 24Q2,-0.056,compound_experiment
TC-G-1004 (BRD:BRD-K76989898-001-02-9),PRISM Repurposing Public 24Q2,-0.056,compound_experiment
Pericyazine (BRD:BRD-K89669299-001-04-9),PRISM Repurposing Public 24Q2,0.056,compound_experiment
CCT245737 (BRD:BRD-K00003276-001-01-9),PRISM Repurposing Public 24Q2,0.056,compound_experiment
zolmitriptan (BRD:BRD-K54314721-001-10-2),Drug sensitivity AUC (PRISM Repurposing Secondary Screen),0.056,compound_experiment
MK-1064 (BRD:BRD-K00003304-001-01-9),PRISM Repurposing Public 24Q2,0.056,compound_experiment
NMS-873 (BRD:BRD-K26253904-001-01-5),Drug sensitivity AUC (PRISM Repurposing Secondary Screen),-0.056,compound_experiment
P22077 (BRD:BRD-K97714174-001-01-3),Drug sensitivity AUC (PRISM Repurposing Secondary Screen),-0.055,compound_experiment
TGX-221 (GDSC1:94),Drug sensitivity AUC (Sanger GDSC1),0.055,compound_experiment
AZD9668 (BRD:BRD-K31476763-001-01-5),Drug sensitivity AUC (PRISM Repurposing Secondary Screen),-0.055,compound_experiment
itraconazole (BRD:BRD-A23067620-300-01-3),Drug sensitivity AUC (PRISM Repurposing Secondary Screen),0.055,compound_experiment
S-methylcysteine (BRD:BRD-K63123526-001-01-2),Drug sensitivity AUC (PRISM Repurposing Secondary Screen),0.055,compound_experiment
BRD-K90370028 (CTRP:362207),Drug sensitivity AUC (CTD^2),0.055,compound_experiment
sulconazole (BRD:BRD-A70649075-008-30-8),Drug sensitivity AUC (PRISM Repurposing Secondary Screen),0.055,compound_experiment
BICALUTAMIDE (GDSC1:1502),Drug sensitivity AUC (Sanger GDSC1),0.055,compound_experiment
NAVITOCLAX (GDSC1:1011),Drug sensitivity AUC (Sanger GDSC1),-0.055,compound_experiment
AST-1306 (GDSC1:381),Drug sensitivity AUC (Sanger GDSC1),0.055,compound_experiment
WH-4-023 (GDSC1:56),Drug sensitivity AUC (Sanger GDSC1),0.055,compound_experiment
KU-57788 (GDSC1:1038),Drug sensitivity AUC (Sanger GDSC1),-0.055,compound_experiment
"CAP-232, TT-232, TLN-232 (GDSC1:436)",Drug sensitivity AUC (Sanger GDSC1),0.055,compound_experiment
selumetinib:UNC0638 (4:1 mol/mol) (CTRP:660281),Drug sensitivity AUC (CTD^2),0.055,compound_experiment
GSK2606414 (GDSC2:1618),Drug sensitivity AUC (Sanger GDSC2),-0.055,compound_experiment
taltobulin (BRD:BRD-K87512222-019-01-7),Drug sensitivity AUC (PRISM Repurposing Secondary Screen),-0.055,compound_experiment
eptifibatide (BRD:BRD-A90547603-001-02-5),Drug sensitivity AUC (PRISM Repurposing Secondary Screen),0.055,compound_experiment
prednisolone-tebutate (BRD:BRD-A53151380-001-01-2),Drug sensitivity AUC (PRISM Repurposing Secondary Screen),-0.055,compound_experiment
regorafenib (BRD:BRD-K16730910-001-07-3),Drug sensitivity AUC (PRISM Repurposing Secondary Screen),-0.055,compound_experiment
clomifene (BRD:BRD-K29950728-048-17-4),Drug sensitivity AUC (PRISM Repurposing Secondary Screen),0.055,compound_experiment
naloxone (BRD:BRD-K67511046-001-02-3),Drug sensitivity AUC (PRISM Repurposing Secondary Screen),0.055,compound_experiment
7-nitroindazole (BRD:BRD-K04430056-236-02-1),Drug sensitivity AUC (PRISM Repurposing Secondary Screen),-0.055,compound_experiment
BMS-986142 (BRD:BRD-K00004591-001-01-9),PRISM Repurposing Public 24Q2,0.055,compound_experiment
GAL-021 (BRD:BRD-K00003410-001-01-9),PRISM Repurposing Public 24Q2,0.055,compound_experiment
XMD8-92 (BRD:BRD-K50387473-001-11-0),PRISM Repurposing Public 24Q2,-0.055,compound_experiment
TC-G-1005 (BRD:BRD-K16939217-001-02-9),PRISM Repurposing Public 24Q2,-0.055,compound_experiment
alvespimycin (BRD:BRD-K83988098-001-02-0),Drug sensitivity AUC (PRISM Repurposing Secondary Screen),0.055,compound_experiment
revefenacin (BRD:BRD-K00003198-001-01-9),PRISM Repurposing Public 24Q2,0.055,compound_experiment
TRAMETINIB (GDSC2:1372),Drug sensitivity AUC (Sanger GDSC2),0.055,compound_experiment
OSI-930 (CTRP:628620),Drug sensitivity AUC (CTD^2),-0.055,compound_experiment
ABT-737 (GDSC2:1910),Drug sensitivity AUC (Sanger GDSC2),-0.055,compound_experiment
SD-0006 (BRD:BRD-K00003093-001-01-9),PRISM Repurposing Public 24Q2,0.055,compound_experiment
WAY-362450 (CTRP:660821),Drug sensitivity AUC (CTD^2),-0.055,compound_experiment
selumetinib:tretinoin (2:1 mol/mol) (CTRP:660175),Drug sensitivity AUC (CTD^2),0.055,compound_experiment
niclosamide (CTRP:32653),Drug sensitivity AUC (CTD^2),-0.055,compound_experiment
lanifibranor (BRD:BRD-K00003462-001-01-9),PRISM Repurposing Public 24Q2,-0.055,compound_experiment
MK-2206 (CTRP:377381),Drug sensitivity AUC (CTD^2),-0.055,compound_experiment
PF-05212384 (BRD:BRD-K07955840-001-02-3),Drug sensitivity AUC (PRISM Repurposing Secondary Screen),-0.055,compound_experiment
PF-04457845 (BRD:BRD-K86816506-001-01-8),Drug sensitivity AUC (PRISM Repurposing Secondary Screen),-0.055,compound_experiment
carfilzomib (BRD:BRD-K15179879-001-03-2),Drug sensitivity AUC (PRISM Repurposing Secondary Screen),0.055,compound_experiment
Nepinalone (hydrochloride) (BRD:BRD-K00079018-003-02-9),PRISM Repurposing Public 24Q2,-0.054,compound_experiment
padsevonil (BRD:BRD-K00003493-001-01-9),PRISM Repurposing Public 24Q2,0.054,compound_experiment
farampator (BRD:BRD-K00003507-001-01-9),PRISM Repurposing Public 24Q2,0.054,compound_experiment
CXD101 (BRD:BRD-K00003388-001-01-9),PRISM Repurposing Public 24Q2,-0.054,compound_experiment
spautin-1 (BRD:BRD-K84964099-001-03-9),PRISM Repurposing Public 24Q2,-0.054,compound_experiment
vorinostat:carboplatin (1:1 mol/mol) (CTRP:660131),Drug sensitivity AUC (CTD^2),-0.054,compound_experiment
YC-1 (BRD:BRD-K60476892-001-17-9),PRISM Repurposing Public 24Q2,-0.054,compound_experiment
cipamfylline (BRD:BRD-K00004625-001-01-9),PRISM Repurposing Public 24Q2,0.054,compound_experiment
Nicotinamide riboside (chloride) - QC Failure (BRD:BRD-K00024370-003-03-9 - QC Failure),PRISM Repurposing Public 24Q2,-0.054,compound_experiment
AMD-3465 (BRD:BRD-K03019184-439-02-9),PRISM Repurposing Public 24Q2,-0.054,compound_experiment
Lenacapavir - QC Failure (BRD:BRD-K00091283-001-01-9 - QC Failure),PRISM Repurposing Public 24Q2,0.054,compound_experiment
GSK2636771 (CTRP:668723),Drug sensitivity AUC (CTD^2),-0.054,compound_experiment
CGP-25454A (BRD:BRD-K00003372-003-01-9),PRISM Repurposing Public 24Q2,0.054,compound_experiment
Omaciclovir (BRD:BRD-K00091117-001-01-9),PRISM Repurposing Public 24Q2,0.054,compound_experiment
salermide:PLX-4032 (12:1 mol/mol) (CTRP:660269),Drug sensitivity AUC (CTD^2),-0.054,compound_experiment
trametinib (CTRP:687418),Drug sensitivity AUC (CTD^2),0.054,compound_experiment
NVP-BSK805 (CTRP:660434),Drug sensitivity AUC (CTD^2),-0.054,compound_experiment
RO4929097 (CTRP:687577),Drug sensitivity AUC (CTD^2),-0.054,compound_experiment
RAD140 (BRD:BRD-K00003169-001-01-9),PRISM Repurposing Public 24Q2,0.054,compound_experiment
Olanexidine (BRD:BRD-K00074735-014-02-9),PRISM Repurposing Public 24Q2,-0.054,compound_experiment
SNG-1153 (BRD:BRD-K75016267-001-02-9),PRISM Repurposing Public 24Q2,-0.054,compound_experiment
lovastatin (CTRP:30620),Drug sensitivity AUC (CTD^2),0.054,compound_experiment
triclabendazole (BRD:BRD-K81916719-001-13-9),Drug sensitivity AUC (PRISM Repurposing Secondary Screen),-0.054,compound_experiment
freselestat (BRD:BRD-K00004668-001-01-9),PRISM Repurposing Public 24Q2,0.054,compound_experiment
niridazole (BRD:BRD-K53123955-001-10-5),Drug sensitivity AUC (PRISM Repurposing Secondary Screen),-0.054,compound_experiment
CX-4945 (BRD:BRD-K81458380-001-04-9),Drug sensitivity AUC (PRISM Repurposing Secondary Screen),-0.054,compound_experiment
MK-2206 (BRD:BRD-K68065987-300-09-1),Drug sensitivity AUC (PRISM Repurposing Secondary Screen),-0.054,compound_experiment
sirolimus (BRD:BRD-K84937637-001-09-9),Drug sensitivity AUC (PRISM Repurposing Secondary Screen),-0.054,compound_experiment
BNTX (BRD:BRD-A55484088-050-02-5),Drug sensitivity AUC (PRISM Repurposing Secondary Screen),0.054,compound_experiment
ciclesonide (BRD:BRD-K35245662-001-01-2),Drug sensitivity AUC (PRISM Repurposing Secondary Screen),0.054,compound_experiment
se-methylselenocysteine (BRD:BRD-K74227499-001-01-1),Drug sensitivity AUC (PRISM Repurposing Secondary Screen),0.054,compound_experiment
fudosteine (BRD:BRD-K54838207-001-03-8),Drug sensitivity AUC (PRISM Repurposing Secondary Screen),0.054,compound_experiment
Y-39983 (BRD:BRD-K56751279-300-01-4),Drug sensitivity AUC (PRISM Repurposing Secondary Screen),0.054,compound_experiment
SDZ-MKS 492 (BRD:BRD-K00076721-001-02-9),PRISM Repurposing Public 24Q2,0.054,compound_experiment
LAPATINIB (GDSC1:119),Drug sensitivity AUC (Sanger GDSC1),-0.054,compound_experiment
NPK76-II-72-1 (GDSC1:257),Drug sensitivity AUC (Sanger GDSC1),-0.054,compound_experiment
PEVONEDISTAT (GDSC1:1529),Drug sensitivity AUC (Sanger GDSC1),0.054,compound_experiment
TAMOXIFEN (GDSC1:1199),Drug sensitivity AUC (Sanger GDSC1),0.054,compound_experiment
cephalomannine (BRD:BRD-K68904758-001-03-5),Drug sensitivity AUC (PRISM Repurposing Secondary Screen),0.054,compound_experiment
verubulin (BRD:BRD-K42673188-001-01-1),Drug sensitivity AUC (PRISM Repurposing Secondary Screen),-0.053,compound_experiment
IEM1754 (BRD:BRD-K80060353-303-03-9),Drug sensitivity AUC (PRISM Repurposing Secondary Screen),-0.053,compound_experiment
vandetanib (BRD:BRD-K77625799-001-07-7),Drug sensitivity AUC (PRISM Repurposing Secondary Screen),0.053,compound_experiment
bentazepam (BRD:BRD-K89490285-001-08-1),Drug sensitivity AUC (PRISM Repurposing Secondary Screen),0.053,compound_experiment
GW-843682X (BRD:BRD-K90382497-001-10-7),Drug sensitivity AUC (PRISM Repurposing Secondary Screen),0.053,compound_experiment
roquinimex (BRD:BRD-K03384561-001-02-7),Drug sensitivity AUC (PRISM Repurposing Secondary Screen),-0.053,compound_experiment
SALUBRINAL (GDSC1:111),Drug sensitivity AUC (Sanger GDSC1),-0.053,compound_experiment
riluzole (BRD:BRD-K21283037-001-21-5),Drug sensitivity AUC (PRISM Repurposing Secondary Screen),-0.053,compound_experiment
ribavirin (BRD:BRD-K60369935-001-18-3),Drug sensitivity AUC (PRISM Repurposing Secondary Screen),0.053,compound_experiment
SB-2343 (BRD:BRD-K98795921-001-01-7),Drug sensitivity AUC (PRISM Repurposing Secondary Screen),-0.053,compound_experiment
tyrphostin-AG-99 (BRD:BRD-K60184833-001-05-6),Drug sensitivity AUC (PRISM Repurposing Secondary Screen),-0.053,compound_experiment
ICL1100013 (GDSC1:1266),Drug sensitivity AUC (Sanger GDSC1),0.053,compound_experiment
tamoxifen (BRD:BRD-K93754473-048-20-2),Drug sensitivity AUC (PRISM Repurposing Secondary Screen),0.053,compound_experiment
ONX-0914 (BRD:BRD-K60446698-001-01-2),Drug sensitivity AUC (PRISM Repurposing Secondary Screen),0.053,compound_experiment
EGF816 (BRD:BRD-K22514639-001-04-0),Drug sensitivity AUC (PRISM Repurposing Secondary Screen),0.053,compound_experiment
"METAP2 INHIBITOR, A832234 (GDSC1:410)",Drug sensitivity AUC (Sanger GDSC1),-0.053,compound_experiment
PAZOPANIB (GDSC1:199),Drug sensitivity AUC (Sanger GDSC1),-0.053,compound_experiment
ceranib-2 (CTRP:660078),Drug sensitivity AUC (CTD^2),-0.053,compound_experiment
Foslinanib (disodium) - QC Failure (BRD:BRD-K00091128-304-01-9 - QC Failure),PRISM Repurposing Public 24Q2,-0.053,compound_experiment
APY0201 (BRD:BRD-K38627885-001-01-9),PRISM Repurposing Public 24Q2,-0.053,compound_experiment
AZD-7648 (BRD:BRD-K00091088-001-01-9),PRISM Repurposing Public 24Q2,-0.053,compound_experiment
CC-92480 (BRD:BRD-K00087010-001-02-9),PRISM Repurposing Public 24Q2,-0.053,compound_experiment
devazepide (BRD:BRD-K31238592-001-02-9),PRISM Repurposing Public 24Q2,-0.053,compound_experiment
eleclazine (BRD:BRD-K00003225-003-01-9),PRISM Repurposing Public 24Q2,-0.053,compound_experiment
tuftsin (BRD:BRD-K00003336-001-01-9),PRISM Repurposing Public 24Q2,0.053,compound_experiment
Omidenepag isopropyl - QC Failure (BRD:BRD-K00073803-001-02-9 - QC Failure),PRISM Repurposing Public 24Q2,0.053,compound_experiment
WAY-316606 (BRD:BRD-K61871885-001-01-3),PRISM Repurposing Public 24Q2,-0.053,compound_experiment
Afoxolaner (BRD:BRD-K00084836-001-01-9),PRISM Repurposing Public 24Q2,-0.053,compound_experiment
Oxamniquine (BRD:BRD-A04843135-001-09-9),PRISM Repurposing Public 24Q2,-0.053,compound_experiment
galidesivir (BRD:BRD-K00003270-003-01-9),PRISM Repurposing Public 24Q2,-0.053,compound_experiment
methysergide (BRD:BRD-K35941380-050-28-9),PRISM Repurposing Public 24Q2,-0.053,compound_experiment
eltanexor (BRD:BRD-K00003369-001-01-9),PRISM Repurposing Public 24Q2,0.053,compound_experiment
Rimacalib (BRD:BRD-K00076949-001-02-9),PRISM Repurposing Public 24Q2,-0.053,compound_experiment
SR 146131 (BRD:BRD-K00076260-001-02-9),PRISM Repurposing Public 24Q2,0.053,compound_experiment
ferrostatin-1 (BRD:BRD-K97375133-001-04-9),PRISM Repurposing Public 24Q2,-0.053,compound_experiment
iRGD-peptide (BRD:BRD-K00003335-001-01-9),PRISM Repurposing Public 24Q2,0.053,compound_experiment
omacetaxine mepesuccinate (CTRP:375219),Drug sensitivity AUC (CTD^2),-0.053,compound_experiment
Bax channel blocker (CTRP:18311),Drug sensitivity AUC (CTD^2),-0.053,compound_experiment
Namitecan - QC Failure (BRD:BRD-K00078128-001-02-9 - QC Failure),PRISM Repurposing Public 24Q2,0.052,compound_experiment
fdcyd (BRD:BRD-K18157228-001-01-7),Drug sensitivity AUC (PRISM Repurposing Secondary Screen),-0.052,compound_experiment
BMS-536924 (GDSC2:1091),Drug sensitivity AUC (Sanger GDSC2),0.052,compound_experiment
hyoscyamine (BRD:BRD-K40530731-001-11-6),Drug sensitivity AUC (PRISM Repurposing Secondary Screen),0.052,compound_experiment
pazopanib (BRD:BRD-K74514084-003-09-2),Drug sensitivity AUC (PRISM Repurposing Secondary Screen),-0.052,compound_experiment
parthenolide-(-) (BRD:BRD-K34851558-001-02-3),Drug sensitivity AUC (PRISM Repurposing Secondary Screen),0.052,compound_experiment
carmofur (BRD:BRD-K11630072-001-13-2),Drug sensitivity AUC (PRISM Repurposing Secondary Screen),0.052,compound_experiment
floxuridine (BRD:BRD-K47832606-001-30-1),Drug sensitivity AUC (PRISM Repurposing Secondary Screen),-0.052,compound_experiment
pheniramine (BRD:BRD-A23072235-050-18-5),Drug sensitivity AUC (PRISM Repurposing Secondary Screen),0.052,compound_experiment
RBN-2397 (BRD:BRD-K00090629-001-01-9),PRISM Repurposing Public 24Q2,0.052,compound_experiment
thiamine (BRD:BRD-K95785345-300-14-8),Drug sensitivity AUC (PRISM Repurposing Secondary Screen),0.052,compound_experiment
S26948 (BRD:BRD-K48826825-001-01-8),Drug sensitivity AUC (PRISM Repurposing Secondary Screen),0.052,compound_experiment
dequalinium (BRD:BRD-K77685957-300-09-1),Drug sensitivity AUC (PRISM Repurposing Secondary Screen),-0.052,compound_experiment
simvastatin (BRD:BRD-K22134346-001-24-9),Drug sensitivity AUC (PRISM Repurposing Secondary Screen),0.052,compound_experiment
bardoxolone-methyl (BRD:BRD-K69694239-001-02-2),Drug sensitivity AUC (PRISM Repurposing Secondary Screen),0.052,compound_experiment
AZD2461 (BRD:BRD-K85014146-001-02-5),Drug sensitivity AUC (PRISM Repurposing Secondary Screen),-0.052,compound_experiment
ramatroban (BRD:BRD-K08586861-001-01-1),Drug sensitivity AUC (PRISM Repurposing Secondary Screen),-0.052,compound_experiment
mexeneone (BRD:BRD-K18613660-001-05-5),Drug sensitivity AUC (PRISM Repurposing Secondary Screen),-0.052,compound_experiment
CRIZOTINIB (GDSC2:1083),Drug sensitivity AUC (Sanger GDSC2),0.052,compound_experiment
CISPLATIN (GDSC2:1005),Drug sensitivity AUC (Sanger GDSC2),-0.052,compound_experiment
CQS (BRD:BRD-K56839624-001-06-9),PRISM Repurposing Public 24Q2,-0.052,compound_experiment
statil (BRD:BRD-K68332390-001-04-9),PRISM Repurposing Public 24Q2,-0.052,compound_experiment
emixustat (BRD:BRD-K00003290-003-01-9),PRISM Repurposing Public 24Q2,0.052,compound_experiment
AMG 333 (BRD:BRD-K00079528-001-02-9),PRISM Repurposing Public 24Q2,0.052,compound_experiment
PhiKan-083 (BRD:BRD-K44400149-003-02-9),PRISM Repurposing Public 24Q2,-0.052,compound_experiment
Evogliptin (tartrate) (BRD:BRD-K00076940-046-02-9),PRISM Repurposing Public 24Q2,0.052,compound_experiment
risedronate (BRD:BRD-K05185389-001-02-6),PRISM Repurposing Public 24Q2,0.052,compound_experiment
L-phenylisopropyladenosine (BRD:BRD-K25521961-001-06-9),PRISM Repurposing Public 24Q2,-0.052,compound_experiment
neurodazine (BRD:BRD-K22631935-001-02-7),PRISM Repurposing Public 24Q2,0.052,compound_experiment
5-fluoropyrimidine (BRD:BRD-K00004679-001-01-9),PRISM Repurposing Public 24Q2,-0.052,compound_experiment
ITX5061 (BRD:BRD-K76911699-003-03-9),PRISM Repurposing Public 24Q2,0.052,compound_experiment
ouabain (BRD:BRD-K33277808-331-01-3),Drug sensitivity AUC (PRISM Repurposing Secondary Screen),0.052,compound_experiment
trilaciclib (BRD:BRD-K00003412-300-01-9),PRISM Repurposing Public 24Q2,-0.052,compound_experiment
(Rac)-Tavapadon (BRD:BRD-K00090657-001-01-9),PRISM Repurposing Public 24Q2,0.052,compound_experiment
paquinimod (BRD:BRD-K00003371-001-01-9),PRISM Repurposing Public 24Q2,-0.052,compound_experiment
Selpercatinib (BRD:BRD-K00091095-001-01-9),PRISM Repurposing Public 24Q2,-0.052,compound_experiment
JTE-013 (BRD:BRD-K43330982-001-04-9),PRISM Repurposing Public 24Q2,-0.052,compound_experiment
GANT-61 (BRD:BRD-K09485525-001-03-9),PRISM Repurposing Public 24Q2,0.052,compound_experiment
KB-0742 (dihydrochloride) (BRD:BRD-K00010521-300-02-9),PRISM Repurposing Public 24Q2,0.052,compound_experiment
digoxin (BRD:BRD-A94756469-001-04-7),Drug sensitivity AUC (PRISM Repurposing Secondary Screen),0.052,compound_experiment
palomid-529 (BRD:BRD-A50998626-001-02-1),Drug sensitivity AUC (PRISM Repurposing Secondary Screen),0.052,compound_experiment
CP466722 (GDSC1:152),Drug sensitivity AUC (Sanger GDSC1),-0.052,compound_experiment
FR-180204 (GDSC1:263),Drug sensitivity AUC (Sanger GDSC1),0.052,compound_experiment
doxorubicin:navitoclax (2:1 mol/mol) (CTRP:660280),Drug sensitivity AUC (CTD^2),-0.052,compound_experiment
BRD-K34222889 (CTRP:688888),Drug sensitivity AUC (CTD^2),-0.052,compound_experiment
linifanib (CTRP:606033),Drug sensitivity AUC (CTD^2),-0.052,compound_experiment
AT13387 (CTRP:688229),Drug sensitivity AUC (CTD^2),-0.052,compound_experiment
GSK4112 (CTRP:660081),Drug sensitivity AUC (CTD^2),-0.052,compound_experiment
cobicistat (BRD:BRD-K51040301-001-02-1),Drug sensitivity AUC (PRISM Repurposing Secondary Screen),-0.051,compound_experiment
Batabulin (BRD:BRD-K00091286-001-01-9),PRISM Repurposing Public 24Q2,-0.051,compound_experiment
YM-244769 (BRD:BRD-K52087522-300-02-9),PRISM Repurposing Public 24Q2,0.051,compound_experiment
IT1t (BRD:BRD-K73499906-300-02-9),PRISM Repurposing Public 24Q2,0.051,compound_experiment
AT-1015 (BRD:BRD-K06496777-003-02-9),PRISM Repurposing Public 24Q2,0.051,compound_experiment
Teglicar (BRD:BRD-K00074712-001-02-9),PRISM Repurposing Public 24Q2,-0.051,compound_experiment
MS-424 (BRD:BRD-K00004683-001-01-9),PRISM Repurposing Public 24Q2,-0.051,compound_experiment
SP-100030 (BRD:BRD-K71900389-001-02-9),PRISM Repurposing Public 24Q2,0.051,compound_experiment
AC1LAKMS - QC Failure (BRD:BRD-K00073871-001-02-9 - QC Failure),PRISM Repurposing Public 24Q2,-0.051,compound_experiment
NS-309 (BRD:BRD-K00004295-001-01-9),PRISM Repurposing Public 24Q2,-0.051,compound_experiment
indeglitazar (BRD:BRD-K00003177-001-01-9),PRISM Repurposing Public 24Q2,-0.051,compound_experiment
KX2-391 (CTRP:660779),Drug sensitivity AUC (CTD^2),-0.051,compound_experiment
serdemetan:SCH-529074 (1:1 mol/mol) (CTRP:660132),Drug sensitivity AUC (CTD^2),-0.051,compound_experiment
cytochlor (BRD:BRD-K48988407-001-01-2),Drug sensitivity AUC (PRISM Repurposing Secondary Screen),0.051,compound_experiment
NTRC-824 (BRD:BRD-K07788774-001-02-9),PRISM Repurposing Public 24Q2,0.051,compound_experiment
efonidipine (BRD:BRD-K00004292-003-02-9),PRISM Repurposing Public 24Q2,-0.051,compound_experiment
entasobulin (BRD:BRD-K00004610-001-01-9),PRISM Repurposing Public 24Q2,0.051,compound_experiment
OTS167 (BRD:BRD-K53417444-003-03-1),Drug sensitivity AUC (PRISM Repurposing Secondary Screen),0.051,compound_experiment
givinostat (BRD:BRD-K13810148-311-03-2),Drug sensitivity AUC (PRISM Repurposing Secondary Screen),-0.051,compound_experiment
ICG-001 (BRD:BRD-K94455792-001-01-8),Drug sensitivity AUC (PRISM Repurposing Secondary Screen),0.051,compound_experiment
tipiracil (BRD:BRD-K11973162-003-01-8),Drug sensitivity AUC (PRISM Repurposing Secondary Screen),-0.051,compound_experiment
dabrafenib (BRD:BRD-K09951645-001-06-8),Drug sensitivity AUC (PRISM Repurposing Secondary Screen),-0.051,compound_experiment
imiloxan (BRD:BRD-A10903566-003-07-7),Drug sensitivity AUC (PRISM Repurposing Secondary Screen),0.051,compound_experiment
celgosivir (BRD:BRD-K00003204-003-01-9),PRISM Repurposing Public 24Q2,0.051,compound_experiment
GSK1292263 (BRD:BRD-K60341624-001-02-2),Drug sensitivity AUC (PRISM Repurposing Secondary Screen),-0.051,compound_experiment
lanatoside-c (BRD:BRD-A64242993-001-05-6),Drug sensitivity AUC (PRISM Repurposing Secondary Screen),-0.051,compound_experiment
dofetilide (BRD:BRD-K86887724-001-10-6),Drug sensitivity AUC (PRISM Repurposing Secondary Screen),0.051,compound_experiment
E7449 (BRD:BRD-K05444225-001-01-7),Drug sensitivity AUC (PRISM Repurposing Secondary Screen),-0.051,compound_experiment
epothilone-d (BRD:BRD-K52762805-001-01-2),Drug sensitivity AUC (PRISM Repurposing Secondary Screen),0.051,compound_experiment
10-hydroxycamptothecin (BRD:BRD-K63784565-001-06-2),Drug sensitivity AUC (PRISM Repurposing Secondary Screen),0.051,compound_experiment
vinorelbine (BRD:BRD-K69280563-001-01-8),Drug sensitivity AUC (PRISM Repurposing Secondary Screen),-0.051,compound_experiment
azacitidine (BRD:BRD-K03406345-001-21-1),Drug sensitivity AUC (PRISM Repurposing Secondary Screen),0.051,compound_experiment
"ISPINESIB MESYLATE, SB-715992 (GDSC1:208)",Drug sensitivity AUC (Sanger GDSC1),-0.051,compound_experiment
sulfamethazine (BRD:BRD-K11640013-236-10-1),Drug sensitivity AUC (PRISM Repurposing Secondary Screen),-0.051,compound_experiment
motapizone (BRD:BRD-K00004657-001-01-9),PRISM Repurposing Public 24Q2,-0.05,compound_experiment
BRD-K16147474 (CTRP:447732),Drug sensitivity AUC (CTD^2),0.05,compound_experiment
ARV-825 (BRD:BRD-A00047421-001-01-7),PRISM Repurposing Public 24Q2,-0.05,compound_experiment
O-304 (BRD:BRD-K00003113-001-01-9),PRISM Repurposing Public 24Q2,0.05,compound_experiment
SGX-523 (CTRP:635882),Drug sensitivity AUC (CTD^2),0.05,compound_experiment
inarigivir-soproxil (BRD:BRD-K00004751-001-01-9),PRISM Repurposing Public 24Q2,-0.05,compound_experiment
vorinostat:navitoclax (4:1 mol/mol) (CTRP:660301),Drug sensitivity AUC (CTD^2),-0.05,compound_experiment
selumetinib (CTRP:348991),Drug sensitivity AUC (CTD^2),0.05,compound_experiment
sirolimus (CTRP:56703),Drug sensitivity AUC (CTD^2),-0.05,compound_experiment
regorafenib (CTRP:628613),Drug sensitivity AUC (CTD^2),-0.05,compound_experiment
SB 505124 (GDSC2:1194),Drug sensitivity AUC (Sanger GDSC2),0.05,compound_experiment
BI-2536 (CTRP:347813),Drug sensitivity AUC (CTD^2),-0.05,compound_experiment
BRD-K45681478 (CTRP:142931),Drug sensitivity AUC (CTD^2),-0.05,compound_experiment
PD318088 (CTRP:660410),Drug sensitivity AUC (CTD^2),0.05,compound_experiment
lenvatinib (CTRP:628639),Drug sensitivity AUC (CTD^2),-0.05,compound_experiment
TASELISIB (GDSC2:1561),Drug sensitivity AUC (Sanger GDSC2),0.05,compound_experiment
TEMOZOLOMIDE (GDSC1:1375),Drug sensitivity AUC (Sanger GDSC1),0.05,compound_experiment
PAC-1 (CTRP:411832),Drug sensitivity AUC (CTD^2),-0.05,compound_experiment
piperazine (BRD:BRD-K13249881-001-02-3),Drug sensitivity AUC (PRISM Repurposing Secondary Screen),0.05,compound_experiment
TL-1-85 (GDSC1:261),Drug sensitivity AUC (Sanger GDSC1),-0.05,compound_experiment
levobetaxolol (BRD:BRD-K43883465-003-02-9),PRISM Repurposing Public 24Q2,-0.05,compound_experiment
CCT007093 (GDSC1:1067),Drug sensitivity AUC (Sanger GDSC1),-0.05,compound_experiment
A-381393 (BRD:BRD-K00005339-001-01-9),PRISM Repurposing Public 24Q2,0.05,compound_experiment
sobuzoxane (BRD:BRD-K87595680-001-05-9),PRISM Repurposing Public 24Q2,0.05,compound_experiment
tiletamine (BRD:BRD-A30582499-003-05-1),Drug sensitivity AUC (PRISM Repurposing Secondary Screen),-0.05,compound_experiment
sodium-ascorbate (BRD:BRD-A67265925-236-02-6),PRISM Repurposing Public 24Q2,0.05,compound_experiment
Belzutifan (BRD:BRD-K00091288-001-01-9),PRISM Repurposing Public 24Q2,-0.05,compound_experiment
ZSET1446 (BRD:BRD-K35984734-001-02-9),PRISM Repurposing Public 24Q2,0.05,compound_experiment
triptolide (BRD:BRD-K39484304-001-16-5),Drug sensitivity AUC (PRISM Repurposing Secondary Screen),0.05,compound_experiment
banoxantrone (BRD:BRD-K00003159-300-01-9),PRISM Repurposing Public 24Q2,-0.05,compound_experiment
WAY-181187 (BRD:BRD-K00079493-001-02-9),PRISM Repurposing Public 24Q2,-0.05,compound_experiment
teriflunomide (BRD:BRD-A42699921-001-03-6),Drug sensitivity AUC (PRISM Repurposing Secondary Screen),0.05,compound_experiment
hexachlorophene (BRD:BRD-K99792991-001-34-9),Drug sensitivity AUC (PRISM Repurposing Secondary Screen),0.05,compound_experiment
amygdalin (BRD:BRD-K03504028-001-07-6),Drug sensitivity AUC (PRISM Repurposing Secondary Screen),0.05,compound_experiment
decitabine (BRD:BRD-K79254416-001-22-6),Drug sensitivity AUC (PRISM Repurposing Secondary Screen),0.05,compound_experiment
dexamethasone-acetate (BRD:BRD-K47635719-001-21-1),Drug sensitivity AUC (PRISM Repurposing Secondary Screen),0.05,compound_experiment
JTC-801 (BRD:BRD-K17705806-003-04-4),Drug sensitivity AUC (PRISM Repurposing Secondary Screen),0.05,compound_experiment
relugolix (BRD:BRD-K00003216-001-01-9),PRISM Repurposing Public 24Q2,-0.05,compound_experiment
meglutol (BRD:BRD-K00495673-001-05-2),PRISM Repurposing Public 24Q2,-0.05,compound_experiment
gefitinib (BRD:BRD-K64052750-001-17-5),Drug sensitivity AUC (PRISM Repurposing Secondary Screen),0.05,compound_experiment
adapalene (BRD:BRD-K33127281-001-05-6),Drug sensitivity AUC (PRISM Repurposing Secondary Screen),-0.05,compound_experiment
CCT129202 (BRD:BRD-K57136142-001-02-4),Drug sensitivity AUC (PRISM Repurposing Secondary Screen),-0.05,compound_experiment
SB-239063 (BRD:BRD-K82091397-001-03-0),Drug sensitivity AUC (PRISM Repurposing Secondary Screen),-0.05,compound_experiment
lorlatinib (BRD:BRD-K99879819-001-02-1),Drug sensitivity AUC (PRISM Repurposing Secondary Screen),0.05,compound_experiment
terconazole (BRD:BRD-K86204871-001-16-2),Drug sensitivity AUC (PRISM Repurposing Secondary Screen),0.05,compound_experiment
BAY-K-8644-(s)-(-) (BRD:BRD-K14329163-001-03-9),Drug sensitivity AUC (PRISM Repurposing Secondary Screen),-0.05,compound_experiment
emiglitate (BRD:BRD-K00003206-001-01-9),PRISM Repurposing Public 24Q2,-0.05,compound_experiment
BNC105 (BRD:BRD-K20468903-001-01-6),Drug sensitivity AUC (PRISM Repurposing Secondary Screen),-0.05,compound_experiment
FR-139317 (BRD:BRD-K19318328-001-01-3),Drug sensitivity AUC (PRISM Repurposing Secondary Screen),0.05,compound_experiment
salidroside (BRD:BRD-K66030860-001-03-6),Drug sensitivity AUC (PRISM Repurposing Secondary Screen),-0.05,compound_experiment
radezolid (BRD:BRD-K84683831-001-01-0),Drug sensitivity AUC (PRISM Repurposing Secondary Screen),-0.05,compound_experiment
oprozomib (BRD:BRD-A36331462-001-02-1),Drug sensitivity AUC (PRISM Repurposing Secondary Screen),0.05,compound_experiment
rosamicin (BRD:BRD-K00004538-001-01-9),PRISM Repurposing Public 24Q2,0.049,compound_experiment
sapacitabine (BRD:BRD-K00003214-001-01-9),PRISM Repurposing Public 24Q2,-0.049,compound_experiment
FT011 (BRD:BRD-K00003378-001-01-9),PRISM Repurposing Public 24Q2,0.049,compound_experiment
Echothiophate Iodide (BRD:BRD-K00075140-005-02-9),PRISM Repurposing Public 24Q2,-0.049,compound_experiment
TBAJ-587 - QC Failure (BRD:BRD-K00091081-001-01-9 - QC Failure),PRISM Repurposing Public 24Q2,-0.049,compound_experiment
MK-5046 (BRD:BRD-K03886848-001-01-8),PRISM Repurposing Public 24Q2,0.049,compound_experiment
BIIB068 (BRD:BRD-K00091113-001-01-9),PRISM Repurposing Public 24Q2,-0.049,compound_experiment
melanotan-ii (BRD:BRD-K75989555-001-02-9),PRISM Repurposing Public 24Q2,0.049,compound_experiment
NSP-805 (BRD:BRD-K00004733-001-01-9),PRISM Repurposing Public 24Q2,-0.049,compound_experiment
fisogatinib (BRD:BRD-K00003377-001-01-9),PRISM Repurposing Public 24Q2,-0.049,compound_experiment
asciminib (BRD:BRD-K00003456-001-01-9),PRISM Repurposing Public 24Q2,0.049,compound_experiment
isopentyl-4-methoxycinnamate (BRD:BRD-K37851352-001-02-9),PRISM Repurposing Public 24Q2,-0.049,compound_experiment
AZD3839 (BRD:BRD-K00004606-001-01-9),PRISM Repurposing Public 24Q2,0.049,compound_experiment
Hydroxytyrosol - QC Failure (BRD:BRD-K04809113-001-02-9 - QC Failure),PRISM Repurposing Public 24Q2,-0.049,compound_experiment
pitavastatin (BRD:BRD-K75958547-238-04-9),PRISM Repurposing Public 24Q2,-0.049,compound_experiment
D-4476 (BRD:BRD-K09132007-001-07-5),Drug sensitivity AUC (PRISM Repurposing Secondary Screen),0.049,compound_experiment
"MIM1, MIM 1, MIM-1 (GDSC2:1996)",Drug sensitivity AUC (Sanger GDSC2),0.049,compound_experiment
aphidicolin (BRD:BRD-K85140930-001-12-7),Drug sensitivity AUC (PRISM Repurposing Secondary Screen),-0.049,compound_experiment
BRD-K35604418 (CTRP:660230),Drug sensitivity AUC (CTD^2),-0.049,compound_experiment
BRD-K26531177 (CTRP:42319),Drug sensitivity AUC (CTD^2),-0.049,compound_experiment
RITA (CTRP:375492),Drug sensitivity AUC (CTD^2),-0.049,compound_experiment
skepinone-L (CTRP:688799),Drug sensitivity AUC (CTD^2),-0.049,compound_experiment
etoposide (CTRP:48589),Drug sensitivity AUC (CTD^2),-0.049,compound_experiment
vorinostat (BRD:BRD-K81418486-001-47-5),Drug sensitivity AUC (PRISM Repurposing Secondary Screen),-0.049,compound_experiment
BI-78D3 (BRD:BRD-K73982490-001-02-9),Drug sensitivity AUC (PRISM Repurposing Secondary Screen),-0.049,compound_experiment
mexiletine (BRD:BRD-A64092382-003-18-3),Drug sensitivity AUC (PRISM Repurposing Secondary Screen),0.049,compound_experiment
SB-366791 (BRD:BRD-K61536336-001-01-7),Drug sensitivity AUC (PRISM Repurposing Secondary Screen),0.049,compound_experiment
adefovir-dipivoxil (BRD:BRD-K96159438-001-06-3),Drug sensitivity AUC (PRISM Repurposing Secondary Screen),-0.049,compound_experiment
nizatidine (BRD:BRD-K73589491-001-11-2),Drug sensitivity AUC (PRISM Repurposing Secondary Screen),0.049,compound_experiment
cobimetinib (BRD:BRD-K03390685-001-01-7),Drug sensitivity AUC (PRISM Repurposing Secondary Screen),0.049,compound_experiment
tiagabine (BRD:BRD-K60160658-003-11-2),Drug sensitivity AUC (PRISM Repurposing Secondary Screen),0.049,compound_experiment
TH-302 (BRD:BRD-K20958582-001-01-4),Drug sensitivity AUC (PRISM Repurposing Secondary Screen),-0.049,compound_experiment
bucladesine (BRD:BRD-A94624445-236-17-0),Drug sensitivity AUC (PRISM Repurposing Secondary Screen),0.049,compound_experiment
trametinib (BRD:BRD-K12343256-001-08-9),Drug sensitivity AUC (PRISM Repurposing Secondary Screen),0.049,compound_experiment
N-acetylmannosamine (BRD:BRD-A92872453-001-01-8),Drug sensitivity AUC (PRISM Repurposing Secondary Screen),0.049,compound_experiment
kynurenic-acid (BRD:BRD-K85872723-001-15-9),Drug sensitivity AUC (PRISM Repurposing Secondary Screen),-0.049,compound_experiment
sobetirome (BRD:BRD-K85406984-001-01-0),Drug sensitivity AUC (PRISM Repurposing Secondary Screen),-0.049,compound_experiment
foretinib (BRD:BRD-K03449891-001-08-6),Drug sensitivity AUC (PRISM Repurposing Secondary Screen),0.049,compound_experiment
THZ-2-102-1 (GDSC1:346),Drug sensitivity AUC (Sanger GDSC1),-0.049,compound_experiment
PHENFORMIN (GDSC1:196),Drug sensitivity AUC (Sanger GDSC1),-0.048,compound_experiment
sultamicillin (BRD:BRD-K00004694-001-01-9),PRISM Repurposing Public 24Q2,0.048,compound_experiment
AVN-492 (BRD:BRD-K00003436-001-01-9),PRISM Repurposing Public 24Q2,0.048,compound_experiment
AZD4635 (BRD:BRD-K00003443-001-01-9),PRISM Repurposing Public 24Q2,0.048,compound_experiment
MK-7622 (BRD:BRD-K00003194-001-01-9),PRISM Repurposing Public 24Q2,-0.048,compound_experiment
ISOX:bortezomib (250:1 mol/mol) (CTRP:660173),Drug sensitivity AUC (CTD^2),-0.048,compound_experiment
ISRIB (BRD:BRD-K12826175-001-02-4),PRISM Repurposing Public 24Q2,0.048,compound_experiment
BRD-K03536150 (CTRP:686134),Drug sensitivity AUC (CTD^2),-0.048,compound_experiment
dichlorvos (BRD:BRD-K23779958-001-05-8),Drug sensitivity AUC (PRISM Repurposing Secondary Screen),0.048,compound_experiment
torasemide (BRD:BRD-K30480208-001-18-5),Drug sensitivity AUC (PRISM Repurposing Secondary Screen),0.048,compound_experiment
ICA-069673 (BRD:BRD-K59839632-001-02-9),PRISM Repurposing Public 24Q2,0.048,compound_experiment
capsaicin (BRD:BRD-K50590187-001-19-9),Drug sensitivity AUC (PRISM Repurposing Secondary Screen),0.048,compound_experiment
"CP-945,598 (BRD:BRD-K09090949-001-01-9)",Drug sensitivity AUC (PRISM Repurposing Secondary Screen),-0.048,compound_experiment
primaquine (BRD:BRD-A55913614-316-09-6),Drug sensitivity AUC (PRISM Repurposing Secondary Screen),-0.048,compound_experiment
DINACICLIB (GDSC2:1180),Drug sensitivity AUC (Sanger GDSC2),-0.048,compound_experiment
lovastatin (BRD:BRD-K09416995-001-39-9),Drug sensitivity AUC (PRISM Repurposing Secondary Screen),-0.048,compound_experiment
AM-251 (BRD:BRD-K92000912-001-12-6),Drug sensitivity AUC (PRISM Repurposing Secondary Screen),-0.048,compound_experiment
SB-505124 (BRD:BRD-K40109029-001-02-9),Drug sensitivity AUC (PRISM Repurposing Secondary Screen),-0.048,compound_experiment
CUDC-907 (BRD:BRD-K77638923-001-02-0),Drug sensitivity AUC (PRISM Repurposing Secondary Screen),-0.048,compound_experiment
nizofenone (BRD:BRD-K84011460-051-01-7),Drug sensitivity AUC (PRISM Repurposing Secondary Screen),0.048,compound_experiment
TGX-221 (CTRP:606356),Drug sensitivity AUC (CTD^2),0.048,compound_experiment
SB-525334 (CTRP:639962),Drug sensitivity AUC (CTD^2),-0.048,compound_experiment
bortezomib (BRD:BRD-K88510285-001-17-8),Drug sensitivity AUC (PRISM Repurposing Secondary Screen),0.048,compound_experiment
rislenemdaz (BRD:BRD-K00003471-001-01-9),PRISM Repurposing Public 24Q2,0.048,compound_experiment
Nidufexor (BRD:BRD-K00091135-001-01-9),PRISM Repurposing Public 24Q2,0.048,compound_experiment
GDC-0084 (BRD:BRD-K00003309-001-01-9),PRISM Repurposing Public 24Q2,-0.048,compound_experiment
desisobutyryl-ciclesonide (BRD:BRD-K00003103-001-01-9),PRISM Repurposing Public 24Q2,-0.048,compound_experiment
monocrotaline (BRD:BRD-K65508953-001-13-9),PRISM Repurposing Public 24Q2,-0.048,compound_experiment
6-aminopenicillanic-acid (BRD:BRD-K30284967-001-02-9),PRISM Repurposing Public 24Q2,-0.048,compound_experiment
A-485 (BRD:BRD-K30233223-001-04-9),PRISM Repurposing Public 24Q2,-0.048,compound_experiment
Dexamethasone palmitate (BRD:BRD-K00090644-001-01-9),PRISM Repurposing Public 24Q2,-0.047,compound_experiment
tandutinib (BRD:BRD-K89162000-001-06-4),Drug sensitivity AUC (PRISM Repurposing Secondary Screen),0.047,compound_experiment
S-07662 (BRD:BRD-K37635256-001-02-9),PRISM Repurposing Public 24Q2,0.047,compound_experiment
diaveridine (BRD:BRD-K97464279-001-03-5),Drug sensitivity AUC (PRISM Repurposing Secondary Screen),-0.047,compound_experiment
fenaclon (BRD:BRD-K08791496-001-01-0),Drug sensitivity AUC (PRISM Repurposing Secondary Screen),0.047,compound_experiment
SC-12267 (BRD:BRD-K40797222-001-01-8),Drug sensitivity AUC (PRISM Repurposing Secondary Screen),0.047,compound_experiment
trifloxystrobin (BRD:BRD-K00005342-001-01-9),PRISM Repurposing Public 24Q2,-0.047,compound_experiment
GK921 (BRD:BRD-K38272302-001-02-7),PRISM Repurposing Public 24Q2,-0.047,compound_experiment
fasoracetam (BRD:BRD-K00004571-001-01-9),PRISM Repurposing Public 24Q2,0.047,compound_experiment
valrubicin (BRD:BRD-K72951360-001-01-4),Drug sensitivity AUC (PRISM Repurposing Secondary Screen),-0.047,compound_experiment
parbendazole (BRD:BRD-K02407574-001-09-7),Drug sensitivity AUC (PRISM Repurposing Secondary Screen),-0.047,compound_experiment
pazopanib (BRD:BRD-K74514084-001-03-9),Drug sensitivity AUC (PRISM Repurposing Secondary Screen),0.047,compound_experiment
penicillamine-(D) (BRD:BRD-K17518951-001-03-0),Drug sensitivity AUC (PRISM Repurposing Secondary Screen),0.047,compound_experiment
"EPOTHILONE B, GNF-PF-193 (GDSC1:201)",Drug sensitivity AUC (Sanger GDSC1),0.047,compound_experiment
TORIN-2 (GDSC1:371),Drug sensitivity AUC (Sanger GDSC1),-0.047,compound_experiment
SHIKONIN (GDSC1:170),Drug sensitivity AUC (Sanger GDSC1),0.047,compound_experiment
"BMS-509744, KIN001-127 (GDSC1:63)",Drug sensitivity AUC (Sanger GDSC1),0.047,compound_experiment
BAY-60-6583 (BRD:BRD-K32952627-001-02-9),PRISM Repurposing Public 24Q2,-0.047,compound_experiment
sulfatinib (BRD:BRD-K00003125-001-01-9),PRISM Repurposing Public 24Q2,0.047,compound_experiment
CID-2745687 (BRD:BRD-K06405316-001-04-9),PRISM Repurposing Public 24Q2,-0.047,compound_experiment
TAS-115 mesylate - QC Failure (BRD:BRD-K00075947-066-02-9 - QC Failure),PRISM Repurposing Public 24Q2,0.047,compound_experiment
GSK356278 (BRD:BRD-K00004711-001-01-9),PRISM Repurposing Public 24Q2,-0.047,compound_experiment
PI3Kd-IN-2 (BRD:BRD-K00004592-001-01-9),PRISM Repurposing Public 24Q2,0.047,compound_experiment
GNTI (BRD:BRD-K64748124-300-06-9),PRISM Repurposing Public 24Q2,-0.047,compound_experiment
MK-8617 (BRD:BRD-K00003397-001-01-9),PRISM Repurposing Public 24Q2,0.047,compound_experiment
urolithin-A (BRD:BRD-K00003383-001-01-9),PRISM Repurposing Public 24Q2,0.047,compound_experiment
pemirolast (BRD:BRD-K31731454-237-04-9),PRISM Repurposing Public 24Q2,0.047,compound_experiment
BAY-1436032 (BRD:BRD-K00003359-001-01-9),PRISM Repurposing Public 24Q2,-0.047,compound_experiment
DH-97 (BRD:BRD-K06014311-001-04-9),PRISM Repurposing Public 24Q2,-0.047,compound_experiment
BMS-754807 (CTRP:417981),Drug sensitivity AUC (CTD^2),0.047,compound_experiment
leptomycin B (CTRP:660086),Drug sensitivity AUC (CTD^2),0.047,compound_experiment
ZLN005 (BRD:BRD-K73073971-001-01-7),Drug sensitivity AUC (PRISM Repurposing Secondary Screen),0.047,compound_experiment
TNO155 - QC Failure (BRD:BRD-K00084310-001-02-9 - QC Failure),PRISM Repurposing Public 24Q2,0.047,compound_experiment
TC-O-9311 (BRD:BRD-K54297077-001-02-9),PRISM Repurposing Public 24Q2,-0.047,compound_experiment
bromosporine (BRD:BRD-K44665581-001-01-8),Drug sensitivity AUC (PRISM Repurposing Secondary Screen),-0.047,compound_experiment
WNT-C59 (GDSC1:574),Drug sensitivity AUC (Sanger GDSC1),0.046,compound_experiment
"ARA-G, 9-??-D-ARABINOFURANOSYL GUANINE (GDSC1:427)",Drug sensitivity AUC (Sanger GDSC1),-0.046,compound_experiment
C-75 (GDSC1:435),Drug sensitivity AUC (Sanger GDSC1),0.046,compound_experiment
FILANESIB (GDSC1:474),Drug sensitivity AUC (Sanger GDSC1),0.046,compound_experiment
BIX02189 (GDSC1:279),Drug sensitivity AUC (Sanger GDSC1),-0.046,compound_experiment
chlorindanol (BRD:BRD-K01653460-001-01-1),Drug sensitivity AUC (PRISM Repurposing Secondary Screen),-0.046,compound_experiment
VX-765 (BRD:BRD-K26712974-001-01-5),Drug sensitivity AUC (PRISM Repurposing Secondary Screen),0.046,compound_experiment
aminoglutethimide (BRD:BRD-A25234499-001-19-1),Drug sensitivity AUC (PRISM Repurposing Secondary Screen),0.046,compound_experiment
inosine (BRD:BRD-K79612754-001-19-1),Drug sensitivity AUC (PRISM Repurposing Secondary Screen),-0.046,compound_experiment
MDL-27531 (BRD:BRD-K50888640-001-01-6),PRISM Repurposing Public 24Q2,-0.046,compound_experiment
RBC8 (BRD:BRD-A67036568-001-03-9),PRISM Repurposing Public 24Q2,-0.046,compound_experiment
F-16915 (BRD:BRD-K00003299-001-01-9),PRISM Repurposing Public 24Q2,-0.046,compound_experiment
minocycline (BRD:BRD-K00003346-003-01-9),PRISM Repurposing Public 24Q2,-0.046,compound_experiment
alovudine (BRD:BRD-K00004697-001-01-9),PRISM Repurposing Public 24Q2,-0.046,compound_experiment
pelrinone (BRD:BRD-K00004687-001-01-9),PRISM Repurposing Public 24Q2,-0.046,compound_experiment
ETC-206 (BRD:BRD-K00003115-001-01-9),PRISM Repurposing Public 24Q2,0.046,compound_experiment
N-Acetylcysteine amide (BRD:BRD-K00091105-001-01-9),PRISM Repurposing Public 24Q2,0.046,compound_experiment
Cimlanod - QC Failure (BRD:BRD-K00090649-001-01-9 - QC Failure),PRISM Repurposing Public 24Q2,-0.046,compound_experiment
lazertinib (BRD:BRD-K00003501-001-01-9),PRISM Repurposing Public 24Q2,0.046,compound_experiment
JNJ-10397049 (BRD:BRD-K61721596-001-01-0),PRISM Repurposing Public 24Q2,-0.046,compound_experiment
GSK-626616 (BRD:BRD-K00090633-001-01-9),PRISM Repurposing Public 24Q2,-0.046,compound_experiment
imidazoacridinone (BRD:BRD-K00004617-001-01-9),PRISM Repurposing Public 24Q2,-0.046,compound_experiment
declopramide (BRD:BRD-K00004661-001-01-9),PRISM Repurposing Public 24Q2,0.046,compound_experiment
Fluticasone furoate (BRD:BRD-K00084841-001-01-9),PRISM Repurposing Public 24Q2,-0.046,compound_experiment
SIS3 (BRD:BRD-K38905597-003-02-9),PRISM Repurposing Public 24Q2,-0.046,compound_experiment
Difelikefalin (BRD:BRD-K00077991-001-02-9),PRISM Repurposing Public 24Q2,0.046,compound_experiment
losartan (BRD:BRD-K76205745-237-22-9),PRISM Repurposing Public 24Q2,-0.046,compound_experiment
cisplatin (BRD:BRD-K69172251-001-08-9),Drug sensitivity AUC (PRISM Repurposing Secondary Screen),0.046,compound_experiment
thymopentin (BRD:BRD-K43977121-001-06-9),PRISM Repurposing Public 24Q2,-0.046,compound_experiment
artemisinin (BRD:BRD-K13112821-001-17-4),Drug sensitivity AUC (PRISM Repurposing Secondary Screen),0.046,compound_experiment
zibotentan (BRD:BRD-K31553034-001-03-0),Drug sensitivity AUC (PRISM Repurposing Secondary Screen),0.046,compound_experiment
chloropyramine (BRD:BRD-K83257731-003-23-5),Drug sensitivity AUC (PRISM Repurposing Secondary Screen),-0.046,compound_experiment
plerixafor (BRD:BRD-K33240821-400-02-5),Drug sensitivity AUC (PRISM Repurposing Secondary Screen),-0.046,compound_experiment
chicago-sky-blue-6b (BRD:BRD-K56483981-342-06-4),Drug sensitivity AUC (PRISM Repurposing Secondary Screen),0.046,compound_experiment
carboxyamidotriazole (BRD:BRD-K68408772-001-05-4),Drug sensitivity AUC (PRISM Repurposing Secondary Screen),-0.046,compound_experiment
4-methylgenistein (BRD:BRD-K73303757-001-21-6),Drug sensitivity AUC (PRISM Repurposing Secondary Screen),0.046,compound_experiment
hydrocortisone (BRD:BRD-K93568044-001-32-0),Drug sensitivity AUC (PRISM Repurposing Secondary Screen),0.046,compound_experiment
taltirelin (BRD:BRD-K93869735-001-01-1),Drug sensitivity AUC (PRISM Repurposing Secondary Screen),0.046,compound_experiment
irinotecan (BRD:BRD-K08547377-001-04-4),Drug sensitivity AUC (PRISM Repurposing Secondary Screen),0.046,compound_experiment
LDN-57444 (BRD:BRD-K94485812-001-02-9),Drug sensitivity AUC (PRISM Repurposing Secondary Screen),-0.046,compound_experiment
ABT-702 (BRD:BRD-K36021395-300-02-4),Drug sensitivity AUC (PRISM Repurposing Secondary Screen),0.046,compound_experiment
sufentanil (BRD:BRD-K21547160-001-01-4),Drug sensitivity AUC (PRISM Repurposing Secondary Screen),0.046,compound_experiment
norfloxacin (BRD:BRD-K11196887-001-22-0),Drug sensitivity AUC (PRISM Repurposing Secondary Screen),-0.046,compound_experiment
SB-939 (BRD:BRD-K86797399-001-05-1),Drug sensitivity AUC (PRISM Repurposing Secondary Screen),-0.046,compound_experiment
bosentan (BRD:BRD-K74763371-002-04-0),Drug sensitivity AUC (PRISM Repurposing Secondary Screen),-0.046,compound_experiment
tezacaftor (BRD:BRD-K97101532-001-02-8),Drug sensitivity AUC (PRISM Repurposing Secondary Screen),0.046,compound_experiment
YM-155 (CTRP:417979),Drug sensitivity AUC (CTD^2),0.046,compound_experiment
CIL55A (CTRP:609061),Drug sensitivity AUC (CTD^2),0.046,compound_experiment
decitabine:carboplatin (1:1 mol/mol) (CTRP:660250),Drug sensitivity AUC (CTD^2),-0.046,compound_experiment
ELEPHANTIN (GDSC2:1835),Drug sensitivity AUC (Sanger GDSC2),-0.046,compound_experiment
LCL-161 (GDSC2:1557),Drug sensitivity AUC (Sanger GDSC2),-0.046,compound_experiment
TAK-715 (BRD:BRD-K52751261-001-06-1),Drug sensitivity AUC (PRISM Repurposing Secondary Screen),0.045,compound_experiment
4-pyrimidinecarbonitrile (BRD:BRD-K04552268-001-02-4),Drug sensitivity AUC (PRISM Repurposing Secondary Screen),0.045,compound_experiment
thalidomide (CTRP:24197),Drug sensitivity AUC (CTD^2),0.045,compound_experiment
SB-225002 (CTRP:52123),Drug sensitivity AUC (CTD^2),-0.045,compound_experiment
BRD-K34099515 (CTRP:660064),Drug sensitivity AUC (CTD^2),-0.045,compound_experiment
tivantinib (CTRP:687406),Drug sensitivity AUC (CTD^2),-0.045,compound_experiment
ML210 (CTRP:609110),Drug sensitivity AUC (CTD^2),0.045,compound_experiment
PAOPA (BRD:BRD-K18573821-001-03-9),PRISM Repurposing Public 24Q2,-0.045,compound_experiment
BRD-K52037352 (CTRP:450415),Drug sensitivity AUC (CTD^2),0.045,compound_experiment
AZD5363 (GDSC2:1916),Drug sensitivity AUC (Sanger GDSC2),-0.045,compound_experiment
UPROSERTIB (GDSC2:2106),Drug sensitivity AUC (Sanger GDSC2),-0.045,compound_experiment
GSK2110183 (GDSC2:1912),Drug sensitivity AUC (Sanger GDSC2),-0.045,compound_experiment
DCP-LA (BRD:BRD-K00005344-001-01-9),PRISM Repurposing Public 24Q2,-0.045,compound_experiment
riboflavin-tetrabutyrate (BRD:BRD-K74227494-001-03-9),PRISM Repurposing Public 24Q2,-0.045,compound_experiment
PF-00446687 - QC Failure (BRD:BRD-K00077029-001-02-9 - QC Failure),PRISM Repurposing Public 24Q2,0.045,compound_experiment
3-MATIDA (BRD:BRD-A87125127-001-03-9),PRISM Repurposing Public 24Q2,0.045,compound_experiment
AMXT-1501 tetrahydrochloride (BRD:BRD-K00091067-376-01-9),PRISM Repurposing Public 24Q2,0.045,compound_experiment
AI-10-49 (BRD:BRD-K89899948-001-01-7),PRISM Repurposing Public 24Q2,-0.045,compound_experiment
AUT-1 (BRD:BRD-K00005330-001-01-9),PRISM Repurposing Public 24Q2,-0.045,compound_experiment
phenylmethylsulfonyl-fluoride (BRD:BRD-K33422401-001-06-4),PRISM Repurposing Public 24Q2,0.045,compound_experiment
crisdesalazine (BRD:BRD-K00004545-001-01-9),PRISM Repurposing Public 24Q2,-0.045,compound_experiment
Mps1-IN-1 (BRD:BRD-K94853001-300-04-9),PRISM Repurposing Public 24Q2,0.045,compound_experiment
dasotraline (BRD:BRD-K00003142-003-01-9),PRISM Repurposing Public 24Q2,-0.045,compound_experiment
denopamine (BRD:BRD-K00004656-001-01-9),PRISM Repurposing Public 24Q2,0.045,compound_experiment
Ko-143 (CTRP:418172),Drug sensitivity AUC (CTD^2),-0.045,compound_experiment
BRD-K48334597 (CTRP:431987),Drug sensitivity AUC (CTD^2),-0.045,compound_experiment
anastrozole (BRD:BRD-K52172416-001-11-4),Drug sensitivity AUC (PRISM Repurposing Secondary Screen),-0.045,compound_experiment
DPI-201106 (BRD:BRD-A64553394-001-04-4),Drug sensitivity AUC (PRISM Repurposing Secondary Screen),-0.045,compound_experiment
BLEOMYCIN (GDSC1:190),Drug sensitivity AUC (Sanger GDSC1),-0.045,compound_experiment
GW-501516 (BRD:BRD-K14880289-001-02-2),Drug sensitivity AUC (PRISM Repurposing Secondary Screen),-0.045,compound_experiment
GS-9973 (BRD:BRD-K76719364-001-02-5),Drug sensitivity AUC (PRISM Repurposing Secondary Screen),-0.045,compound_experiment
remoxipride (BRD:BRD-K54094468-003-11-1),Drug sensitivity AUC (PRISM Repurposing Secondary Screen),-0.045,compound_experiment
genipin (BRD:BRD-K28824103-001-02-8),Drug sensitivity AUC (PRISM Repurposing Secondary Screen),-0.045,compound_experiment
CGP-52411 (BRD:BRD-K13087974-001-02-5),Drug sensitivity AUC (PRISM Repurposing Secondary Screen),-0.045,compound_experiment
IDF-11774 (BRD:BRD-K00003098-001-01-9),PRISM Repurposing Public 24Q2,0.045,compound_experiment
cetrimonium (BRD:BRD-K47079459-004-04-6),Drug sensitivity AUC (PRISM Repurposing Secondary Screen),0.045,compound_experiment
raclopride (BRD:BRD-K04111260-001-10-0),Drug sensitivity AUC (PRISM Repurposing Secondary Screen),-0.045,compound_experiment
PETCM (BRD:BRD-A93477898-001-04-2),Drug sensitivity AUC (PRISM Repurposing Secondary Screen),-0.045,compound_experiment
estramustine (BRD:BRD-A70858459-001-01-7),Drug sensitivity AUC (PRISM Repurposing Secondary Screen),0.045,compound_experiment
ciprofibrate (BRD:BRD-A49358627-001-14-6),Drug sensitivity AUC (PRISM Repurposing Secondary Screen),-0.044,compound_experiment
zinc-undecylenate (BRD:BRD-K13330768-001-02-9),PRISM Repurposing Public 24Q2,-0.044,compound_experiment
Besifovir - QC Failure (BRD:BRD-K00079236-001-02-9 - QC Failure),PRISM Repurposing Public 24Q2,0.044,compound_experiment
Pexacerfont (BRD:BRD-K00073864-001-02-9),PRISM Repurposing Public 24Q2,0.044,compound_experiment
pralmorelin (BRD:BRD-K00004629-001-01-9),PRISM Repurposing Public 24Q2,-0.044,compound_experiment
pentostatin (BRD:BRD-K91543828-001-02-0),Drug sensitivity AUC (PRISM Repurposing Secondary Screen),-0.044,compound_experiment
dirithromycin (BRD:BRD-K52756523-001-24-7),Drug sensitivity AUC (PRISM Repurposing Secondary Screen),0.044,compound_experiment
plinabulin (BRD:BRD-K99498722-001-02-6),Drug sensitivity AUC (PRISM Repurposing Secondary Screen),-0.044,compound_experiment
lapatinib (BRD:BRD-K19687926-379-07-4),Drug sensitivity AUC (PRISM Repurposing Secondary Screen),0.044,compound_experiment
"KIN001-260, BAYER IKKB INHIBITOR (GDSC1:290)",Drug sensitivity AUC (Sanger GDSC1),-0.044,compound_experiment
SAG (BRD:BRD-K99433989-001-02-9),PRISM Repurposing Public 24Q2,-0.044,compound_experiment
NINTEDANIB (GDSC1:380),Drug sensitivity AUC (Sanger GDSC1),-0.044,compound_experiment
hexylresorcinol (BRD:BRD-K99946902-001-07-5),Drug sensitivity AUC (PRISM Repurposing Secondary Screen),-0.044,compound_experiment
octopamine (BRD:BRD-A14240607-003-26-1),Drug sensitivity AUC (PRISM Repurposing Secondary Screen),-0.044,compound_experiment
genistein (BRD:BRD-K43797669-001-28-8),Drug sensitivity AUC (PRISM Repurposing Secondary Screen),-0.044,compound_experiment
darapladib (BRD:BRD-K19085898-001-01-8),Drug sensitivity AUC (PRISM Repurposing Secondary Screen),0.044,compound_experiment
batimastat (BRD:BRD-K82818427-001-02-2),Drug sensitivity AUC (PRISM Repurposing Secondary Screen),0.044,compound_experiment
SMI-4a (BRD:BRD-K70159787-001-01-1),Drug sensitivity AUC (PRISM Repurposing Secondary Screen),0.044,compound_experiment
adaprev (BRD:BRD-A73427433-240-01-3),Drug sensitivity AUC (PRISM Repurposing Secondary Screen),-0.044,compound_experiment
MW-150 (BRD:BRD-K00091273-001-01-9),PRISM Repurposing Public 24Q2,-0.044,compound_experiment
SEL120-34A (monohydrochloride) (BRD:BRD-K00091121-003-01-9),PRISM Repurposing Public 24Q2,0.044,compound_experiment
BC-11 (BRD:BRD-K14646328-004-02-9),PRISM Repurposing Public 24Q2,-0.044,compound_experiment
Flesinoxan (BRD:BRD-K00091287-001-01-9),PRISM Repurposing Public 24Q2,0.044,compound_experiment
BRD-K88742110 (CTRP:606670),Drug sensitivity AUC (CTD^2),-0.044,compound_experiment
selumetinib:piperlongumine (8:1 mol/mol) (CTRP:660220),Drug sensitivity AUC (CTD^2),0.044,compound_experiment
CAL-101 (CTRP:660430),Drug sensitivity AUC (CTD^2),0.044,compound_experiment
ICA-110381 (BRD:BRD-K71686520-001-02-9),PRISM Repurposing Public 24Q2,-0.044,compound_experiment
AZD7986 (BRD:BRD-K00003398-001-01-9),PRISM Repurposing Public 24Q2,0.044,compound_experiment
Ligandrol (BRD:BRD-K00091109-001-01-9),PRISM Repurposing Public 24Q2,-0.044,compound_experiment
OTS514 (BRD:BRD-K38018935-001-01-1),PRISM Repurposing Public 24Q2,-0.044,compound_experiment
zuranolone (BRD:BRD-K00003448-001-01-9),PRISM Repurposing Public 24Q2,0.044,compound_experiment
brivaracetam (BRD:BRD-K00634421-001-01-0),Drug sensitivity AUC (PRISM Repurposing Secondary Screen),0.044,compound_experiment
filanesib (BRD:BRD-K37379014-001-01-2),Drug sensitivity AUC (PRISM Repurposing Secondary Screen),-0.044,compound_experiment
salvianolic-acid-B (BRD:BRD-K18898553-001-01-1),Drug sensitivity AUC (PRISM Repurposing Secondary Screen),0.044,compound_experiment
canrenone (BRD:BRD-A20644369-001-08-6),Drug sensitivity AUC (PRISM Repurposing Secondary Screen),0.044,compound_experiment
nintedanib (BRD:BRD-K49075727-001-08-5),Drug sensitivity AUC (PRISM Repurposing Secondary Screen),-0.044,compound_experiment
BMS-626531 (BRD:BRD-K00004550-001-01-9),PRISM Repurposing Public 24Q2,-0.044,compound_experiment
NSC95397 (CTRP:50715),Drug sensitivity AUC (CTD^2),-0.044,compound_experiment
AZD5423 (BRD:BRD-K00076418-001-02-9),PRISM Repurposing Public 24Q2,-0.044,compound_experiment
miridesap (BRD:BRD-K00003434-001-01-9),PRISM Repurposing Public 24Q2,-0.044,compound_experiment
MRX-2843 (BRD:BRD-K00003417-001-01-9),PRISM Repurposing Public 24Q2,0.044,compound_experiment
carboplatin:etoposide (40:17 mol/mol) (CTRP:660223),Drug sensitivity AUC (CTD^2),-0.044,compound_experiment
CANERTINIB (GDSC1:362),Drug sensitivity AUC (Sanger GDSC1),0.044,compound_experiment
BX-912 (GDSC1:222),Drug sensitivity AUC (Sanger GDSC1),-0.044,compound_experiment
GDC-0810 (GDSC2:1925),Drug sensitivity AUC (Sanger GDSC2),-0.044,compound_experiment
VE-821 (GDSC2:2111),Drug sensitivity AUC (Sanger GDSC2),-0.044,compound_experiment
"EEF2K INHIBITOR, A-484954 (GDSC1:409)",Drug sensitivity AUC (Sanger GDSC1),0.044,compound_experiment
XMD14-99 (GDSC1:253),Drug sensitivity AUC (Sanger GDSC1),-0.044,compound_experiment
CAY10566 (GDSC1:416),Drug sensitivity AUC (Sanger GDSC1),-0.044,compound_experiment
FLUDARABINE (GDSC2:1813),Drug sensitivity AUC (Sanger GDSC2),0.044,compound_experiment
ERK5-IN-1 (GDSC1:106),Drug sensitivity AUC (Sanger GDSC1),0.044,compound_experiment
IMATINIB (GDSC1:34),Drug sensitivity AUC (Sanger GDSC1),0.044,compound_experiment
UNC0638 (GDSC1:245),Drug sensitivity AUC (Sanger GDSC1),-0.044,compound_experiment
NG-25 (GDSC1:260),Drug sensitivity AUC (Sanger GDSC1),-0.044,compound_experiment
cangrelor (BRD:BRD-K00004669-001-01-9),PRISM Repurposing Public 24Q2,0.043,compound_experiment
tenofovir-alafenamide (BRD:BRD-A25988899-001-01-6),PRISM Repurposing Public 24Q2,-0.043,compound_experiment
baloxavir-marboxil (BRD:BRD-K00003495-001-01-9),PRISM Repurposing Public 24Q2,-0.043,compound_experiment
betamethasone-butyrate-propionate (BRD:BRD-K00004736-001-01-9),PRISM Repurposing Public 24Q2,-0.043,compound_experiment
lasofoxifene (BRD:BRD-M93148412-001-02-6),PRISM Repurposing Public 24Q2,-0.043,compound_experiment
elafibranor (BRD:BRD-K03165895-001-01-9),Drug sensitivity AUC (PRISM Repurposing Secondary Screen),0.043,compound_experiment
UF-010 (BRD:BRD-K20480395-001-02-9),PRISM Repurposing Public 24Q2,-0.043,compound_experiment
val-tyr (BRD:BRD-K00004630-001-01-9),PRISM Repurposing Public 24Q2,0.043,compound_experiment
DWK-1339 (BRD:BRD-K00003171-001-01-9),PRISM Repurposing Public 24Q2,-0.043,compound_experiment
azaserine (BRD:BRD-K47464228-001-14-9),PRISM Repurposing Public 24Q2,-0.043,compound_experiment
fisetin (BRD:BRD-K31836715-001-06-8),PRISM Repurposing Public 24Q2,-0.043,compound_experiment
NDD-094 (BRD:BRD-K00004664-001-01-9),PRISM Repurposing Public 24Q2,-0.043,compound_experiment
etretinate (BRD:BRD-K49076555-001-05-6),PRISM Repurposing Public 24Q2,-0.043,compound_experiment
P276-00 (BRD:BRD-K51791723-003-01-7),Drug sensitivity AUC (PRISM Repurposing Secondary Screen),0.043,compound_experiment
BFH772 (BRD:BRD-K00003368-001-01-9),PRISM Repurposing Public 24Q2,0.043,compound_experiment
velpatasvir (BRD:BRD-K00003133-001-01-9),PRISM Repurposing Public 24Q2,-0.043,compound_experiment
mirogabalin-besylate (BRD:BRD-K00003484-074-01-9),PRISM Repurposing Public 24Q2,-0.043,compound_experiment
itacitinib (BRD:BRD-K67482377-001-01-8),Drug sensitivity AUC (PRISM Repurposing Secondary Screen),0.043,compound_experiment
WAY-255348 (BRD:BRD-K00004556-001-01-9),PRISM Repurposing Public 24Q2,-0.043,compound_experiment
BRD-K70511574 (CTRP:648987),Drug sensitivity AUC (CTD^2),-0.043,compound_experiment
L-685458 (CTRP:411717),Drug sensitivity AUC (CTD^2),0.043,compound_experiment
ML311 (CTRP:290356),Drug sensitivity AUC (CTD^2),-0.043,compound_experiment
AM-580 (CTRP:58455),Drug sensitivity AUC (CTD^2),0.043,compound_experiment
STF-31 (CTRP:652975),Drug sensitivity AUC (CTD^2),-0.043,compound_experiment
BRD-K27188169 (CTRP:660798),Drug sensitivity AUC (CTD^2),0.043,compound_experiment
procarbazine (CTRP:28183),Drug sensitivity AUC (CTD^2),-0.043,compound_experiment
vincristine (CTRP:62602),Drug sensitivity AUC (CTD^2),-0.043,compound_experiment
selumetinib:BRD-A02303741 (4:1 mol/mol) (CTRP:660178),Drug sensitivity AUC (CTD^2),0.043,compound_experiment
nan (BRD:BRD-K61524559-001-04-7),PRISM Repurposing Public 24Q2,0.043,compound_experiment
adavivint (BRD:BRD-K00003499-001-01-9),PRISM Repurposing Public 24Q2,-0.043,compound_experiment
metaraminol (BRD:BRD-K96253961-046-03-1),Drug sensitivity AUC (PRISM Repurposing Secondary Screen),-0.043,compound_experiment
felbamate (BRD:BRD-K99107520-001-24-1),Drug sensitivity AUC (PRISM Repurposing Secondary Screen),0.043,compound_experiment
"APITOLISIB, GDC0980 (GDSC1:382)",Drug sensitivity AUC (Sanger GDSC1),-0.043,compound_experiment
DACOMITINIB (GDSC1:363),Drug sensitivity AUC (Sanger GDSC1),0.043,compound_experiment
fendiline (BRD:BRD-A71033472-003-23-9),Drug sensitivity AUC (PRISM Repurposing Secondary Screen),-0.043,compound_experiment
aspirin (BRD:BRD-K11433652-001-17-0),Drug sensitivity AUC (PRISM Repurposing Secondary Screen),0.043,compound_experiment
KF-38789 (BRD:BRD-A54927599-001-16-9),Drug sensitivity AUC (PRISM Repurposing Secondary Screen),0.043,compound_experiment
tetramethylthiuram-monosulfide (BRD:BRD-K36889451-001-01-1),Drug sensitivity AUC (PRISM Repurposing Secondary Screen),-0.043,compound_experiment
GW-788388 (BRD:BRD-K78086729-001-02-7),Drug sensitivity AUC (PRISM Repurposing Secondary Screen),0.043,compound_experiment
GSK2656157 (BRD:BRD-K41104902-001-01-3),Drug sensitivity AUC (PRISM Repurposing Secondary Screen),0.043,compound_experiment
GSK1904529A (GDSC1:202),Drug sensitivity AUC (Sanger GDSC1),-0.043,compound_experiment
halofantrine (BRD:BRD-A51964809-003-12-6),Drug sensitivity AUC (PRISM Repurposing Secondary Screen),0.043,compound_experiment
bumetanide (BRD:BRD-K38197229-001-29-9),Drug sensitivity AUC (PRISM Repurposing Secondary Screen),-0.043,compound_experiment
DOCETAXEL (GDSC2:1819),Drug sensitivity AUC (Sanger GDSC2),-0.043,compound_experiment
CAMPTOTHECIN (GDSC2:1003),Drug sensitivity AUC (Sanger GDSC2),-0.043,compound_experiment
isofloxythepin (BRD:BRD-A07704283-001-01-3),Drug sensitivity AUC (PRISM Repurposing Secondary Screen),0.043,compound_experiment
BIBR-1532 (BRD:BRD-K04623885-001-07-5),Drug sensitivity AUC (PRISM Repurposing Secondary Screen),0.043,compound_experiment
copanlisib (BRD:BRD-K24666289-001-04-9),Drug sensitivity AUC (PRISM Repurposing Secondary Screen),0.043,compound_experiment
cyclosporine (BRD:BRD-K13533483-001-16-2),Drug sensitivity AUC (PRISM Repurposing Secondary Screen),0.043,compound_experiment
topotecan (BRD:BRD-K55696337-003-24-4),Drug sensitivity AUC (PRISM Repurposing Secondary Screen),0.042,compound_experiment
amsacrine (BRD:BRD-K68346641-001-01-4),Drug sensitivity AUC (PRISM Repurposing Secondary Screen),0.042,compound_experiment
naftifine (BRD:BRD-K74141488-003-11-2),Drug sensitivity AUC (PRISM Repurposing Secondary Screen),0.042,compound_experiment
CX-5461 (BRD:BRD-K12787259-001-04-3),Drug sensitivity AUC (PRISM Repurposing Secondary Screen),0.042,compound_experiment
monobenzone (BRD:BRD-K54262262-001-09-0),Drug sensitivity AUC (PRISM Repurposing Secondary Screen),0.042,compound_experiment
SN-38 (BRD:BRD-K89561498-001-01-7),Drug sensitivity AUC (PRISM Repurposing Secondary Screen),0.042,compound_experiment
disulfiram (BRD:BRD-K32744045-001-31-2),Drug sensitivity AUC (PRISM Repurposing Secondary Screen),-0.042,compound_experiment
IU1 (CTRP:272805),Drug sensitivity AUC (CTD^2),-0.042,compound_experiment
5-hydroxymethyl-tolterodine (BRD:BRD-K24603946-001-02-1),Drug sensitivity AUC (PRISM Repurposing Secondary Screen),-0.042,compound_experiment
ripretinib (BRD:BRD-K00005241-001-01-9),PRISM Repurposing Public 24Q2,0.042,compound_experiment
Epitalon (TFA) (BRD:BRD-K00078221-019-02-9),PRISM Repurposing Public 24Q2,0.042,compound_experiment
Elexacaftor (BRD:BRD-K00093437-001-01-9),PRISM Repurposing Public 24Q2,-0.042,compound_experiment
Arimoclomol (maleate) (BRD:BRD-K00090627-050-01-9),PRISM Repurposing Public 24Q2,0.042,compound_experiment
verdiperstat (BRD:BRD-K00004612-001-01-9),PRISM Repurposing Public 24Q2,0.042,compound_experiment
clofarabine (CTRP:660288),Drug sensitivity AUC (CTD^2),-0.042,compound_experiment
BRD4132 (CTRP:3588),Drug sensitivity AUC (CTD^2),-0.042,compound_experiment
SMER-3 (CTRP:660286),Drug sensitivity AUC (CTD^2),0.042,compound_experiment
indoximod (BRD:BRD-K93255255-001-02-1),Drug sensitivity AUC (PRISM Repurposing Secondary Screen),-0.042,compound_experiment
cilofexor (BRD:BRD-K00004595-001-01-9),PRISM Repurposing Public 24Q2,0.042,compound_experiment
mepivacaine (BRD:BRD-A03216249-003-24-3),Drug sensitivity AUC (PRISM Repurposing Secondary Screen),0.042,compound_experiment
PHA-793887 (BRD:BRD-K64800655-001-07-4),Drug sensitivity AUC (PRISM Repurposing Secondary Screen),0.042,compound_experiment
orantinib (BRD:BRD-K55966568-001-05-4),Drug sensitivity AUC (PRISM Repurposing Secondary Screen),-0.042,compound_experiment
minocycline (BRD:BRD-A69651145-003-07-2),Drug sensitivity AUC (PRISM Repurposing Secondary Screen),0.042,compound_experiment
loxistatin-acid (BRD:BRD-K21937671-001-09-2),Drug sensitivity AUC (PRISM Repurposing Secondary Screen),-0.042,compound_experiment
SCS (BRD:BRD-K78496197-001-03-9),Drug sensitivity AUC (PRISM Repurposing Secondary Screen),-0.042,compound_experiment
VER-155008 (CTRP:411815),Drug sensitivity AUC (CTD^2),0.042,compound_experiment
PF-477736 (BRD:BRD-K03063480-001-06-6),Drug sensitivity AUC (PRISM Repurposing Secondary Screen),-0.042,compound_experiment
EMD-53998 (BRD:BRD-A65248799-001-01-7),Drug sensitivity AUC (PRISM Repurposing Secondary Screen),0.042,compound_experiment
BMS-270394 (CTRP:660321),Drug sensitivity AUC (CTD^2),0.042,compound_experiment
cimetidine (CTRP:26870),Drug sensitivity AUC (CTD^2),-0.042,compound_experiment
ML029 (CTRP:350548),Drug sensitivity AUC (CTD^2),-0.042,compound_experiment
SR8278 (CTRP:668858),Drug sensitivity AUC (CTD^2),-0.042,compound_experiment
PF-02413873 (BRD:BRD-K00004632-001-01-9),PRISM Repurposing Public 24Q2,0.042,compound_experiment
CISPLATIN (GDSC1:1005),Drug sensitivity AUC (Sanger GDSC1),-0.042,compound_experiment
QL-X-138 (GDSC1:331),Drug sensitivity AUC (Sanger GDSC1),-0.042,compound_experiment
cinobufotalin (BRD:BRD-K00003354-001-01-9),PRISM Repurposing Public 24Q2,0.042,compound_experiment
REFAMETINIB (GDSC1:1526),Drug sensitivity AUC (Sanger GDSC1),0.042,compound_experiment
"FMK, KIN001-242 (GDSC1:231)",Drug sensitivity AUC (Sanger GDSC1),0.042,compound_experiment
METHOTREXATE (GDSC1:1008),Drug sensitivity AUC (Sanger GDSC1),-0.042,compound_experiment
LY231617 (BRD:BRD-K85804405-003-01-3),PRISM Repurposing Public 24Q2,-0.042,compound_experiment
hPGDS-IN-1 (BRD:BRD-K00003140-001-01-9),PRISM Repurposing Public 24Q2,-0.042,compound_experiment
omtriptolide (BRD:BRD-K00003212-001-01-9),PRISM Repurposing Public 24Q2,-0.042,compound_experiment
Tebipenem - QC Failure (BRD:BRD-K00073049-001-02-9 - QC Failure),PRISM Repurposing Public 24Q2,0.042,compound_experiment
GSK2110183 (BRD:BRD-K25412176-001-04-9),PRISM Repurposing Public 24Q2,-0.042,compound_experiment
MMV-390048 (BRD:BRD-K78973789-001-02-9),PRISM Repurposing Public 24Q2,-0.042,compound_experiment
AB-423 (BRD:BRD-K00003109-001-01-9),PRISM Repurposing Public 24Q2,0.042,compound_experiment
EPZ004777 (GDSC2:1237),Drug sensitivity AUC (Sanger GDSC2),-0.042,compound_experiment
PLX-4720 (GDSC2:1036),Drug sensitivity AUC (Sanger GDSC2),-0.042,compound_experiment
JQ1 (GDSC1:163),Drug sensitivity AUC (Sanger GDSC1),0.042,compound_experiment
bendamustine (BRD:BRD-K17068645-003-04-2),Drug sensitivity AUC (PRISM Repurposing Secondary Screen),-0.041,compound_experiment
9-aminoacridine (BRD:BRD-K00535541-001-06-3),Drug sensitivity AUC (PRISM Repurposing Secondary Screen),-0.041,compound_experiment
sunitinib (BRD:BRD-K42828737-044-09-0),Drug sensitivity AUC (PRISM Repurposing Secondary Screen),-0.041,compound_experiment
tagatose (BRD:BRD-A73556557-001-06-4),Drug sensitivity AUC (PRISM Repurposing Secondary Screen),0.041,compound_experiment
latanoprost (BRD:BRD-K10961822-001-05-1),Drug sensitivity AUC (PRISM Repurposing Secondary Screen),-0.041,compound_experiment
iniparib (BRD:BRD-K11153516-001-05-5),Drug sensitivity AUC (PRISM Repurposing Secondary Screen),0.041,compound_experiment
adarotene (BRD:BRD-K00152668-001-01-5),Drug sensitivity AUC (PRISM Repurposing Secondary Screen),0.041,compound_experiment
tremorine (BRD:BRD-K08619838-300-05-7),Drug sensitivity AUC (PRISM Repurposing Secondary Screen),0.041,compound_experiment
TWS-119 (BRD:BRD-K94176593-001-09-4),Drug sensitivity AUC (PRISM Repurposing Secondary Screen),0.041,compound_experiment
dihydroergocristine (BRD:BRD-K97440753-066-18-1),Drug sensitivity AUC (PRISM Repurposing Secondary Screen),-0.041,compound_experiment
T-1101 (tosylate) (BRD:BRD-K00091066-075-01-9),PRISM Repurposing Public 24Q2,-0.041,compound_experiment
indoprofen (BRD:BRD-A44090213-001-25-6),Drug sensitivity AUC (PRISM Repurposing Secondary Screen),-0.041,compound_experiment
TAK-071 (BRD:BRD-K00091106-001-01-9),PRISM Repurposing Public 24Q2,0.041,compound_experiment
lifirafenib (BRD:BRD-K00003275-001-01-9),PRISM Repurposing Public 24Q2,-0.041,compound_experiment
aripiprazole-lauroxil (BRD:BRD-K00004574-001-01-9),PRISM Repurposing Public 24Q2,-0.041,compound_experiment
MC1568 (BRD:BRD-K24031866-001-02-1),PRISM Repurposing Public 24Q2,0.041,compound_experiment
pimodivir (BRD:BRD-K00003127-001-01-9),PRISM Repurposing Public 24Q2,0.041,compound_experiment
BAY-2402234 (BRD:BRD-K22379844-001-04-9),PRISM Repurposing Public 24Q2,0.041,compound_experiment
reynoutrin (BRD:BRD-K00005343-001-01-9),PRISM Repurposing Public 24Q2,0.041,compound_experiment
BI-409306 (BRD:BRD-K00003120-001-01-9),PRISM Repurposing Public 24Q2,0.041,compound_experiment
AZD7594 (BRD:BRD-K00003100-001-01-9),PRISM Repurposing Public 24Q2,-0.041,compound_experiment
ITD-1 (BRD:BRD-A56690687-001-02-9),PRISM Repurposing Public 24Q2,-0.041,compound_experiment
PF-06260414 (BRD:BRD-K00004644-001-01-9),PRISM Repurposing Public 24Q2,-0.041,compound_experiment
"1,4-butanediol (BRD:BRD-K22346679-001-06-3)",PRISM Repurposing Public 24Q2,-0.041,compound_experiment
BPD-00008900 (GDSC2:1998),Drug sensitivity AUC (Sanger GDSC2),-0.041,compound_experiment
treprostinil (BRD:BRD-K19706299-236-02-9),PRISM Repurposing Public 24Q2,0.041,compound_experiment
sorafenib (BRD:BRD-K23984367-001-07-5),Drug sensitivity AUC (PRISM Repurposing Secondary Screen),-0.041,compound_experiment
DCC-3014 (BRD:BRD-K00091116-001-01-9),PRISM Repurposing Public 24Q2,-0.041,compound_experiment
ML10302 (BRD:BRD-K69343602-003-02-9),PRISM Repurposing Public 24Q2,-0.041,compound_experiment
NSC-87877 (GDSC1:147),Drug sensitivity AUC (Sanger GDSC1),-0.041,compound_experiment
navitoclax:birinapant (1:1 mol/mol) (CTRP:660172),Drug sensitivity AUC (CTD^2),0.041,compound_experiment
ML031 (CTRP:96171),Drug sensitivity AUC (CTD^2),-0.041,compound_experiment
BRD-K92856060 (CTRP:119769),Drug sensitivity AUC (CTD^2),-0.041,compound_experiment
AZD7545 (CTRP:411814),Drug sensitivity AUC (CTD^2),-0.041,compound_experiment
salermide (CTRP:616352),Drug sensitivity AUC (CTD^2),-0.041,compound_experiment
irganox-1010 (BRD:BRD-K00004549-001-01-9),PRISM Repurposing Public 24Q2,0.041,compound_experiment
LCL-161 (GDSC1:439),Drug sensitivity AUC (Sanger GDSC1),0.041,compound_experiment
SARACATINIB (GDSC1:38),Drug sensitivity AUC (Sanger GDSC1),0.041,compound_experiment
Pamicogrel (BRD:BRD-K00075290-001-02-9),PRISM Repurposing Public 24Q2,0.041,compound_experiment
AT-7519 (GDSC1:219),Drug sensitivity AUC (Sanger GDSC1),-0.041,compound_experiment
MK-3207 (BRD:BRD-K66911501-003-01-2),Drug sensitivity AUC (PRISM Repurposing Secondary Screen),0.041,compound_experiment
CR8-(R) (BRD:BRD-K40331046-305-01-5),Drug sensitivity AUC (PRISM Repurposing Secondary Screen),0.041,compound_experiment
cintirorgon (BRD:BRD-K00003458-001-01-9),PRISM Repurposing Public 24Q2,-0.041,compound_experiment
BIX-02188 (BRD:BRD-K20290250-001-02-1),Drug sensitivity AUC (PRISM Repurposing Secondary Screen),0.041,compound_experiment
PP-2 (BRD:BRD-K95785537-001-23-1),Drug sensitivity AUC (PRISM Repurposing Secondary Screen),0.041,compound_experiment
phenazone (BRD:BRD-K46937689-001-15-0),Drug sensitivity AUC (PRISM Repurposing Secondary Screen),-0.041,compound_experiment
azathioprine (BRD:BRD-K32821942-001-21-3),Drug sensitivity AUC (PRISM Repurposing Secondary Screen),0.041,compound_experiment
JNJ-38877605 (GDSC1:284),Drug sensitivity AUC (Sanger GDSC1),0.041,compound_experiment
levobunolol (BRD:BRD-K31812033-003-11-0),Drug sensitivity AUC (PRISM Repurposing Secondary Screen),0.04,compound_experiment
fluroxene (BRD:BRD-K56908511-001-01-2),Drug sensitivity AUC (PRISM Repurposing Secondary Screen),0.04,compound_experiment
GSK2830371 (BRD:BRD-K17472821-001-01-2),Drug sensitivity AUC (PRISM Repurposing Secondary Screen),-0.04,compound_experiment
P5091 (BRD:BRD-K13606314-001-01-3),Drug sensitivity AUC (PRISM Repurposing Secondary Screen),-0.04,compound_experiment
formestane (BRD:BRD-A26503646-001-16-6),Drug sensitivity AUC (PRISM Repurposing Secondary Screen),0.04,compound_experiment
BRD-K02251932 (CTRP:442141),Drug sensitivity AUC (CTD^2),-0.04,compound_experiment
mechlorethamine (BRD:BRD-K12829205-003-02-8),Drug sensitivity AUC (PRISM Repurposing Secondary Screen),-0.04,compound_experiment
JNJ-7706621 (BRD:BRD-K11636097-001-03-1),Drug sensitivity AUC (PRISM Repurposing Secondary Screen),0.04,compound_experiment
AZM-475271 (BRD:BRD-K51329597-001-02-9),PRISM Repurposing Public 24Q2,0.04,compound_experiment
nan (BRD:BRD-K01825581-399-02-9),Drug sensitivity AUC (PRISM Repurposing Secondary Screen),0.04,compound_experiment
teniposide (BRD:BRD-A35588707-001-05-5),Drug sensitivity AUC (PRISM Repurposing Secondary Screen),0.04,compound_experiment
diclazuril (BRD:BRD-A06426627-001-03-5),Drug sensitivity AUC (PRISM Repurposing Secondary Screen),-0.04,compound_experiment
temsirolimus (BRD:BRD-K42898655-001-01-8),Drug sensitivity AUC (PRISM Repurposing Secondary Screen),-0.04,compound_experiment
AEG3482 (BRD:BRD-K77634909-001-03-5),Drug sensitivity AUC (PRISM Repurposing Secondary Screen),0.04,compound_experiment
GDC-0349 (BRD:BRD-K43187018-001-03-3),Drug sensitivity AUC (PRISM Repurposing Secondary Screen),-0.04,compound_experiment
acetazolamide (BRD:BRD-K43457670-001-27-8),Drug sensitivity AUC (PRISM Repurposing Secondary Screen),0.04,compound_experiment
ftorafur (BRD:BRD-K99383816-001-03-5),Drug sensitivity AUC (PRISM Repurposing Secondary Screen),0.04,compound_experiment
MK-8745 (BRD:BRD-K25279140-001-01-5),Drug sensitivity AUC (PRISM Repurposing Secondary Screen),0.04,compound_experiment
clofarabine (BRD:BRD-K34022604-001-06-6),Drug sensitivity AUC (PRISM Repurposing Secondary Screen),-0.04,compound_experiment
exatecan-mesylate (BRD:BRD-K92150287-066-01-2),Drug sensitivity AUC (PRISM Repurposing Secondary Screen),0.04,compound_experiment
gambogic-acid (BRD:BRD-K08542803-001-03-1),Drug sensitivity AUC (PRISM Repurposing Secondary Screen),0.04,compound_experiment
nemorubicin (BRD:BRD-K51911221-001-01-2),Drug sensitivity AUC (PRISM Repurposing Secondary Screen),0.04,compound_experiment
teniposide (BRD:BRD-K10362825-001-04-2),Drug sensitivity AUC (PRISM Repurposing Secondary Screen),0.04,compound_experiment
"KRAS (G12C) INHIBITOR-12, GTPL8020 (GDSC2:1855)",Drug sensitivity AUC (Sanger GDSC2),-0.04,compound_experiment
SU-11274 (GDSC1:285),Drug sensitivity AUC (Sanger GDSC1),-0.04,compound_experiment
MK-0608 (BRD:BRD-K00004557-001-01-9),PRISM Repurposing Public 24Q2,0.04,compound_experiment
JQ-1:MK-0752 (1:1 mol/mol) (CTRP:660253),Drug sensitivity AUC (CTD^2),0.04,compound_experiment
BMS-345541 (GDSC2:1249),Drug sensitivity AUC (Sanger GDSC2),-0.04,compound_experiment
ML083 (CTRP:255961),Drug sensitivity AUC (CTD^2),0.04,compound_experiment
BRD-K41334119 (CTRP:446546),Drug sensitivity AUC (CTD^2),-0.04,compound_experiment
narciclasine (CTRP:632243),Drug sensitivity AUC (CTD^2),-0.04,compound_experiment
SELUMETINIB (GDSC1:1062),Drug sensitivity AUC (Sanger GDSC1),-0.04,compound_experiment
impentamine (BRD:BRD-K20049318-303-03-9),PRISM Repurposing Public 24Q2,-0.04,compound_experiment
methylbenactyzium-bromide (BRD:BRD-K00003518-004-01-9),PRISM Repurposing Public 24Q2,0.04,compound_experiment
bardoxolone methyl (CTRP:660318),Drug sensitivity AUC (CTD^2),-0.04,compound_experiment
Zamicastat (BRD:BRD-K00091086-001-01-9),PRISM Repurposing Public 24Q2,-0.04,compound_experiment
Ubrogepant (BRD:BRD-K00090624-001-01-9),PRISM Repurposing Public 24Q2,-0.04,compound_experiment
NGP555 (BRD:BRD-K00003490-001-01-9),PRISM Repurposing Public 24Q2,-0.04,compound_experiment
PD-166285 (BRD:BRD-K93217218-300-03-9),PRISM Repurposing Public 24Q2,0.04,compound_experiment
remetinostat (BRD:BRD-K00004584-001-01-9),PRISM Repurposing Public 24Q2,0.04,compound_experiment
nicainoprol (BRD:BRD-K00003382-001-01-9),PRISM Repurposing Public 24Q2,0.04,compound_experiment
Foliglurax (monohydrochloride) - QC Failure (BRD:BRD-K00091276-003-01-9 - QC Failure),PRISM Repurposing Public 24Q2,-0.04,compound_experiment
upamostat (BRD:BRD-K00003218-001-01-9),PRISM Repurposing Public 24Q2,-0.04,compound_experiment
GDC-0068 (GDSC2:1924),Drug sensitivity AUC (Sanger GDSC2),-0.04,compound_experiment
PACLITAXEL (GDSC2:1080),Drug sensitivity AUC (Sanger GDSC2),0.04,compound_experiment
decitabine:navitoclax (2:1 mol/mol) (CTRP:660180),Drug sensitivity AUC (CTD^2),-0.04,compound_experiment
thymalfasin (BRD:BRD-K00004602-001-01-9),PRISM Repurposing Public 24Q2,0.04,compound_experiment
sodium-orthovanadate (BRD:BRD-K60600693-314-03-2),PRISM Repurposing Public 24Q2,-0.04,compound_experiment
tipifarnib-P2 (CTRP:417416),Drug sensitivity AUC (CTD^2),-0.04,compound_experiment
GDC-0941 (BRD:BRD-K52911425-001-09-8),Drug sensitivity AUC (PRISM Repurposing Secondary Screen),0.039,compound_experiment
crizotinib (BRD:BRD-K78431006-001-10-2),Drug sensitivity AUC (PRISM Repurposing Secondary Screen),0.039,compound_experiment
artesunate (BRD:BRD-K54634444-001-05-9),Drug sensitivity AUC (PRISM Repurposing Secondary Screen),-0.039,compound_experiment
FPH1-(BRD-6125) (BRD:BRD-K61250484-001-02-3),Drug sensitivity AUC (PRISM Repurposing Secondary Screen),0.039,compound_experiment
mefexamide (BRD:BRD-K20655524-003-12-0),Drug sensitivity AUC (PRISM Repurposing Secondary Screen),0.039,compound_experiment
OSI-027 (GDSC1:299),Drug sensitivity AUC (Sanger GDSC1),-0.039,compound_experiment
SIROLIMUS (GDSC1:3),Drug sensitivity AUC (Sanger GDSC1),0.039,compound_experiment
oxazepam (BRD:BRD-A50049929-001-01-9),Drug sensitivity AUC (PRISM Repurposing Secondary Screen),0.039,compound_experiment
PF-03814735 (BRD:BRD-K68747584-001-02-0),Drug sensitivity AUC (PRISM Repurposing Secondary Screen),0.039,compound_experiment
oltipraz (BRD:BRD-K86972824-001-01-4),Drug sensitivity AUC (PRISM Repurposing Secondary Screen),-0.039,compound_experiment
OLDA (BRD:BRD-K95523387-001-09-6),Drug sensitivity AUC (PRISM Repurposing Secondary Screen),-0.039,compound_experiment
AZD5363 (BRD:BRD-K99023089-001-03-7),Drug sensitivity AUC (PRISM Repurposing Secondary Screen),-0.039,compound_experiment
gambogic-acid (BRD:BRD-K08542803-001-02-3),Drug sensitivity AUC (PRISM Repurposing Secondary Screen),0.039,compound_experiment
CP-673451 (BRD:BRD-K43621685-001-02-5),Drug sensitivity AUC (PRISM Repurposing Secondary Screen),0.039,compound_experiment
STA-5326 (BRD:BRD-K41783120-001-02-8),Drug sensitivity AUC (PRISM Repurposing Secondary Screen),-0.039,compound_experiment
motesanib (BRD:BRD-K99616396-001-05-1),Drug sensitivity AUC (PRISM Repurposing Secondary Screen),-0.039,compound_experiment
nilotinib (BRD:BRD-K81528515-001-13-8),Drug sensitivity AUC (PRISM Repurposing Secondary Screen),0.039,compound_experiment
nan (BRD:BRD-K11267252-001-05-1),Drug sensitivity AUC (PRISM Repurposing Secondary Screen),0.039,compound_experiment
SB-205384 (BRD:BRD-A22707317-001-10-8),Drug sensitivity AUC (PRISM Repurposing Secondary Screen),-0.039,compound_experiment
alisertib (BRD:BRD-K75295174-001-05-0),Drug sensitivity AUC (PRISM Repurposing Secondary Screen),0.039,compound_experiment
imatinib (BRD:BRD-K92723993-001-06-7),Drug sensitivity AUC (PRISM Repurposing Secondary Screen),0.039,compound_experiment
caffeic-acid (BRD:BRD-K09900591-001-26-7),Drug sensitivity AUC (PRISM Repurposing Secondary Screen),0.039,compound_experiment
cis-aconitic-acid (BRD:BRD-K71756122-001-02-5),PRISM Repurposing Public 24Q2,0.039,compound_experiment
BMS-986195 (BRD:BRD-K00003110-001-01-9),PRISM Repurposing Public 24Q2,-0.039,compound_experiment
rogaratinib (BRD:BRD-K00003358-001-01-9),PRISM Repurposing Public 24Q2,-0.039,compound_experiment
erismodegib (CTRP:636425),Drug sensitivity AUC (CTD^2),-0.039,compound_experiment
WZ4002 (CTRP:640366),Drug sensitivity AUC (CTD^2),-0.039,compound_experiment
BRD-K84807411 (CTRP:437906),Drug sensitivity AUC (CTD^2),-0.039,compound_experiment
serdemetan (CTRP:418164),Drug sensitivity AUC (CTD^2),-0.039,compound_experiment
pazopanib (CTRP:640265),Drug sensitivity AUC (CTD^2),-0.039,compound_experiment
BRD-K19103580 (CTRP:436211),Drug sensitivity AUC (CTD^2),0.039,compound_experiment
piperlongumine (CTRP:39782),Drug sensitivity AUC (CTD^2),-0.039,compound_experiment
QS-11 (CTRP:609681),Drug sensitivity AUC (CTD^2),0.039,compound_experiment
P005672 (hydrochloride) - QC Failure (BRD:BRD-K00089571-003-01-9 - QC Failure),PRISM Repurposing Public 24Q2,0.039,compound_experiment
Oteseconazole (BRD:BRD-K00077023-001-02-9),PRISM Repurposing Public 24Q2,0.039,compound_experiment
AMZ30 (BRD:BRD-K00256256-001-06-1),PRISM Repurposing Public 24Q2,0.039,compound_experiment
"N~1~,N~6~-di(9H-fluoren-9-yl)-N~1~,N~1~,N~6~,N~6~- - QC Failure (BRD:BRD-K00073231-303-02-9 - QC Failure)",PRISM Repurposing Public 24Q2,-0.039,compound_experiment
CC-223 (BRD:BRD-K88737571-001-02-2),PRISM Repurposing Public 24Q2,-0.039,compound_experiment
apronal (BRD:BRD-K00003524-001-01-9),PRISM Repurposing Public 24Q2,-0.039,compound_experiment
madecassoside (BRD:BRD-K00003328-001-01-9),PRISM Repurposing Public 24Q2,-0.039,compound_experiment
PF-03463275 (BRD:BRD-K00075673-001-02-9),PRISM Repurposing Public 24Q2,0.039,compound_experiment
NS-19504 (BRD:BRD-K03808106-001-02-9),PRISM Repurposing Public 24Q2,-0.039,compound_experiment
FN-1501 (BRD:BRD-K00003096-001-01-9),PRISM Repurposing Public 24Q2,0.039,compound_experiment
DSM265 (BRD:BRD-K35498911-001-02-9),PRISM Repurposing Public 24Q2,0.039,compound_experiment
plumbagin (BRD:BRD-K36137799-001-06-9),PRISM Repurposing Public 24Q2,0.039,compound_experiment
CCMQ (BRD:BRD-K06159959-001-03-9),PRISM Repurposing Public 24Q2,-0.039,compound_experiment
MSC2360844 (BRD:BRD-K00091079-001-01-9),PRISM Repurposing Public 24Q2,0.039,compound_experiment
Iodoxamate - QC Failure (BRD:BRD-K00071597-001-01-9 - QC Failure),PRISM Repurposing Public 24Q2,0.039,compound_experiment
Indoxacarb (BRD:BRD-K00089583-001-01-9),PRISM Repurposing Public 24Q2,0.039,compound_experiment
tenalisib (BRD:BRD-K00003263-001-01-9),PRISM Repurposing Public 24Q2,-0.039,compound_experiment
RS-504393 (BRD:BRD-K87510569-001-02-8),Drug sensitivity AUC (PRISM Repurposing Secondary Screen),-0.038,compound_experiment
piroxicam (BRD:BRD-A57382968-001-29-0),Drug sensitivity AUC (PRISM Repurposing Secondary Screen),-0.038,compound_experiment
12-O-tetradecanoylphorbol-13-acetate (BRD:BRD-K68552125-001-05-3),Drug sensitivity AUC (PRISM Repurposing Secondary Screen),-0.038,compound_experiment
halobetasol-propionate (BRD:BRD-K65877271-001-01-8),Drug sensitivity AUC (PRISM Repurposing Secondary Screen),0.038,compound_experiment
ruxolitinib (BRD:BRD-K53972329-001-07-0),Drug sensitivity AUC (PRISM Repurposing Secondary Screen),0.038,compound_experiment
NSC-23766 (BRD:BRD-A80213327-305-08-3),Drug sensitivity AUC (PRISM Repurposing Secondary Screen),0.038,compound_experiment
tyrphostin-AG-494 (BRD:BRD-K34533029-001-08-5),Drug sensitivity AUC (PRISM Repurposing Secondary Screen),-0.038,compound_experiment
TPCA-1 (GDSC1:305),Drug sensitivity AUC (Sanger GDSC1),-0.038,compound_experiment
ETOPOSIDE (GDSC1:134),Drug sensitivity AUC (Sanger GDSC1),-0.038,compound_experiment
PIK-93 (GDSC1:303),Drug sensitivity AUC (Sanger GDSC1),-0.038,compound_experiment
KIN001-236 (GDSC1:286),Drug sensitivity AUC (Sanger GDSC1),-0.038,compound_experiment
DORAMAPIMOD (GDSC1:1042),Drug sensitivity AUC (Sanger GDSC1),0.038,compound_experiment
tozasertib (BRD:BRD-K59369769-001-20-3),Drug sensitivity AUC (PRISM Repurposing Secondary Screen),-0.038,compound_experiment
etrabamine (BRD:BRD-K00004658-001-01-9),PRISM Repurposing Public 24Q2,0.038,compound_experiment
D-64131 (BRD:BRD-K26997899-001-02-2),Drug sensitivity AUC (PRISM Repurposing Secondary Screen),-0.038,compound_experiment
"ZOLEDRONATE, ZOLEDRONIC ACID, ZOMETA, RECLAST (GDSC2:1802)",Drug sensitivity AUC (Sanger GDSC2),-0.038,compound_experiment
Terpinen-4-ol - QC Failure (BRD:BRD-A09155491-001-03-9 - QC Failure),PRISM Repurposing Public 24Q2,0.038,compound_experiment
NKY-80 (BRD:BRD-A75015151-001-08-9),PRISM Repurposing Public 24Q2,-0.038,compound_experiment
ML141 (BRD:BRD-A28422330-001-11-9),PRISM Repurposing Public 24Q2,0.038,compound_experiment
dapivirine (BRD:BRD-K12885236-001-02-7),Drug sensitivity AUC (PRISM Repurposing Secondary Screen),0.038,compound_experiment
delpazolid (BRD:BRD-K00003363-001-01-9),PRISM Repurposing Public 24Q2,0.038,compound_experiment
I-BET-762 (GDSC2:1624),Drug sensitivity AUC (Sanger GDSC2),-0.038,compound_experiment
LINSITINIB (GDSC2:1510),Drug sensitivity AUC (Sanger GDSC2),0.038,compound_experiment
TRAM-39 (BRD:BRD-K81341251-001-02-9),PRISM Repurposing Public 24Q2,0.038,compound_experiment
OXALIPLATIN (GDSC2:1089),Drug sensitivity AUC (Sanger GDSC2),-0.038,compound_experiment
RG-108 (CTRP:411831),Drug sensitivity AUC (CTD^2),-0.038,compound_experiment
16-beta-bromoandrosterone (CTRP:411726),Drug sensitivity AUC (CTD^2),-0.038,compound_experiment
HC-067047 (CTRP:660083),Drug sensitivity AUC (CTD^2),0.038,compound_experiment
tetomilast (BRD:BRD-K00004564-001-01-9),PRISM Repurposing Public 24Q2,-0.038,compound_experiment
SAR439859 (BRD:BRD-K00091093-001-01-9),PRISM Repurposing Public 24Q2,-0.038,compound_experiment
Zearalanol (BRD:BRD-K11848003-001-17-9),PRISM Repurposing Public 24Q2,-0.038,compound_experiment
GW-3965 (BRD:BRD-K33818169-003-04-6),Drug sensitivity AUC (PRISM Repurposing Secondary Screen),0.038,compound_experiment
AVE-0991 (BRD:BRD-K36154108-001-01-7),PRISM Repurposing Public 24Q2,-0.038,compound_experiment
bromindione (BRD:BRD-K50490982-001-09-9),PRISM Repurposing Public 24Q2,-0.038,compound_experiment
TC-I-2014 (BRD:BRD-K05262258-001-02-9),PRISM Repurposing Public 24Q2,0.038,compound_experiment
esaxerenone (BRD:BRD-K00003374-001-01-9),PRISM Repurposing Public 24Q2,0.038,compound_experiment
MK-7246 (BRD:BRD-K00003199-001-01-9),PRISM Repurposing Public 24Q2,-0.038,compound_experiment
acivicin (BRD:BRD-K13050541-001-01-9),Drug sensitivity AUC (PRISM Repurposing Secondary Screen),0.038,compound_experiment
fludarabine (BRD:BRD-K66788707-001-14-3),Drug sensitivity AUC (PRISM Repurposing Secondary Screen),0.038,compound_experiment
capecitabine (BRD:BRD-K61192372-001-08-9),Drug sensitivity AUC (PRISM Repurposing Secondary Screen),0.038,compound_experiment
SF-11 (BRD:BRD-K42629487-001-09-9),PRISM Repurposing Public 24Q2,0.038,compound_experiment
Etripamil (BRD:BRD-K00090659-001-01-9),PRISM Repurposing Public 24Q2,0.038,compound_experiment
Spirapril Hydrochloride (BRD:BRD-K00074789-001-02-9),PRISM Repurposing Public 24Q2,-0.038,compound_experiment
amyloid P-IN-1 (BRD:BRD-K00090622-001-01-9),PRISM Repurposing Public 24Q2,0.038,compound_experiment
lomitapide (BRD:BRD-K92213669-001-01-3),Drug sensitivity AUC (PRISM Repurposing Secondary Screen),-0.038,compound_experiment
mevastatin (BRD:BRD-K94441233-001-13-0),Drug sensitivity AUC (PRISM Repurposing Secondary Screen),-0.038,compound_experiment
parcetasal (BRD:BRD-K00004740-001-01-9),PRISM Repurposing Public 24Q2,0.038,compound_experiment
daminozide (BRD:BRD-K83452553-001-07-9),PRISM Repurposing Public 24Q2,0.038,compound_experiment
TC-SP-14 (BRD:BRD-K87461578-001-02-9),PRISM Repurposing Public 24Q2,-0.037,compound_experiment
asimadoline (BRD:BRD-K00003477-001-01-9),PRISM Repurposing Public 24Q2,0.037,compound_experiment
strontium-ranelate (BRD:BRD-K83146339-001-04-0),PRISM Repurposing Public 24Q2,-0.037,compound_experiment
ametantrone (BRD:BRD-K00004726-001-01-9),PRISM Repurposing Public 24Q2,-0.037,compound_experiment
tauroglycocholate (BRD:BRD-K00003523-236-01-9),PRISM Repurposing Public 24Q2,0.037,compound_experiment
reversine (BRD:BRD-K77286328-001-03-7),PRISM Repurposing Public 24Q2,0.037,compound_experiment
MK-8998 (BRD:BRD-K86677390-001-02-9),PRISM Repurposing Public 24Q2,0.037,compound_experiment
SB-452533 (BRD:BRD-K03665769-001-02-9),PRISM Repurposing Public 24Q2,-0.037,compound_experiment
SSR180711 (BRD:BRD-K00004316-003-01-9),PRISM Repurposing Public 24Q2,0.037,compound_experiment
BIA-10-2474 (BRD:BRD-K00004735-001-01-9),PRISM Repurposing Public 24Q2,0.037,compound_experiment
tribromoethanol (BRD:BRD-K69632891-001-02-9),PRISM Repurposing Public 24Q2,0.037,compound_experiment
valbenazine (BRD:BRD-K00003233-001-01-9),PRISM Repurposing Public 24Q2,-0.037,compound_experiment
GF109203X (BRD:BRD-K31342827-001-13-8),PRISM Repurposing Public 24Q2,-0.037,compound_experiment
CHIR-99021 (CTRP:347812),Drug sensitivity AUC (CTD^2),0.037,compound_experiment
"AICAR, N1-(B-D-RIBOFURANOSYL)-5-AMINOIMIDAZOLE-4-CARBOXAMIDE (GDSC1:1001)",Drug sensitivity AUC (Sanger GDSC1),0.037,compound_experiment
CYTARABINE (GDSC1:1006),Drug sensitivity AUC (Sanger GDSC1),-0.037,compound_experiment
funapide (BRD:BRD-K00004702-001-01-9),PRISM Repurposing Public 24Q2,-0.037,compound_experiment
ML258 (CTRP:660314),Drug sensitivity AUC (CTD^2),0.037,compound_experiment
LRRK2-IN-1 (CTRP:607696),Drug sensitivity AUC (CTD^2),-0.037,compound_experiment
BVD-523 (BRD:BRD-K28965160-001-01-1),Drug sensitivity AUC (PRISM Repurposing Secondary Screen),0.037,compound_experiment
cholecalciferol (BRD:BRD-K62779383-001-05-5),Drug sensitivity AUC (PRISM Repurposing Secondary Screen),0.037,compound_experiment
GSK-J4 (BRD:BRD-K98203492-003-04-1),Drug sensitivity AUC (PRISM Repurposing Secondary Screen),0.037,compound_experiment
iproniazid (BRD:BRD-K88568253-011-19-9),Drug sensitivity AUC (PRISM Repurposing Secondary Screen),-0.037,compound_experiment
cibenzoline (BRD:BRD-K34251960-036-01-6),Drug sensitivity AUC (PRISM Repurposing Secondary Screen),-0.037,compound_experiment
BI-2536 (BRD:BRD-K64890080-001-13-8),Drug sensitivity AUC (PRISM Repurposing Secondary Screen),-0.037,compound_experiment
zaldaride (BRD:BRD-A26032986-050-02-1),Drug sensitivity AUC (PRISM Repurposing Secondary Screen),-0.037,compound_experiment
estradiol (BRD:BRD-K18910433-001-36-6),Drug sensitivity AUC (PRISM Repurposing Secondary Screen),-0.037,compound_experiment
erdafitinib (BRD:BRD-K84868168-001-01-0),Drug sensitivity AUC (PRISM Repurposing Secondary Screen),-0.037,compound_experiment
nadifloxacin (BRD:BRD-A24397426-001-10-4),Drug sensitivity AUC (PRISM Repurposing Secondary Screen),-0.037,compound_experiment
AMG-208 (BRD:BRD-K32285926-001-02-1),Drug sensitivity AUC (PRISM Repurposing Secondary Screen),-0.037,compound_experiment
MG-132 (BRD:BRD-K60230970-001-17-5),Drug sensitivity AUC (PRISM Repurposing Secondary Screen),-0.037,compound_experiment
AM-404 (BRD:BRD-K55462201-001-07-3),Drug sensitivity AUC (PRISM Repurposing Secondary Screen),0.037,compound_experiment
SB-218795 (BRD:BRD-K61097567-001-08-5),Drug sensitivity AUC (PRISM Repurposing Secondary Screen),-0.037,compound_experiment
idoxuridine (BRD:BRD-K76634210-001-14-7),Drug sensitivity AUC (PRISM Repurposing Secondary Screen),-0.037,compound_experiment
hypericin (BRD:BRD-K29673530-001-05-4),Drug sensitivity AUC (PRISM Repurposing Secondary Screen),0.037,compound_experiment
teprenone (BRD:BRD-K11510141-001-01-8),Drug sensitivity AUC (PRISM Repurposing Secondary Screen),-0.037,compound_experiment
deflazacort (BRD:BRD-K96006502-001-02-6),Drug sensitivity AUC (PRISM Repurposing Secondary Screen),-0.037,compound_experiment
GW-583340 (BRD:BRD-K79930101-300-03-7),Drug sensitivity AUC (PRISM Repurposing Secondary Screen),0.037,compound_experiment
k-strophanthidin (BRD:BRD-A55312468-001-04-7),Drug sensitivity AUC (PRISM Repurposing Secondary Screen),-0.037,compound_experiment
ifosfamide (CTRP:35319),Drug sensitivity AUC (CTD^2),-0.037,compound_experiment
BRD-K13185470 (CTRP:660839),Drug sensitivity AUC (CTD^2),0.037,compound_experiment
istradefylline (CTRP:687694),Drug sensitivity AUC (CTD^2),0.037,compound_experiment
WZ8040 (CTRP:628614),Drug sensitivity AUC (CTD^2),0.037,compound_experiment
DC-260126 (BRD:BRD-K10596918-001-02-9),PRISM Repurposing Public 24Q2,-0.036,compound_experiment
PTC-028 (BRD:BRD-K00010388-001-01-9),PRISM Repurposing Public 24Q2,-0.036,compound_experiment
rigosertib (CTRP:660397),Drug sensitivity AUC (CTD^2),-0.036,compound_experiment
tivozanib (CTRP:418170),Drug sensitivity AUC (CTD^2),-0.036,compound_experiment
HLI 373 (CTRP:481311),Drug sensitivity AUC (CTD^2),-0.036,compound_experiment
BRD-K51490254 (CTRP:616355),Drug sensitivity AUC (CTD^2),-0.036,compound_experiment
PHA-793887 (CTRP:640007),Drug sensitivity AUC (CTD^2),-0.036,compound_experiment
selonsertib (BRD:BRD-K00003274-001-01-9),PRISM Repurposing Public 24Q2,-0.036,compound_experiment
Navoximod (BRD:BRD-K00078423-001-02-9),PRISM Repurposing Public 24Q2,0.036,compound_experiment
VU10010 (BRD:BRD-K12483104-001-02-9),PRISM Repurposing Public 24Q2,-0.036,compound_experiment
peposertib (BRD:BRD-K00003426-001-01-9),PRISM Repurposing Public 24Q2,-0.036,compound_experiment
PF-514273 (BRD:BRD-K00004642-001-01-9),PRISM Repurposing Public 24Q2,0.036,compound_experiment
CJ-033466 (BRD:BRD-K21306330-001-02-9),PRISM Repurposing Public 24Q2,-0.036,compound_experiment
chromium-picolinate (BRD:BRD-K01029106-001-02-9),PRISM Repurposing Public 24Q2,0.036,compound_experiment
"PILARALISIB, XL-147 (GDSC1:372)",Drug sensitivity AUC (Sanger GDSC1),-0.036,compound_experiment
TW-37 (GDSC1:1149),Drug sensitivity AUC (Sanger GDSC1),-0.036,compound_experiment
"VENOTOCLAX, ABT-199, VENECLEXTA, GDC-0199 (GDSC1:412)",Drug sensitivity AUC (Sanger GDSC1),0.036,compound_experiment
AGI-6780 (GDSC1:562),Drug sensitivity AUC (Sanger GDSC1),0.036,compound_experiment
KOBE2602 (GDSC1:563),Drug sensitivity AUC (Sanger GDSC1),-0.036,compound_experiment
VX-702 (GDSC1:1028),Drug sensitivity AUC (Sanger GDSC1),-0.036,compound_experiment
alisertib (CTRP:636711),Drug sensitivity AUC (CTD^2),0.036,compound_experiment
SB-297006 (BRD:BRD-K16107558-001-02-9),PRISM Repurposing Public 24Q2,0.036,compound_experiment
ASP5878 (BRD:BRD-K00091280-001-01-9),PRISM Repurposing Public 24Q2,0.036,compound_experiment
SNS-032 (CTRP:606254),Drug sensitivity AUC (CTD^2),0.036,compound_experiment
LCL-161 (BRD:BRD-K08248804-001-01-8),Drug sensitivity AUC (PRISM Repurposing Secondary Screen),-0.036,compound_experiment
tranilast (BRD:BRD-K17849083-001-32-9),Drug sensitivity AUC (PRISM Repurposing Secondary Screen),-0.036,compound_experiment
atuveciclib (BRD:BRD-K00003144-001-01-9),PRISM Repurposing Public 24Q2,0.036,compound_experiment
Pipequaline - QC Failure (BRD:BRD-K00078382-001-02-9 - QC Failure),PRISM Repurposing Public 24Q2,0.036,compound_experiment
pyrantel-pamoate (BRD:BRD-K20672254-046-05-4),PRISM Repurposing Public 24Q2,0.036,compound_experiment
Mapracorat (BRD:BRD-K00077013-001-02-9),PRISM Repurposing Public 24Q2,-0.036,compound_experiment
Olinciguat (BRD:BRD-K00091274-001-01-9),PRISM Repurposing Public 24Q2,0.036,compound_experiment
ingenol (BRD:BRD-K00003329-001-01-9),PRISM Repurposing Public 24Q2,0.036,compound_experiment
OR-1896 (BRD:BRD-K86283245-001-03-9),PRISM Repurposing Public 24Q2,0.036,compound_experiment
NU-2058 (BRD:BRD-K20976221-001-12-0),PRISM Repurposing Public 24Q2,0.036,compound_experiment
SR-31747 (BRD:BRD-K00074858-003-02-9),PRISM Repurposing Public 24Q2,-0.036,compound_experiment
lomeguatrib (BRD:BRD-K27955832-001-02-9),Drug sensitivity AUC (PRISM Repurposing Secondary Screen),-0.036,compound_experiment
NVP-BVU972 (BRD:BRD-K77943374-001-02-8),Drug sensitivity AUC (PRISM Repurposing Secondary Screen),-0.036,compound_experiment
BTS-54505 (BRD:BRD-A68304895-003-02-2),Drug sensitivity AUC (PRISM Repurposing Secondary Screen),-0.036,compound_experiment
ABT-751 (BRD:BRD-K91623615-001-05-0),Drug sensitivity AUC (PRISM Repurposing Secondary Screen),-0.036,compound_experiment
beclomethasone-dipropionate (BRD:BRD-K97810537-001-13-6),Drug sensitivity AUC (PRISM Repurposing Secondary Screen),0.036,compound_experiment
gemigliptin (BRD:BRD-K00003182-001-01-9),PRISM Repurposing Public 24Q2,-0.036,compound_experiment
dexrazoxane (BRD:BRD-K07265709-003-05-6),Drug sensitivity AUC (PRISM Repurposing Secondary Screen),0.036,compound_experiment
ryuvidine (BRD:BRD-K06426971-001-02-7),Drug sensitivity AUC (PRISM Repurposing Secondary Screen),0.036,compound_experiment
WHI-P154 (BRD:BRD-K07487750-001-03-3),Drug sensitivity AUC (PRISM Repurposing Secondary Screen),-0.036,compound_experiment
VX-11E (GDSC2:2096),Drug sensitivity AUC (Sanger GDSC2),0.036,compound_experiment
elacridar (BRD:BRD-K88807631-001-01-3),Drug sensitivity AUC (PRISM Repurposing Secondary Screen),-0.036,compound_experiment
meisoindigo (BRD:BRD-K14529030-001-01-9),Drug sensitivity AUC (PRISM Repurposing Secondary Screen),-0.036,compound_experiment
norethindrone (BRD:BRD-K92073408-001-16-5),Drug sensitivity AUC (PRISM Repurposing Secondary Screen),-0.036,compound_experiment
AM-580 (BRD:BRD-K06854232-001-19-9),Drug sensitivity AUC (PRISM Repurposing Secondary Screen),0.036,compound_experiment
DMH1 (BRD:BRD-K39381259-001-01-0),Drug sensitivity AUC (PRISM Repurposing Secondary Screen),-0.036,compound_experiment
TG-101209 (BRD:BRD-K39841531-001-02-1),Drug sensitivity AUC (PRISM Repurposing Secondary Screen),-0.036,compound_experiment
NSC-632839 (BRD:BRD-K81197548-003-01-4),Drug sensitivity AUC (PRISM Repurposing Secondary Screen),0.036,compound_experiment
oxibendazole (BRD:BRD-K52075715-001-06-7),Drug sensitivity AUC (PRISM Repurposing Secondary Screen),-0.036,compound_experiment
YO-01027 (BRD:BRD-K04622161-001-02-3),Drug sensitivity AUC (PRISM Repurposing Secondary Screen),0.036,compound_experiment
tucidinostat (BRD:BRD-K95216408-001-02-9),PRISM Repurposing Public 24Q2,-0.036,compound_experiment
GS-39783 (BRD:BRD-K75478907-001-02-3),Drug sensitivity AUC (PRISM Repurposing Secondary Screen),-0.036,compound_experiment
ENTINOSTAT (GDSC2:1593),Drug sensitivity AUC (Sanger GDSC2),0.036,compound_experiment
TOPOTECAN (GDSC2:1808),Drug sensitivity AUC (Sanger GDSC2),-0.036,compound_experiment
VENETOCLAX (GDSC2:1909),Drug sensitivity AUC (Sanger GDSC2),-0.035,compound_experiment
baloxavir (BRD:BRD-K00003496-001-01-9),PRISM Repurposing Public 24Q2,-0.035,compound_experiment
axitinib (BRD:BRD-K29905972-001-06-3),Drug sensitivity AUC (PRISM Repurposing Secondary Screen),-0.035,compound_experiment
LGK-974 (GDSC2:1598),Drug sensitivity AUC (Sanger GDSC2),-0.035,compound_experiment
GSK269962A (GDSC2:1192),Drug sensitivity AUC (Sanger GDSC2),0.035,compound_experiment
681640 (GDSC2:1046),Drug sensitivity AUC (Sanger GDSC2),-0.035,compound_experiment
vincristine (BRD:BRD-K12251893-065-04-7),Drug sensitivity AUC (PRISM Repurposing Secondary Screen),-0.035,compound_experiment
aminopurvalanol-a (BRD:BRD-K07762753-001-04-4),Drug sensitivity AUC (PRISM Repurposing Secondary Screen),0.035,compound_experiment
MK-0812 (BRD:BRD-K14175878-001-01-6),Drug sensitivity AUC (PRISM Repurposing Secondary Screen),0.035,compound_experiment
butylscopolamine-bromide (BRD:BRD-A53951045-004-01-6),Drug sensitivity AUC (PRISM Repurposing Secondary Screen),-0.035,compound_experiment
atorvastatin (BRD:BRD-K69726342-238-02-4),Drug sensitivity AUC (PRISM Repurposing Secondary Screen),-0.035,compound_experiment
cabozantinib (BRD:BRD-K51544265-001-04-2),Drug sensitivity AUC (PRISM Repurposing Secondary Screen),0.035,compound_experiment
BW-180C (BRD:BRD-K57927309-001-01-7),Drug sensitivity AUC (PRISM Repurposing Secondary Screen),0.035,compound_experiment
iobenguane (BRD:BRD-K43860855-065-11-9),Drug sensitivity AUC (PRISM Repurposing Secondary Screen),-0.035,compound_experiment
emetine (BRD:BRD-A25687296-300-04-3),Drug sensitivity AUC (PRISM Repurposing Secondary Screen),-0.035,compound_experiment
AZ20 (BRD:BRD-K42436189-001-01-2),Drug sensitivity AUC (PRISM Repurposing Secondary Screen),0.035,compound_experiment
talazoparib (BRD:BRD-K95142244-001-01-5),Drug sensitivity AUC (PRISM Repurposing Secondary Screen),-0.035,compound_experiment
imidapril (BRD:BRD-K34332569-001-01-3),Drug sensitivity AUC (PRISM Repurposing Secondary Screen),0.035,compound_experiment
oncrasin-1 (BRD:BRD-K43449605-001-01-0),Drug sensitivity AUC (PRISM Repurposing Secondary Screen),-0.035,compound_experiment
forodesine (BRD:BRD-K16505263-003-02-9),Drug sensitivity AUC (PRISM Repurposing Secondary Screen),-0.035,compound_experiment
cyclocytidine (BRD:BRD-K67536197-003-11-4),Drug sensitivity AUC (PRISM Repurposing Secondary Screen),-0.035,compound_experiment
chlorpropamide (BRD:BRD-K97746869-001-27-0),Drug sensitivity AUC (PRISM Repurposing Secondary Screen),-0.035,compound_experiment
methiazole (BRD:BRD-K02764365-001-13-6),Drug sensitivity AUC (PRISM Repurposing Secondary Screen),0.035,compound_experiment
AZD2014 (BRD:BRD-K99113996-001-02-0),Drug sensitivity AUC (PRISM Repurposing Secondary Screen),-0.035,compound_experiment
nicorandil (BRD:BRD-K97752965-001-16-4),Drug sensitivity AUC (PRISM Repurposing Secondary Screen),0.035,compound_experiment
AR-13324 M1 metabolite - QC Failure (BRD:BRD-K00091124-001-01-9 - QC Failure),PRISM Repurposing Public 24Q2,-0.035,compound_experiment
kartogenin (BRD:BRD-K27584835-001-02-9),PRISM Repurposing Public 24Q2,0.035,compound_experiment
TC-S-7006 (BRD:BRD-K51776215-001-03-9),PRISM Repurposing Public 24Q2,0.035,compound_experiment
JNJ-678 (BRD:BRD-K00004600-001-01-9),PRISM Repurposing Public 24Q2,0.035,compound_experiment
LXS196 (BRD:BRD-K00003425-001-01-9),PRISM Repurposing Public 24Q2,0.035,compound_experiment
ASP-9521 (BRD:BRD-K00003301-001-01-9),PRISM Repurposing Public 24Q2,-0.035,compound_experiment
AZD7762 (GDSC1:1022),Drug sensitivity AUC (Sanger GDSC1),0.035,compound_experiment
PELITINIB (GDSC1:282),Drug sensitivity AUC (Sanger GDSC1),0.035,compound_experiment
valdecoxib (CTRP:32372),Drug sensitivity AUC (CTD^2),-0.035,compound_experiment
trifluoperazine (CTRP:26914),Drug sensitivity AUC (CTD^2),-0.035,compound_experiment
UNC0638 (CTRP:594665),Drug sensitivity AUC (CTD^2),-0.035,compound_experiment
CAY10594 (CTRP:411824),Drug sensitivity AUC (CTD^2),-0.035,compound_experiment
BRD-K86535717 (CTRP:429535),Drug sensitivity AUC (CTD^2),0.035,compound_experiment
phloretin (CTRP:24173),Drug sensitivity AUC (CTD^2),-0.035,compound_experiment
simurosertib (BRD:BRD-K00004727-001-01-9),PRISM Repurposing Public 24Q2,0.035,compound_experiment
pagoclone (BRD:BRD-K00003428-001-01-9),PRISM Repurposing Public 24Q2,0.035,compound_experiment
GSK2837808A (BRD:BRD-K50679358-001-02-9),PRISM Repurposing Public 24Q2,-0.035,compound_experiment
AZD1940 (BRD:BRD-K00075152-001-02-9),PRISM Repurposing Public 24Q2,0.035,compound_experiment
rilapladib (BRD:BRD-K00004676-001-01-9),PRISM Repurposing Public 24Q2,-0.035,compound_experiment
temefos (BRD:BRD-K51805276-001-10-9),PRISM Repurposing Public 24Q2,-0.035,compound_experiment
ACT-132577 (BRD:BRD-K34843150-001-03-0),PRISM Repurposing Public 24Q2,-0.035,compound_experiment
centanafadine (BRD:BRD-K00004588-001-01-9),PRISM Repurposing Public 24Q2,-0.035,compound_experiment
dihydroxyacetone (BRD:BRD-K18637542-001-01-7),PRISM Repurposing Public 24Q2,-0.035,compound_experiment
felypressin (BRD:BRD-K00003319-001-01-9),PRISM Repurposing Public 24Q2,0.035,compound_experiment
captamine (BRD:BRD-K81645907-001-01-1),Drug sensitivity AUC (PRISM Repurposing Secondary Screen),-0.035,compound_experiment
dihydroxyphenylglycine (BRD:BRD-A20589515-001-03-9),PRISM Repurposing Public 24Q2,0.034,compound_experiment
4-(aminomethyl)benzoic-acid (BRD:BRD-K00003517-001-01-9),PRISM Repurposing Public 24Q2,-0.034,compound_experiment
CCT-031374 (BRD:BRD-K90999434-004-02-9),PRISM Repurposing Public 24Q2,-0.034,compound_experiment
cicloprofen (BRD:BRD-A94965935-001-01-6),PRISM Repurposing Public 24Q2,-0.034,compound_experiment
Gln-1062 (BRD:BRD-K00004731-001-01-9),PRISM Repurposing Public 24Q2,0.034,compound_experiment
sulfisomidin (BRD:BRD-K52416806-001-05-9),PRISM Repurposing Public 24Q2,0.034,compound_experiment
Olutasidenib (BRD:BRD-K00091092-001-01-9),PRISM Repurposing Public 24Q2,0.034,compound_experiment
T-1095 (BRD:BRD-K00004631-001-01-9),PRISM Repurposing Public 24Q2,0.034,compound_experiment
BMS-986205 (BRD:BRD-K00003418-001-01-9),PRISM Repurposing Public 24Q2,-0.034,compound_experiment
5-FLUOROURACIL (GDSC1:179),Drug sensitivity AUC (Sanger GDSC1),0.034,compound_experiment
mifepristone (BRD:BRD-K37270826-001-27-6),Drug sensitivity AUC (PRISM Repurposing Secondary Screen),0.034,compound_experiment
diphemanil (BRD:BRD-K93441486-067-12-8),Drug sensitivity AUC (PRISM Repurposing Secondary Screen),-0.034,compound_experiment
OTX015 (BRD:BRD-K43471985-001-03-0),Drug sensitivity AUC (PRISM Repurposing Secondary Screen),-0.034,compound_experiment
"SPHINGOSINE KINASE 1 INHIBITOR II, PF-543 (GDSC1:408)",Drug sensitivity AUC (Sanger GDSC1),0.034,compound_experiment
SB-216641 (BRD:BRD-K30867024-003-03-3),Drug sensitivity AUC (PRISM Repurposing Secondary Screen),0.034,compound_experiment
PI3K-IN-2 (BRD:BRD-K62374002-001-01-5),Drug sensitivity AUC (PRISM Repurposing Secondary Screen),-0.034,compound_experiment
VL285 (BRD:BRD-K00005338-001-01-9),PRISM Repurposing Public 24Q2,0.034,compound_experiment
nicotine (BRD:BRD-A93695607-322-02-5),Drug sensitivity AUC (PRISM Repurposing Secondary Screen),0.034,compound_experiment
cyclovirobuxin-d (BRD:BRD-K27799744-001-02-8),Drug sensitivity AUC (PRISM Repurposing Secondary Screen),0.034,compound_experiment
SDZ-WAG-994 (BRD:BRD-K39558284-001-01-2),Drug sensitivity AUC (PRISM Repurposing Secondary Screen),0.034,compound_experiment
mercaptopurine (BRD:BRD-K91601245-001-12-0),Drug sensitivity AUC (PRISM Repurposing Secondary Screen),-0.034,compound_experiment
AB928 (BRD:BRD-K00091111-001-01-9),PRISM Repurposing Public 24Q2,0.034,compound_experiment
pepstatin (BRD:BRD-K13571841-001-14-4),Drug sensitivity AUC (PRISM Repurposing Secondary Screen),-0.034,compound_experiment
VU152100 (BRD:BRD-K87727457-001-02-9),PRISM Repurposing Public 24Q2,-0.034,compound_experiment
Valnivudine (BRD:BRD-K00091275-001-01-9),PRISM Repurposing Public 24Q2,0.034,compound_experiment
SAVOLITINIB (GDSC2:1936),Drug sensitivity AUC (Sanger GDSC2),0.034,compound_experiment
nakiterpiosin (CTRP:417452),Drug sensitivity AUC (CTD^2),-0.034,compound_experiment
alvocidib (CTRP:687720),Drug sensitivity AUC (CTD^2),-0.034,compound_experiment
GM-1485 (BRD:BRD-K00004613-001-01-9),PRISM Repurposing Public 24Q2,0.034,compound_experiment
Calhex-231 (BRD:BRD-K19811997-003-02-9),PRISM Repurposing Public 24Q2,-0.034,compound_experiment
SR-3677 (BRD:BRD-A86468475-300-02-9),PRISM Repurposing Public 24Q2,-0.034,compound_experiment
panipenem (BRD:BRD-K00004671-001-01-9),PRISM Repurposing Public 24Q2,-0.034,compound_experiment
PBT-1033 (BRD:BRD-K00004615-001-01-9),PRISM Repurposing Public 24Q2,0.034,compound_experiment
tartaric-acid (BRD:BRD-K36474365-001-09-9),PRISM Repurposing Public 24Q2,-0.034,compound_experiment
piperacetazine (BRD:BRD-K16277217-001-10-9),Drug sensitivity AUC (PRISM Repurposing Secondary Screen),0.034,compound_experiment
doxorubicin (BRD:BRD-K92093830-003-30-8),Drug sensitivity AUC (PRISM Repurposing Secondary Screen),-0.034,compound_experiment
BMS-986020 (BRD:BRD-K23952234-236-01-8),Drug sensitivity AUC (PRISM Repurposing Secondary Screen),0.034,compound_experiment
clonazepam (BRD:BRD-K38183498-001-02-0),Drug sensitivity AUC (PRISM Repurposing Secondary Screen),0.034,compound_experiment
galeterone (BRD:BRD-A07986123-001-02-8),Drug sensitivity AUC (PRISM Repurposing Secondary Screen),0.034,compound_experiment
mesna (BRD:BRD-K49954789-001-02-9),Drug sensitivity AUC (PRISM Repurposing Secondary Screen),0.034,compound_experiment
desonide (BRD:BRD-K21528677-001-02-8),Drug sensitivity AUC (PRISM Repurposing Secondary Screen),0.034,compound_experiment
trometamol (BRD:BRD-K47978074-001-02-4),Drug sensitivity AUC (PRISM Repurposing Secondary Screen),0.034,compound_experiment
TG100-115 (BRD:BRD-K64785675-001-04-0),Drug sensitivity AUC (PRISM Repurposing Secondary Screen),-0.034,compound_experiment
bindarit (BRD:BRD-K36467523-001-02-8),Drug sensitivity AUC (PRISM Repurposing Secondary Screen),-0.034,compound_experiment
eprinomectin (BRD:BRD-A91366704-001-01-9),Drug sensitivity AUC (PRISM Repurposing Secondary Screen),0.034,compound_experiment
AZD8186 (GDSC2:1918),Drug sensitivity AUC (Sanger GDSC2),0.033,compound_experiment
homosalate (BRD:BRD-A34751532-001-06-9),Drug sensitivity AUC (PRISM Repurposing Secondary Screen),0.033,compound_experiment
S49076 (BRD:BRD-K00003147-001-01-9),PRISM Repurposing Public 24Q2,-0.033,compound_experiment
DHBP (BRD:BRD-K41262162-303-11-9),PRISM Repurposing Public 24Q2,-0.033,compound_experiment
linaprazan (BRD:BRD-K00003366-001-01-9),PRISM Repurposing Public 24Q2,0.033,compound_experiment
DR-2313 (BRD:BRD-K94920105-001-05-9),PRISM Repurposing Public 24Q2,0.033,compound_experiment
PF-429242 (BRD:BRD-K11821338-300-02-9),PRISM Repurposing Public 24Q2,0.033,compound_experiment
TENOVIN-6 (GDSC1:342),Drug sensitivity AUC (Sanger GDSC1),0.033,compound_experiment
"FTY-720, FINGOLIMOD HYDROCHLORIDE; GILENYA; TDI-132; IMUSERA; GILENIA (GDSC1:546)",Drug sensitivity AUC (Sanger GDSC1),0.033,compound_experiment
adelmidrol (BRD:BRD-K78097265-001-02-9),PRISM Repurposing Public 24Q2,0.033,compound_experiment
GW274150 (BRD:BRD-K65840970-001-02-9),PRISM Repurposing Public 24Q2,0.033,compound_experiment
Remdesivir (BRD:BRD-K00071599-001-02-9),PRISM Repurposing Public 24Q2,-0.033,compound_experiment
alisporivir (BRD:BRD-K00003135-001-01-9),PRISM Repurposing Public 24Q2,0.033,compound_experiment
aripiprazole (BRD:BRD-K70358946-001-15-7),Drug sensitivity AUC (PRISM Repurposing Secondary Screen),-0.033,compound_experiment
PLX-4032 (CTRP:649420),Drug sensitivity AUC (CTD^2),-0.033,compound_experiment
seladelpar (BRD:BRD-K00003284-236-01-9),PRISM Repurposing Public 24Q2,-0.033,compound_experiment
pifithrin-alpha (CTRP:50747),Drug sensitivity AUC (CTD^2),0.033,compound_experiment
YL54 (CTRP:651298),Drug sensitivity AUC (CTD^2),-0.033,compound_experiment
chlorambucil (CTRP:25334),Drug sensitivity AUC (CTD^2),-0.033,compound_experiment
VU0155056 (CTRP:660119),Drug sensitivity AUC (CTD^2),0.033,compound_experiment
BRD-K30019337 (CTRP:437263),Drug sensitivity AUC (CTD^2),-0.033,compound_experiment
olaparib (CTRP:411867),Drug sensitivity AUC (CTD^2),-0.033,compound_experiment
BRD-K55473186 (CTRP:651306),Drug sensitivity AUC (CTD^2),-0.033,compound_experiment
acipimox (BRD:BRD-K63736853-001-04-8),Drug sensitivity AUC (PRISM Repurposing Secondary Screen),0.033,compound_experiment
CIL41 (CTRP:176181),Drug sensitivity AUC (CTD^2),0.033,compound_experiment
resminostat (BRD:BRD-K28822270-001-01-1),Drug sensitivity AUC (PRISM Repurposing Secondary Screen),-0.033,compound_experiment
rucinol (BRD:BRD-K61036791-001-01-6),Drug sensitivity AUC (PRISM Repurposing Secondary Screen),0.033,compound_experiment
finafloxacin (BRD:BRD-K98384930-003-01-5),Drug sensitivity AUC (PRISM Repurposing Secondary Screen),0.033,compound_experiment
buphenine (BRD:BRD-A36267905-003-18-4),Drug sensitivity AUC (PRISM Repurposing Secondary Screen),0.033,compound_experiment
altretamine (BRD:BRD-K67043667-001-26-4),Drug sensitivity AUC (PRISM Repurposing Secondary Screen),0.033,compound_experiment
nan (BRD:BRD-K59369769-001-22-9),Drug sensitivity AUC (PRISM Repurposing Secondary Screen),0.033,compound_experiment
McN-5652-(+/-) (BRD:BRD-K31168993-001-03-9),PRISM Repurposing Public 24Q2,0.033,compound_experiment
nilotinib (CTRP:374749),Drug sensitivity AUC (CTD^2),-0.033,compound_experiment
asivatrep (BRD:BRD-K00003138-001-01-9),PRISM Repurposing Public 24Q2,-0.033,compound_experiment
amenamevir (BRD:BRD-K00004966-001-01-9),PRISM Repurposing Public 24Q2,-0.033,compound_experiment
AMG-337 (BRD:BRD-K27061362-001-01-6),Drug sensitivity AUC (PRISM Repurposing Secondary Screen),-0.033,compound_experiment
"hydroxytacrine-maleate-(r,s) (BRD:BRD-A98299281-050-09-6)",Drug sensitivity AUC (PRISM Repurposing Secondary Screen),-0.033,compound_experiment
BMS-195614 (CTRP:660228),Drug sensitivity AUC (CTD^2),-0.033,compound_experiment
LAS101057 (BRD:BRD-K00079404-001-02-9),PRISM Repurposing Public 24Q2,0.033,compound_experiment
acalabrutinib (BRD:BRD-K64034691-001-01-9),Drug sensitivity AUC (PRISM Repurposing Secondary Screen),-0.033,compound_experiment
erythritol (BRD:BRD-K79315489-001-07-8),Drug sensitivity AUC (PRISM Repurposing Secondary Screen),-0.033,compound_experiment
amoxicillin (BRD:BRD-K55044200-001-15-3),Drug sensitivity AUC (PRISM Repurposing Secondary Screen),0.033,compound_experiment
CPP (BRD:BRD-K66094457-001-01-5),Drug sensitivity AUC (PRISM Repurposing Secondary Screen),-0.033,compound_experiment
tetrazol-5-yl-glycine-(RS) (BRD:BRD-A14757586-001-04-9),PRISM Repurposing Public 24Q2,0.033,compound_experiment
Benzquinamide - QC Failure (BRD:BRD-K00071593-001-01-9 - QC Failure),PRISM Repurposing Public 24Q2,-0.033,compound_experiment
CCG-1423 (BRD:BRD-A79726147-001-02-9),PRISM Repurposing Public 24Q2,-0.033,compound_experiment
levonorgestrel (BRD:BRD-K35189033-001-26-1),Drug sensitivity AUC (PRISM Repurposing Secondary Screen),0.033,compound_experiment
veliparib (BRD:BRD-K12737986-001-01-4),Drug sensitivity AUC (PRISM Repurposing Secondary Screen),-0.033,compound_experiment
epirubicin (BRD:BRD-K04548931-003-16-5),Drug sensitivity AUC (PRISM Repurposing Secondary Screen),-0.033,compound_experiment
PHA-665752 (BRD:BRD-K95435023-001-08-5),Drug sensitivity AUC (PRISM Repurposing Secondary Screen),-0.033,compound_experiment
romidepsin (BRD:BRD-K61397605-001-03-4),Drug sensitivity AUC (PRISM Repurposing Secondary Screen),0.032,compound_experiment
dichloroacetate (BRD:BRD-M97302542-001-03-6),Drug sensitivity AUC (PRISM Repurposing Secondary Screen),0.032,compound_experiment
PI-828 (BRD:BRD-K97365803-001-02-1),Drug sensitivity AUC (PRISM Repurposing Secondary Screen),-0.032,compound_experiment
tenovin-6 (BRD:BRD-K13949769-001-01-7),Drug sensitivity AUC (PRISM Repurposing Secondary Screen),-0.032,compound_experiment
indisulam (BRD:BRD-K17610631-001-03-3),Drug sensitivity AUC (PRISM Repurposing Secondary Screen),-0.032,compound_experiment
sarafloxacin (BRD:BRD-K08525451-003-05-2),Drug sensitivity AUC (PRISM Repurposing Secondary Screen),0.032,compound_experiment
iododexetimide (BRD:BRD-A46813902-001-01-6),Drug sensitivity AUC (PRISM Repurposing Secondary Screen),0.032,compound_experiment
SB-431542 (BRD:BRD-K67298865-001-09-0),Drug sensitivity AUC (PRISM Repurposing Secondary Screen),0.032,compound_experiment
clopamide (BRD:BRD-A85651701-001-19-7),Drug sensitivity AUC (PRISM Repurposing Secondary Screen),0.032,compound_experiment
hexamethylenebisacetamide (BRD:BRD-K04710043-001-17-8),Drug sensitivity AUC (PRISM Repurposing Secondary Screen),0.032,compound_experiment
buparlisib (BRD:BRD-K42191735-001-05-3),Drug sensitivity AUC (PRISM Repurposing Secondary Screen),0.032,compound_experiment
PLX-4720 (BRD:BRD-K16478699-001-09-2),Drug sensitivity AUC (PRISM Repurposing Secondary Screen),-0.032,compound_experiment
nintedanib (CTRP:628601),Drug sensitivity AUC (CTD^2),-0.032,compound_experiment
tubastatin A (CTRP:411749),Drug sensitivity AUC (CTD^2),-0.032,compound_experiment
CD-1530 (CTRP:375562),Drug sensitivity AUC (CTD^2),0.032,compound_experiment
KH-CB19 (CTRP:660085),Drug sensitivity AUC (CTD^2),0.032,compound_experiment
selumetinib:MK-2206 (8:1 mol/mol) (CTRP:660218),Drug sensitivity AUC (CTD^2),0.032,compound_experiment
BRD9876 (CTRP:19153),Drug sensitivity AUC (CTD^2),-0.032,compound_experiment
Mdivi-1 (CTRP:215497),Drug sensitivity AUC (CTD^2),-0.032,compound_experiment
NU6027 (BRD:BRD-K03294269-001-08-0),Drug sensitivity AUC (PRISM Repurposing Secondary Screen),-0.032,compound_experiment
VORINOSTAT (GDSC2:1012),Drug sensitivity AUC (Sanger GDSC2),-0.032,compound_experiment
ubenimex (BRD:BRD-K59574735-001-11-8),Drug sensitivity AUC (PRISM Repurposing Secondary Screen),-0.032,compound_experiment
caspofungin (BRD:BRD-K00002625-402-02-9),PRISM Repurposing Public 24Q2,0.032,compound_experiment
MASITINIB (GDSC1:292),Drug sensitivity AUC (Sanger GDSC1),-0.032,compound_experiment
AM211 (BRD:BRD-K00003152-001-01-9),PRISM Repurposing Public 24Q2,-0.032,compound_experiment
ML786 (BRD:BRD-K52644305-300-02-9),PRISM Repurposing Public 24Q2,-0.032,compound_experiment
FAPI-4 (BRD:BRD-K00091294-001-01-9),PRISM Repurposing Public 24Q2,-0.032,compound_experiment
E-7386 (BRD:BRD-K00091075-001-01-9),PRISM Repurposing Public 24Q2,-0.032,compound_experiment
GSK189254 (BRD:BRD-K00003166-001-01-9),PRISM Repurposing Public 24Q2,-0.032,compound_experiment
SY-640 (BRD:BRD-K00004665-001-01-9),PRISM Repurposing Public 24Q2,0.032,compound_experiment
TCS-3035 (BRD:BRD-K81935556-001-02-9),PRISM Repurposing Public 24Q2,-0.032,compound_experiment
WP921 (BRD:BRD-K00005248-001-01-9),PRISM Repurposing Public 24Q2,0.032,compound_experiment
talaporfin (BRD:BRD-K00004965-342-01-9),PRISM Repurposing Public 24Q2,0.032,compound_experiment
PCI-27483 (BRD:BRD-K00003213-001-01-9),PRISM Repurposing Public 24Q2,0.032,compound_experiment
Artelinic acid (BRD:BRD-K00073067-001-02-9),PRISM Repurposing Public 24Q2,0.032,compound_experiment
A-784168 (BRD:BRD-K87665527-001-02-9),PRISM Repurposing Public 24Q2,-0.032,compound_experiment
cenerimod (BRD:BRD-K00003248-001-01-9),PRISM Repurposing Public 24Q2,0.032,compound_experiment
ARRY-334543 (BRD:BRD-K46386702-001-02-1),Drug sensitivity AUC (PRISM Repurposing Secondary Screen),0.032,compound_experiment
CI-953 (BRD:BRD-K00004748-001-01-9),PRISM Repurposing Public 24Q2,0.032,compound_experiment
"4-phenyl-1,2,3,4-tetrahydroisoquinoline (BRD:BRD-A40504327-003-02-9)",PRISM Repurposing Public 24Q2,0.032,compound_experiment
elacytarabine (BRD:BRD-K00004609-001-01-9),PRISM Repurposing Public 24Q2,0.032,compound_experiment
futibatinib (BRD:BRD-K00003392-001-01-9),PRISM Repurposing Public 24Q2,-0.032,compound_experiment
methylcobalamin (BRD:BRD-K00003534-001-01-9),PRISM Repurposing Public 24Q2,-0.032,compound_experiment
sulopenem (BRD:BRD-K00004713-001-01-9),PRISM Repurposing Public 24Q2,-0.032,compound_experiment
Zidebactam - QC Failure (BRD:BRD-K00078970-001-02-9 - QC Failure),PRISM Repurposing Public 24Q2,0.032,compound_experiment
voruciclib (BRD:BRD-K00004725-001-01-9),PRISM Repurposing Public 24Q2,-0.032,compound_experiment
Mps-BAY-2a (BRD:BRD-K18530250-001-02-9),PRISM Repurposing Public 24Q2,-0.032,compound_experiment
warfarin (BRD:BRD-A24514565-001-09-7),Drug sensitivity AUC (PRISM Repurposing Secondary Screen),0.032,compound_experiment
gemcitabine (BRD:BRD-K15108141-001-06-6),Drug sensitivity AUC (PRISM Repurposing Secondary Screen),-0.032,compound_experiment
voxtalisib (BRD:BRD-K56291712-001-01-0),Drug sensitivity AUC (PRISM Repurposing Secondary Screen),-0.032,compound_experiment
PD-173074 (BRD:BRD-K97764662-001-17-3),Drug sensitivity AUC (PRISM Repurposing Secondary Screen),-0.032,compound_experiment
GLPG0187 (BRD:BRD-K00003380-001-01-9),PRISM Repurposing Public 24Q2,-0.032,compound_experiment
AZD8055 (GDSC2:1059),Drug sensitivity AUC (Sanger GDSC2),-0.031,compound_experiment
epigallocatechin-3-monogallate (CTRP:28801),Drug sensitivity AUC (CTD^2),-0.031,compound_experiment
AM095 (BRD:BRD-K23952234-236-03-4),PRISM Repurposing Public 24Q2,-0.031,compound_experiment
LXH254 (BRD:BRD-K00003107-001-01-9),PRISM Repurposing Public 24Q2,0.031,compound_experiment
gamithromycin (BRD:BRD-K00003489-001-01-9),PRISM Repurposing Public 24Q2,-0.031,compound_experiment
S-trityl-L-cysteine (BRD:BRD-K09774593-001-02-9),PRISM Repurposing Public 24Q2,-0.031,compound_experiment
licostinel (BRD:BRD-K81881550-001-03-9),PRISM Repurposing Public 24Q2,-0.031,compound_experiment
nifedipine (BRD:BRD-K96354014-001-29-4),PRISM Repurposing Public 24Q2,-0.031,compound_experiment
Imatinib (BRD:BRD-K92723993-001-17-4),PRISM Repurposing Public 24Q2,-0.031,compound_experiment
hemin (BRD:BRD-K74057164-001-01-6),PRISM Repurposing Public 24Q2,-0.031,compound_experiment
KU-55933 (CTRP:58339),Drug sensitivity AUC (CTD^2),0.031,compound_experiment
Etidocaine (hydrochloride) (BRD:BRD-K00074616-003-02-9),PRISM Repurposing Public 24Q2,0.031,compound_experiment
trabectedin (BRD:BRD-K00003313-001-01-9),PRISM Repurposing Public 24Q2,0.031,compound_experiment
isoflurophate (BRD:BRD-K56575995-001-03-0),PRISM Repurposing Public 24Q2,-0.031,compound_experiment
zanubrutinib (BRD:BRD-K00003413-001-01-9),PRISM Repurposing Public 24Q2,0.031,compound_experiment
cinchonine (BRD:BRD-K36551084-001-04-9),PRISM Repurposing Public 24Q2,0.031,compound_experiment
CU-CPT-4a (BRD:BRD-K58234744-001-02-9),PRISM Repurposing Public 24Q2,-0.031,compound_experiment
MK-0941 (BRD:BRD-K00079347-066-02-9),PRISM Repurposing Public 24Q2,0.031,compound_experiment
MK-0429 (BRD:BRD-K00076647-001-02-9),PRISM Repurposing Public 24Q2,-0.031,compound_experiment
Vabicaserin hydrochloride - QC Failure (BRD:BRD-K00073445-003-02-9 - QC Failure),PRISM Repurposing Public 24Q2,-0.031,compound_experiment
Laflunimus (BRD:BRD-K00076962-001-02-9),PRISM Repurposing Public 24Q2,-0.031,compound_experiment
paeoniflorin (BRD:BRD-K83631119-001-04-9),PRISM Repurposing Public 24Q2,0.031,compound_experiment
ER-50891 (BRD:BRD-K18347943-001-02-9),PRISM Repurposing Public 24Q2,-0.031,compound_experiment
beclabuvir (BRD:BRD-K00003128-001-01-9),PRISM Repurposing Public 24Q2,0.031,compound_experiment
ornipressin (BRD:BRD-K00003333-001-01-9),PRISM Repurposing Public 24Q2,0.031,compound_experiment
PF-05180999 (BRD:BRD-K00003097-001-01-9),PRISM Repurposing Public 24Q2,0.031,compound_experiment
ML239 (CTRP:609781),Drug sensitivity AUC (CTD^2),-0.031,compound_experiment
navitoclax:sorafenib (1:1 mol/mol) (CTRP:660283),Drug sensitivity AUC (CTD^2),-0.031,compound_experiment
GW-843682X (CTRP:348997),Drug sensitivity AUC (CTD^2),-0.031,compound_experiment
tipifarnib-P1 (CTRP:417417),Drug sensitivity AUC (CTD^2),-0.031,compound_experiment
entinostat (CTRP:60218),Drug sensitivity AUC (CTD^2),-0.031,compound_experiment
pevonedistat (CTRP:411809),Drug sensitivity AUC (CTD^2),-0.031,compound_experiment
CD-437 (CTRP:375256),Drug sensitivity AUC (CTD^2),-0.031,compound_experiment
BRD8899 (CTRP:608062),Drug sensitivity AUC (CTD^2),0.031,compound_experiment
dalfopristin (BRD:BRD-K00003321-001-01-9),PRISM Repurposing Public 24Q2,-0.031,compound_experiment
baicalein (BRD:BRD-K72327355-001-14-7),Drug sensitivity AUC (PRISM Repurposing Secondary Screen),-0.031,compound_experiment
chlorogenic-acid (BRD:BRD-K47114202-001-14-6),Drug sensitivity AUC (PRISM Repurposing Secondary Screen),0.031,compound_experiment
1-phenylbiguanide (BRD:BRD-K31491153-003-05-9),Drug sensitivity AUC (PRISM Repurposing Secondary Screen),0.031,compound_experiment
LINIFANIB (GDSC1:277),Drug sensitivity AUC (Sanger GDSC1),-0.031,compound_experiment
BAM7 (GDSC1:552),Drug sensitivity AUC (Sanger GDSC1),-0.031,compound_experiment
PD-0325901 (GDSC1:1060),Drug sensitivity AUC (Sanger GDSC1),0.031,compound_experiment
riboflavin (BRD:BRD-K70246307-001-04-1),Drug sensitivity AUC (PRISM Repurposing Secondary Screen),0.031,compound_experiment
tipranavir (BRD:BRD-A10039652-001-01-2),Drug sensitivity AUC (PRISM Repurposing Secondary Screen),0.031,compound_experiment
CCG-50014 (BRD:BRD-K08893438-001-04-9),Drug sensitivity AUC (PRISM Repurposing Secondary Screen),0.031,compound_experiment
GZD824 (BRD:BRD-K35329391-334-01-7),Drug sensitivity AUC (PRISM Repurposing Secondary Screen),-0.031,compound_experiment
pyrithione-zinc (BRD:BRD-K16136380-001-01-7),Drug sensitivity AUC (PRISM Repurposing Secondary Screen),-0.031,compound_experiment
trichostatin-a (BRD:BRD-K68202742-001-16-5),Drug sensitivity AUC (PRISM Repurposing Secondary Screen),-0.031,compound_experiment
roscovitine (BRD:BRD-K07691486-001-19-7),Drug sensitivity AUC (PRISM Repurposing Secondary Screen),-0.031,compound_experiment
metatinib (BRD:BRD-K27182532-001-02-3),Drug sensitivity AUC (PRISM Repurposing Secondary Screen),-0.031,compound_experiment
vatalanib (BRD:BRD-K70163715-300-05-7),Drug sensitivity AUC (PRISM Repurposing Secondary Screen),0.031,compound_experiment
cyclovalone (BRD:BRD-K59866480-001-07-3),Drug sensitivity AUC (PRISM Repurposing Secondary Screen),0.031,compound_experiment
4-chlorophenylguanidine (BRD:BRD-K39160765-003-02-9),Drug sensitivity AUC (PRISM Repurposing Secondary Screen),-0.031,compound_experiment
docetaxel (BRD:BRD-K30577245-341-01-9),Drug sensitivity AUC (PRISM Repurposing Secondary Screen),0.031,compound_experiment
methoxyflurane (BRD:BRD-K06152156-001-01-8),Drug sensitivity AUC (PRISM Repurposing Secondary Screen),0.031,compound_experiment
narasin (BRD:BRD-A25608658-001-01-1),Drug sensitivity AUC (PRISM Repurposing Secondary Screen),-0.031,compound_experiment
sulfanilamide (BRD:BRD-K02594908-001-16-4),Drug sensitivity AUC (PRISM Repurposing Secondary Screen),0.031,compound_experiment
VU0361737 (BRD:BRD-K45462423-001-03-7),Drug sensitivity AUC (PRISM Repurposing Secondary Screen),0.031,compound_experiment
JZL-184 (BRD:BRD-K45446451-001-05-0),Drug sensitivity AUC (PRISM Repurposing Secondary Screen),-0.031,compound_experiment
gastrodin (BRD:BRD-K81613478-001-01-8),Drug sensitivity AUC (PRISM Repurposing Secondary Screen),0.031,compound_experiment
cediranib (BRD:BRD-K86930074-001-05-0),Drug sensitivity AUC (PRISM Repurposing Secondary Screen),0.031,compound_experiment
MOTESANIB (GDSC1:1029),Drug sensitivity AUC (Sanger GDSC1),-0.03,compound_experiment
TIPIFARNIB (GDSC1:204),Drug sensitivity AUC (Sanger GDSC1),-0.03,compound_experiment
SB 505124 (GDSC1:476),Drug sensitivity AUC (Sanger GDSC1),-0.03,compound_experiment
NVP-BEZ235 (BRD:BRD-K12184916-001-15-4),Drug sensitivity AUC (PRISM Repurposing Secondary Screen),-0.03,compound_experiment
demeclocycline (BRD:BRD-K00003347-003-01-9),PRISM Repurposing Public 24Q2,-0.03,compound_experiment
REFAMETINIB (GDSC1:1014),Drug sensitivity AUC (Sanger GDSC1),0.03,compound_experiment
BRD-A02303741:carboplatin (1:1 mol/mol) (CTRP:660271),Drug sensitivity AUC (CTD^2),0.03,compound_experiment
LIMK1 INHIBITOR BMS4 (GDSC1:406),Drug sensitivity AUC (Sanger GDSC1),0.03,compound_experiment
TRETINOIN (GDSC1:1009),Drug sensitivity AUC (Sanger GDSC1),0.03,compound_experiment
CCT018159 (GDSC1:1170),Drug sensitivity AUC (Sanger GDSC1),0.03,compound_experiment
ciclosporin (CTRP:55512),Drug sensitivity AUC (CTD^2),0.03,compound_experiment
pyrazolanthrone (CTRP:44511),Drug sensitivity AUC (CTD^2),0.03,compound_experiment
CID-5951923 (CTRP:267119),Drug sensitivity AUC (CTD^2),0.03,compound_experiment
CIL55 (CTRP:1788),Drug sensitivity AUC (CTD^2),-0.03,compound_experiment
CGP-78608 (BRD:BRD-K60946979-003-02-9),PRISM Repurposing Public 24Q2,0.03,compound_experiment
pyrotinib (BRD:BRD-K00003463-001-01-9),PRISM Repurposing Public 24Q2,0.03,compound_experiment
NS-5806 (BRD:BRD-K93314017-001-02-9),PRISM Repurposing Public 24Q2,-0.03,compound_experiment
AB-680 (BRD:BRD-K00090628-001-01-9),PRISM Repurposing Public 24Q2,-0.03,compound_experiment
Melflufen (hydrochloride) (BRD:BRD-K00075584-003-02-9),PRISM Repurposing Public 24Q2,0.03,compound_experiment
GLPG1837 (BRD:BRD-K00003095-001-01-9),PRISM Repurposing Public 24Q2,-0.03,compound_experiment
pradefovir (BRD:BRD-K00003119-066-01-9),PRISM Repurposing Public 24Q2,0.03,compound_experiment
NHI-2 (BRD:BRD-K05653025-001-02-9),PRISM Repurposing Public 24Q2,-0.03,compound_experiment
Alofanib (BRD:BRD-K00073093-001-02-9),PRISM Repurposing Public 24Q2,-0.03,compound_experiment
tavilermide (BRD:BRD-K00003254-001-01-9),PRISM Repurposing Public 24Q2,-0.03,compound_experiment
E1210 (BRD:BRD-K00079239-001-02-9),PRISM Repurposing Public 24Q2,-0.03,compound_experiment
BRD-K48477130 (CTRP:649754),Drug sensitivity AUC (CTD^2),-0.03,compound_experiment
MM-206 (BRD:BRD-K00004622-001-01-9),PRISM Repurposing Public 24Q2,-0.03,compound_experiment
glycerol-phenylbutyrate (BRD:BRD-K00003520-001-01-9),PRISM Repurposing Public 24Q2,-0.03,compound_experiment
NH125 (BRD:BRD-K31086665-005-04-6),Drug sensitivity AUC (PRISM Repurposing Secondary Screen),-0.03,compound_experiment
furagin (BRD:BRD-K00003314-001-01-9),PRISM Repurposing Public 24Q2,-0.03,compound_experiment
etifenin (BRD:BRD-K63979671-001-11-9),PRISM Repurposing Public 24Q2,-0.03,compound_experiment
AR-9281 (BRD:BRD-K00078154-001-02-9),PRISM Repurposing Public 24Q2,-0.03,compound_experiment
Tebanicline (dihydrochloride) (BRD:BRD-K00091289-300-01-9),PRISM Repurposing Public 24Q2,0.03,compound_experiment
S1P1-agonist-III (BRD:BRD-K12745498-001-03-4),PRISM Repurposing Public 24Q2,0.03,compound_experiment
UNC0321 (CTRP:635576),Drug sensitivity AUC (CTD^2),-0.03,compound_experiment
saroglitazar (BRD:BRD-K79878800-239-02-9),PRISM Repurposing Public 24Q2,-0.03,compound_experiment
dacarbazine (CTRP:32622),Drug sensitivity AUC (CTD^2),0.03,compound_experiment
stattic (BRD:BRD-K17061841-001-03-5),Drug sensitivity AUC (PRISM Repurposing Secondary Screen),0.03,compound_experiment
I-BET-762 (BRD:BRD-K08109215-001-06-4),Drug sensitivity AUC (PRISM Repurposing Secondary Screen),-0.03,compound_experiment
talmapimod (BRD:BRD-K17555800-003-01-5),Drug sensitivity AUC (PRISM Repurposing Secondary Screen),0.03,compound_experiment
eplerenone (BRD:BRD-K19761926-001-03-6),Drug sensitivity AUC (PRISM Repurposing Secondary Screen),0.03,compound_experiment
WAY-170523 (BRD:BRD-K36198571-001-02-0),Drug sensitivity AUC (PRISM Repurposing Secondary Screen),0.03,compound_experiment
halcinonide (BRD:BRD-A88138582-001-04-8),Drug sensitivity AUC (PRISM Repurposing Secondary Screen),0.03,compound_experiment
JTE-607 (BRD:BRD-K81405859-300-01-4),Drug sensitivity AUC (PRISM Repurposing Secondary Screen),-0.03,compound_experiment
LY456236 (BRD:BRD-K87696786-003-04-4),Drug sensitivity AUC (PRISM Repurposing Secondary Screen),-0.03,compound_experiment
ambazone (BRD:BRD-K11244467-001-08-5),Drug sensitivity AUC (PRISM Repurposing Secondary Screen),0.03,compound_experiment
temoporfin (BRD:BRD-K63712959-001-01-8),Drug sensitivity AUC (PRISM Repurposing Secondary Screen),-0.03,compound_experiment
MGCD-265 (BRD:BRD-K56277358-001-07-5),Drug sensitivity AUC (PRISM Repurposing Secondary Screen),0.03,compound_experiment
clofoctol (BRD:BRD-K02900412-001-11-3),Drug sensitivity AUC (PRISM Repurposing Secondary Screen),-0.03,compound_experiment
PF-562271 (BRD:BRD-K99545815-001-06-3),Drug sensitivity AUC (PRISM Repurposing Secondary Screen),0.03,compound_experiment
PF-04136309 (BRD:BRD-K94420399-001-01-9),Drug sensitivity AUC (PRISM Repurposing Secondary Screen),0.03,compound_experiment
carbachol (BRD:BRD-K75037734-003-13-9),Drug sensitivity AUC (PRISM Repurposing Secondary Screen),-0.03,compound_experiment
AZ960 (GDSC2:1250),Drug sensitivity AUC (Sanger GDSC2),-0.03,compound_experiment
AT13148 (GDSC2:2170),Drug sensitivity AUC (Sanger GDSC2),-0.03,compound_experiment
APR-246 (GDSC2:1131),Drug sensitivity AUC (Sanger GDSC2),-0.03,compound_experiment
everolimus (BRD:BRD-K13514097-001-04-6),Drug sensitivity AUC (PRISM Repurposing Secondary Screen),-0.029,compound_experiment
HM-30181 (BRD:BRD-K74319597-001-02-9),PRISM Repurposing Public 24Q2,-0.029,compound_experiment
Frakefamide (TFA) (BRD:BRD-K00077076-019-02-9),PRISM Repurposing Public 24Q2,-0.029,compound_experiment
SR-57227A (BRD:BRD-K09397065-003-06-1),Drug sensitivity AUC (PRISM Repurposing Secondary Screen),0.029,compound_experiment
PRT062607 (BRD:BRD-K53734668-003-02-0),Drug sensitivity AUC (PRISM Repurposing Secondary Screen),0.029,compound_experiment
cinalukast (BRD:BRD-K53720352-001-03-2),Drug sensitivity AUC (PRISM Repurposing Secondary Screen),-0.029,compound_experiment
everolimus (BRD:BRD-K13514097-001-05-3),Drug sensitivity AUC (PRISM Repurposing Secondary Screen),-0.029,compound_experiment
dioscin (BRD:BRD-K37723606-001-01-5),Drug sensitivity AUC (PRISM Repurposing Secondary Screen),0.029,compound_experiment
baicalin (BRD:BRD-K49962337-001-02-9),Drug sensitivity AUC (PRISM Repurposing Secondary Screen),-0.029,compound_experiment
trolox (BRD:BRD-A17846016-001-13-9),Drug sensitivity AUC (PRISM Repurposing Secondary Screen),-0.029,compound_experiment
1-naphthyl-PP1 (BRD:BRD-K29542628-001-03-9),Drug sensitivity AUC (PRISM Repurposing Secondary Screen),-0.029,compound_experiment
asymmetrical-dimethylarginine (BRD:BRD-K36269323-300-02-6),Drug sensitivity AUC (PRISM Repurposing Secondary Screen),-0.029,compound_experiment
epinephrine (BRD:BRD-K63126190-003-01-6),Drug sensitivity AUC (PRISM Repurposing Secondary Screen),-0.029,compound_experiment
CHIR-98014 (BRD:BRD-K42973005-001-04-0),Drug sensitivity AUC (PRISM Repurposing Secondary Screen),-0.029,compound_experiment
deferasirox (BRD:BRD-K97010173-001-04-1),Drug sensitivity AUC (PRISM Repurposing Secondary Screen),0.029,compound_experiment
PF-4981517 (BRD:BRD-K78318619-001-02-7),Drug sensitivity AUC (PRISM Repurposing Secondary Screen),0.029,compound_experiment
mycophenolic-acid (BRD:BRD-K63750851-001-20-7),Drug sensitivity AUC (PRISM Repurposing Secondary Screen),-0.029,compound_experiment
ipsapirone (BRD:BRD-K90574421-001-03-5),Drug sensitivity AUC (PRISM Repurposing Secondary Screen),0.029,compound_experiment
vinblastine (BRD:BRD-K06519765-065-01-6),Drug sensitivity AUC (PRISM Repurposing Secondary Screen),-0.029,compound_experiment
RG108 (BRD:BRD-K89391146-001-08-0),Drug sensitivity AUC (PRISM Repurposing Secondary Screen),-0.029,compound_experiment
mocetinostat (BRD:BRD-K16485616-001-08-9),Drug sensitivity AUC (PRISM Repurposing Secondary Screen),0.029,compound_experiment
GEMCITABINE (GDSC2:1190),Drug sensitivity AUC (Sanger GDSC2),-0.029,compound_experiment
"MK-8776, SCH900776 (GDSC2:2046)",Drug sensitivity AUC (Sanger GDSC2),-0.029,compound_experiment
A-939572 (BRD:BRD-K99308908-001-02-9),PRISM Repurposing Public 24Q2,-0.029,compound_experiment
TAK-243 (BRD:BRD-K00003376-001-01-9),PRISM Repurposing Public 24Q2,-0.029,compound_experiment
CINPA-1 (BRD:BRD-K24570280-001-07-9),PRISM Repurposing Public 24Q2,-0.029,compound_experiment
PAT-1251 (BRD:BRD-K00003481-001-01-9),PRISM Repurposing Public 24Q2,-0.029,compound_experiment
ASC-J9 (BRD:BRD-K30331124-001-04-9),PRISM Repurposing Public 24Q2,0.029,compound_experiment
ML355 (BRD:BRD-K15324227-001-02-9),PRISM Repurposing Public 24Q2,0.029,compound_experiment
OR-486 (BRD:BRD-K18602506-001-09-9),PRISM Repurposing Public 24Q2,0.029,compound_experiment
TCS-2002 (BRD:BRD-K00004294-001-01-9),PRISM Repurposing Public 24Q2,0.029,compound_experiment
CP-94253 (BRD:BRD-K33860217-003-04-0),PRISM Repurposing Public 24Q2,-0.029,compound_experiment
CB-103 (BRD:BRD-K99108507-001-10-9),PRISM Repurposing Public 24Q2,-0.029,compound_experiment
prisotinol (BRD:BRD-K00004547-001-01-9),PRISM Repurposing Public 24Q2,0.029,compound_experiment
propyphenazone (BRD:BRD-K06520168-001-03-9),PRISM Repurposing Public 24Q2,0.029,compound_experiment
ormeloxifene (BRD:BRD-K00004639-001-01-9),PRISM Repurposing Public 24Q2,0.029,compound_experiment
Dotinurad - QC Failure (BRD:BRD-K00084840-001-01-9 - QC Failure),PRISM Repurposing Public 24Q2,-0.029,compound_experiment
I-BET-762 (GDSC1:275),Drug sensitivity AUC (Sanger GDSC1),-0.029,compound_experiment
apicidin (CTRP:61097),Drug sensitivity AUC (CTD^2),-0.029,compound_experiment
ouabain (CTRP:37190),Drug sensitivity AUC (CTD^2),-0.029,compound_experiment
IDO1-IN-5 (BRD:BRD-K00091266-001-01-9),PRISM Repurposing Public 24Q2,0.029,compound_experiment
Isavuconazonium sulfate - QC Failure (BRD:BRD-K00071595-065-01-9 - QC Failure),PRISM Repurposing Public 24Q2,-0.029,compound_experiment
succinobucol (BRD:BRD-K00003183-001-01-9),PRISM Repurposing Public 24Q2,-0.029,compound_experiment
PF 04531083 (BRD:BRD-K00076501-001-02-9),PRISM Repurposing Public 24Q2,-0.029,compound_experiment
sultopride (BRD:BRD-K00003312-003-01-9),PRISM Repurposing Public 24Q2,-0.029,compound_experiment
BRD-K58730230 (CTRP:660797),Drug sensitivity AUC (CTD^2),-0.029,compound_experiment
N9-isopropylolomoucine (CTRP:45093),Drug sensitivity AUC (CTD^2),0.029,compound_experiment
BIX-01294 (CTRP:53705),Drug sensitivity AUC (CTD^2),-0.029,compound_experiment
silmitasertib (CTRP:660421),Drug sensitivity AUC (CTD^2),0.029,compound_experiment
Y-29794 (BRD:BRD-K48449073-034-03-9),PRISM Repurposing Public 24Q2,-0.029,compound_experiment
vericiguat (BRD:BRD-K00003234-001-01-9),PRISM Repurposing Public 24Q2,-0.029,compound_experiment
bismuth-subsalicylate (BRD:BRD-K80528473-001-03-0),PRISM Repurposing Public 24Q2,0.029,compound_experiment
loracarbef (BRD:BRD-K28935038-002-03-9),PRISM Repurposing Public 24Q2,-0.029,compound_experiment
LDN-27219 (BRD:BRD-K51485109-001-02-9),PRISM Repurposing Public 24Q2,0.029,compound_experiment
vincamine (BRD:BRD-K89704198-001-12-3),Drug sensitivity AUC (PRISM Repurposing Secondary Screen),0.029,compound_experiment
TG-101348 (CTRP:411808),Drug sensitivity AUC (CTD^2),0.029,compound_experiment
paclitaxel (CTRP:26956),Drug sensitivity AUC (CTD^2),0.029,compound_experiment
carboplatin (CTRP:26979),Drug sensitivity AUC (CTD^2),-0.029,compound_experiment
BRD-K03911514 (CTRP:660424),Drug sensitivity AUC (CTD^2),0.029,compound_experiment
AC55649 (CTRP:375487),Drug sensitivity AUC (CTD^2),-0.028,compound_experiment
NSC632839 (CTRP:375594),Drug sensitivity AUC (CTD^2),-0.028,compound_experiment
cerulenin (CTRP:52430),Drug sensitivity AUC (CTD^2),-0.028,compound_experiment
sorafenib (CTRP:349006),Drug sensitivity AUC (CTD^2),-0.028,compound_experiment
BRD-K85133207 (CTRP:616408),Drug sensitivity AUC (CTD^2),-0.028,compound_experiment
BRD-K27224038 (CTRP:397964),Drug sensitivity AUC (CTD^2),-0.028,compound_experiment
tamoxifen (CTRP:26972),Drug sensitivity AUC (CTD^2),-0.028,compound_experiment
SB-743921 (CTRP:660238),Drug sensitivity AUC (CTD^2),-0.028,compound_experiment
propylparaben (BRD:BRD-K60783397-001-12-9),PRISM Repurposing Public 24Q2,0.028,compound_experiment
ruboxistaurin (BRD:BRD-K27677357-003-04-9),PRISM Repurposing Public 24Q2,-0.028,compound_experiment
asapiprant (BRD:BRD-K00003230-001-01-9),PRISM Repurposing Public 24Q2,0.028,compound_experiment
KRCA-0008 (BRD:BRD-K40604024-001-02-9),PRISM Repurposing Public 24Q2,0.028,compound_experiment
evocalcet (BRD:BRD-K00003250-001-01-9),PRISM Repurposing Public 24Q2,-0.028,compound_experiment
Avilamycin A - QC Failure (BRD:BRD-K00089577-001-01-9 - QC Failure),PRISM Repurposing Public 24Q2,0.028,compound_experiment
epristeride (BRD:BRD-K00003478-001-01-9),PRISM Repurposing Public 24Q2,-0.028,compound_experiment
dipyrocetyl (BRD:BRD-K47608922-001-05-9),PRISM Repurposing Public 24Q2,0.028,compound_experiment
decloxizine (BRD:BRD-K00003318-300-01-9),PRISM Repurposing Public 24Q2,-0.028,compound_experiment
AZD1390 (BRD:BRD-K00003509-001-01-9),PRISM Repurposing Public 24Q2,0.028,compound_experiment
TD139 (BRD:BRD-K00003308-001-01-9),PRISM Repurposing Public 24Q2,0.028,compound_experiment
pentagastrin (BRD:BRD-K78789465-001-01-6),Drug sensitivity AUC (PRISM Repurposing Secondary Screen),-0.028,compound_experiment
beta-hydroxybutyrate (BRD:BRD-A41387824-001-06-0),PRISM Repurposing Public 24Q2,0.028,compound_experiment
resmetirom (BRD:BRD-K00003123-001-01-9),PRISM Repurposing Public 24Q2,0.028,compound_experiment
GSK650394 (GDSC1:177),Drug sensitivity AUC (Sanger GDSC1),0.028,compound_experiment
ACY-1215 (GDSC1:264),Drug sensitivity AUC (Sanger GDSC1),-0.028,compound_experiment
SORAFENIB (GDSC1:30),Drug sensitivity AUC (Sanger GDSC1),-0.028,compound_experiment
OBATOCLAX (GDSC1:182),Drug sensitivity AUC (Sanger GDSC1),0.028,compound_experiment
GSK2126458 (GDSC1:283),Drug sensitivity AUC (Sanger GDSC1),-0.028,compound_experiment
butabindide (BRD:BRD-K40581315-034-02-9),PRISM Repurposing Public 24Q2,-0.028,compound_experiment
sucrose (BRD:BRD-K74724920-001-02-4),PRISM Repurposing Public 24Q2,0.028,compound_experiment
BW-B70C (BRD:BRD-A55946879-001-04-9),PRISM Repurposing Public 24Q2,0.028,compound_experiment
AZ-10606120 (BRD:BRD-K09907507-300-02-9),PRISM Repurposing Public 24Q2,0.028,compound_experiment
pavinetant (BRD:BRD-K00003170-001-01-9),PRISM Repurposing Public 24Q2,0.028,compound_experiment
cbl0137 (BRD:BRD-K00003273-003-01-9),PRISM Repurposing Public 24Q2,-0.028,compound_experiment
P7C3 (BRD:BRD-A09487507-001-03-9),PRISM Repurposing Public 24Q2,-0.028,compound_experiment
ethanolamine-oleate (BRD:BRD-M75061779-001-01-2),PRISM Repurposing Public 24Q2,0.028,compound_experiment
AMG-176 (BRD:BRD-K43900408-001-02-9),PRISM Repurposing Public 24Q2,0.028,compound_experiment
Belvarafenib (BRD:BRD-K00091122-001-01-9),PRISM Repurposing Public 24Q2,-0.028,compound_experiment
edasalonexent (BRD:BRD-K00003258-001-01-9),PRISM Repurposing Public 24Q2,-0.028,compound_experiment
ISX-9 (BRD:BRD-K53903639-001-01-3),PRISM Repurposing Public 24Q2,-0.028,compound_experiment
CIM-0216 (BRD:BRD-A75514485-001-02-9),PRISM Repurposing Public 24Q2,-0.028,compound_experiment
vapendavir (BRD:BRD-K00004577-001-01-9),PRISM Repurposing Public 24Q2,0.028,compound_experiment
DOTMP (BRD:BRD-K00004678-001-01-9),PRISM Repurposing Public 24Q2,-0.028,compound_experiment
YK-4-279 (GDSC2:1239),Drug sensitivity AUC (Sanger GDSC2),-0.028,compound_experiment
TALAZOPARIB (GDSC2:1259),Drug sensitivity AUC (Sanger GDSC2),-0.028,compound_experiment
LDN193189 (BRD:BRD-K04853698-376-01-4),PRISM Repurposing Public 24Q2,-0.028,compound_experiment
uki-1 (BRD:BRD-K00003367-001-01-9),PRISM Repurposing Public 24Q2,-0.028,compound_experiment
LESTAURTINIB (GDSC1:1024),Drug sensitivity AUC (Sanger GDSC1),-0.028,compound_experiment
BMS-813160 (BRD:BRD-K00003512-001-01-9),PRISM Repurposing Public 24Q2,-0.028,compound_experiment
LY2157299 (BRD:BRD-K78118466-001-03-3),Drug sensitivity AUC (PRISM Repurposing Secondary Screen),0.028,compound_experiment
PP-1 (BRD:BRD-K47598052-001-15-8),Drug sensitivity AUC (PRISM Repurposing Secondary Screen),0.028,compound_experiment
betamethasone (BRD:BRD-A02180903-001-04-5),Drug sensitivity AUC (PRISM Repurposing Secondary Screen),0.028,compound_experiment
BX-912 (BRD:BRD-K49669041-001-08-4),Drug sensitivity AUC (PRISM Repurposing Secondary Screen),0.028,compound_experiment
dorzolamide (BRD:BRD-K71075609-003-01-0),Drug sensitivity AUC (PRISM Repurposing Secondary Screen),0.028,compound_experiment
bafetinib (BRD:BRD-A75975749-001-01-4),Drug sensitivity AUC (PRISM Repurposing Secondary Screen),-0.028,compound_experiment
tivozanib (BRD:BRD-K53414658-001-08-2),Drug sensitivity AUC (PRISM Repurposing Secondary Screen),-0.028,compound_experiment
LY2090314 (BRD:BRD-K78055238-001-01-8),Drug sensitivity AUC (PRISM Repurposing Secondary Screen),0.028,compound_experiment
FK-866 (BRD:BRD-K58550667-001-08-7),Drug sensitivity AUC (PRISM Repurposing Secondary Screen),-0.028,compound_experiment
NMS-1286937 (BRD:BRD-K83699324-001-01-1),Drug sensitivity AUC (PRISM Repurposing Secondary Screen),0.028,compound_experiment
VLX600 (BRD:BRD-K89053832-001-01-0),Drug sensitivity AUC (PRISM Repurposing Secondary Screen),0.028,compound_experiment
vindesine (BRD:BRD-K59753975-001-02-6),Drug sensitivity AUC (PRISM Repurposing Secondary Screen),-0.028,compound_experiment
ribociclib (BRD:BRD-K36788280-001-01-2),Drug sensitivity AUC (PRISM Repurposing Secondary Screen),-0.028,compound_experiment
calcitriol (BRD:BRD-K27316855-001-13-3),Drug sensitivity AUC (PRISM Repurposing Secondary Screen),0.028,compound_experiment
M8-B (BRD:BRD-K90410034-003-02-9),PRISM Repurposing Public 24Q2,-0.027,compound_experiment
JPH203 (BRD:BRD-K00003340-300-01-9),PRISM Repurposing Public 24Q2,-0.027,compound_experiment
neuropathiazol (BRD:BRD-K28567778-001-02-7),PRISM Repurposing Public 24Q2,-0.027,compound_experiment
H-Val-Pro-Pro-OH (TFA) (BRD:BRD-K00073449-019-02-9),PRISM Repurposing Public 24Q2,0.027,compound_experiment
SBHA (BRD:BRD-K54729176-001-03-9),PRISM Repurposing Public 24Q2,0.027,compound_experiment
GSK256066 (BRD:BRD-K37590257-001-02-8),Drug sensitivity AUC (PRISM Repurposing Secondary Screen),0.027,compound_experiment
dolastatin-10 (BRD:BRD-K78567475-001-01-4),Drug sensitivity AUC (PRISM Repurposing Secondary Screen),-0.027,compound_experiment
mibampator (BRD:BRD-K42981054-001-01-9),Drug sensitivity AUC (PRISM Repurposing Secondary Screen),0.027,compound_experiment
clobetasol-propionate (BRD:BRD-K10799896-001-26-2),Drug sensitivity AUC (PRISM Repurposing Secondary Screen),0.027,compound_experiment
Ensartinib hydrochloride (BRD:BRD-K00073038-001-02-9),PRISM Repurposing Public 24Q2,-0.027,compound_experiment
MK-1775 (CTRP:418167),Drug sensitivity AUC (CTD^2),0.027,compound_experiment
basmisanil (BRD:BRD-K00003221-001-01-9),PRISM Repurposing Public 24Q2,0.027,compound_experiment
CZC24832 (GDSC2:1615),Drug sensitivity AUC (Sanger GDSC2),-0.027,compound_experiment
NIRAPARIB (GDSC2:1177),Drug sensitivity AUC (Sanger GDSC2),-0.027,compound_experiment
BVD-523 (GDSC2:2047),Drug sensitivity AUC (Sanger GDSC2),-0.027,compound_experiment
putrescine (BRD:BRD-K75282878-300-05-3),PRISM Repurposing Public 24Q2,-0.027,compound_experiment
cyclophosphamide (CTRP:32620),Drug sensitivity AUC (CTD^2),-0.027,compound_experiment
RAF709 (BRD:BRD-K00010389-001-01-9),PRISM Repurposing Public 24Q2,-0.027,compound_experiment
GSK-LSD-1 (BRD:BRD-K33521504-300-01-6),PRISM Repurposing Public 24Q2,0.027,compound_experiment
HC-070 (BRD:BRD-K00004601-001-01-9),PRISM Repurposing Public 24Q2,0.027,compound_experiment
JNJ-38877618 (BRD:BRD-K00003094-001-01-9),PRISM Repurposing Public 24Q2,-0.027,compound_experiment
cinnamaldehyde (BRD:BRD-K26875402-001-13-9),PRISM Repurposing Public 24Q2,-0.027,compound_experiment
rolapitant (BRD:BRD-K00003175-001-01-9),PRISM Repurposing Public 24Q2,0.027,compound_experiment
ligustilide (BRD:BRD-K48875051-001-01-0),PRISM Repurposing Public 24Q2,-0.027,compound_experiment
FRAX486 (BRD:BRD-K57243773-001-01-6),PRISM Repurposing Public 24Q2,0.027,compound_experiment
PIM-1-Inhibitor-2 (BRD:BRD-K48832421-001-03-9),PRISM Repurposing Public 24Q2,-0.027,compound_experiment
linsitinib (BRD:BRD-K86118762-001-01-8),Drug sensitivity AUC (PRISM Repurposing Secondary Screen),-0.027,compound_experiment
venetoclax (BRD:BRD-K62391742-001-09-7),Drug sensitivity AUC (PRISM Repurposing Secondary Screen),0.027,compound_experiment
ketoprofen (BRD:BRD-A97739905-001-26-5),Drug sensitivity AUC (PRISM Repurposing Secondary Screen),-0.027,compound_experiment
rigosertib (BRD:BRD-K55187425-236-05-2),Drug sensitivity AUC (PRISM Repurposing Secondary Screen),0.027,compound_experiment
cinacalcet (BRD:BRD-K73838513-003-05-5),Drug sensitivity AUC (PRISM Repurposing Secondary Screen),0.027,compound_experiment
tiotidine (BRD:BRD-K15071410-001-01-1),Drug sensitivity AUC (PRISM Repurposing Secondary Screen),0.027,compound_experiment
propranolol (BRD:BRD-A10070317-003-28-3),Drug sensitivity AUC (PRISM Repurposing Secondary Screen),-0.027,compound_experiment
serdemetan (BRD:BRD-K65924316-001-03-1),Drug sensitivity AUC (PRISM Repurposing Secondary Screen),-0.027,compound_experiment
IDRA-21 (BRD:BRD-A14344385-001-03-2),Drug sensitivity AUC (PRISM Repurposing Secondary Screen),0.027,compound_experiment
maprotiline (BRD:BRD-K25433859-003-25-4),Drug sensitivity AUC (PRISM Repurposing Secondary Screen),0.027,compound_experiment
PPT (BRD:BRD-K00312224-001-09-5),Drug sensitivity AUC (PRISM Repurposing Secondary Screen),0.027,compound_experiment
IC-87114 (CTRP:55307),Drug sensitivity AUC (CTD^2),0.027,compound_experiment
necrosulfonamide (CTRP:677522),Drug sensitivity AUC (CTD^2),-0.027,compound_experiment
bendamustine (CTRP:374755),Drug sensitivity AUC (CTD^2),0.027,compound_experiment
SID 26681509 (CTRP:411731),Drug sensitivity AUC (CTD^2),-0.027,compound_experiment
AGK-2 (CTRP:411716),Drug sensitivity AUC (CTD^2),0.027,compound_experiment
danazol (BRD:BRD-A92537424-001-04-7),Drug sensitivity AUC (PRISM Repurposing Secondary Screen),-0.027,compound_experiment
LY2874455 (BRD:BRD-K17203476-001-01-9),Drug sensitivity AUC (PRISM Repurposing Secondary Screen),0.027,compound_experiment
IPA-3 (GDSC1:176),Drug sensitivity AUC (Sanger GDSC1),0.027,compound_experiment
ICI-169369 (BRD:BRD-K00004569-001-01-9),PRISM Repurposing Public 24Q2,0.027,compound_experiment
anagliptin (BRD:BRD-K05355328-001-02-9),PRISM Repurposing Public 24Q2,-0.027,compound_experiment
BRIVANIB (GDSC1:376),Drug sensitivity AUC (Sanger GDSC1),-0.027,compound_experiment
GSK429286A (GDSC1:230),Drug sensitivity AUC (Sanger GDSC1),-0.027,compound_experiment
SN-38 (GDSC1:1494),Drug sensitivity AUC (Sanger GDSC1),-0.027,compound_experiment
RO-3306 (GDSC1:1052),Drug sensitivity AUC (Sanger GDSC1),-0.027,compound_experiment
PTC-209 (BRD:BRD-K83834509-001-04-9),PRISM Repurposing Public 24Q2,-0.027,compound_experiment
BMS-345541 (BRD:BRD-K13566078-001-02-3),Drug sensitivity AUC (PRISM Repurposing Secondary Screen),-0.027,compound_experiment
sodium-dodecyl-sulfate (BRD:BRD-M58433298-001-02-4),PRISM Repurposing Public 24Q2,0.027,compound_experiment
PTI-428 (BRD:BRD-K00091089-001-01-9),PRISM Repurposing Public 24Q2,0.027,compound_experiment
casin (BRD:BRD-A25043798-001-02-9),PRISM Repurposing Public 24Q2,-0.027,compound_experiment
ONO-8130 (BRD:BRD-K76725781-001-02-9),PRISM Repurposing Public 24Q2,0.027,compound_experiment
CP-547632 (BRD:BRD-K00004719-001-01-9),PRISM Repurposing Public 24Q2,0.027,compound_experiment
flubendazole (BRD:BRD-K86003836-001-10-5),Drug sensitivity AUC (PRISM Repurposing Secondary Screen),-0.027,compound_experiment
monensin (BRD:BRD-A06627858-236-03-0),Drug sensitivity AUC (PRISM Repurposing Secondary Screen),-0.027,compound_experiment
vismodegib (BRD:BRD-K44827188-001-06-0),Drug sensitivity AUC (PRISM Repurposing Secondary Screen),-0.026,compound_experiment
ISOX (CTRP:632907),Drug sensitivity AUC (CTD^2),-0.026,compound_experiment
geldanamycin (BRD:BRD-K43570081-001-02-4),PRISM Repurposing Public 24Q2,-0.026,compound_experiment
VE-822 (GDSC2:1613),Drug sensitivity AUC (Sanger GDSC2),0.026,compound_experiment
"SCH772984, CS-1421 (GDSC2:1564)",Drug sensitivity AUC (Sanger GDSC2),0.026,compound_experiment
MK-1775 (GDSC2:1179),Drug sensitivity AUC (Sanger GDSC2),0.026,compound_experiment
Ro-9187 (BRD:BRD-K57284066-001-01-6),Drug sensitivity AUC (PRISM Repurposing Secondary Screen),0.026,compound_experiment
cidofovir (BRD:BRD-K96153583-001-05-1),Drug sensitivity AUC (PRISM Repurposing Secondary Screen),-0.026,compound_experiment
raloxifene (BRD:BRD-K63828191-003-32-1),Drug sensitivity AUC (PRISM Repurposing Secondary Screen),-0.026,compound_experiment
UNC0638:navitoclax (1:1 mol/mol) (CTRP:660270),Drug sensitivity AUC (CTD^2),-0.026,compound_experiment
nobiletin (BRD:BRD-K06753942-001-14-5),Drug sensitivity AUC (PRISM Repurposing Secondary Screen),-0.026,compound_experiment
salinomycin (BRD:BRD-A28301258-001-03-0),Drug sensitivity AUC (PRISM Repurposing Secondary Screen),-0.026,compound_experiment
JK-184 (BRD:BRD-K38860038-001-01-2),Drug sensitivity AUC (PRISM Repurposing Secondary Screen),-0.026,compound_experiment
pitavastatin (BRD:BRD-K75958547-238-01-0),Drug sensitivity AUC (PRISM Repurposing Secondary Screen),-0.026,compound_experiment
digitoxin (BRD:BRD-A93236127-001-04-5),Drug sensitivity AUC (PRISM Repurposing Secondary Screen),0.026,compound_experiment
gestrinone (BRD:BRD-K97472745-001-01-8),Drug sensitivity AUC (PRISM Repurposing Secondary Screen),-0.026,compound_experiment
aminoglutethimide (BRD:BRD-A25234499-001-18-3),Drug sensitivity AUC (PRISM Repurposing Secondary Screen),-0.026,compound_experiment
rabeprazole (BRD:BRD-A39390670-236-10-7),Drug sensitivity AUC (PRISM Repurposing Secondary Screen),-0.026,compound_experiment
cyt387 (BRD:BRD-K87737963-001-06-0),Drug sensitivity AUC (PRISM Repurposing Secondary Screen),-0.026,compound_experiment
ZK-93423 (BRD:BRD-K33882852-003-02-8),Drug sensitivity AUC (PRISM Repurposing Secondary Screen),0.026,compound_experiment
niraparib (BRD:BRD-K54955827-001-02-2),Drug sensitivity AUC (PRISM Repurposing Secondary Screen),-0.026,compound_experiment
SIB-1757 (BRD:BRD-K98157055-001-10-9),Drug sensitivity AUC (PRISM Repurposing Secondary Screen),-0.026,compound_experiment
IOWH032 (BRD:BRD-K84892605-001-01-1),Drug sensitivity AUC (PRISM Repurposing Secondary Screen),-0.026,compound_experiment
hypoestoxide (BRD:BRD-A51571244-001-01-9),Drug sensitivity AUC (PRISM Repurposing Secondary Screen),0.026,compound_experiment
PI-103 (BRD:BRD-K67868012-001-07-6),Drug sensitivity AUC (PRISM Repurposing Secondary Screen),-0.026,compound_experiment
U-18666A (BRD:BRD-K22025381-003-01-9),Drug sensitivity AUC (PRISM Repurposing Secondary Screen),-0.026,compound_experiment
dovitinib (BRD:BRD-K85402309-001-06-6),Drug sensitivity AUC (PRISM Repurposing Secondary Screen),0.026,compound_experiment
enasidenib (BRD:BRD-K70601687-001-01-3),Drug sensitivity AUC (PRISM Repurposing Secondary Screen),-0.026,compound_experiment
domperidone (BRD:BRD-K38305202-001-17-4),Drug sensitivity AUC (PRISM Repurposing Secondary Screen),0.026,compound_experiment
PTC-209 (BRD:BRD-K83834509-001-01-1),Drug sensitivity AUC (PRISM Repurposing Secondary Screen),0.026,compound_experiment
panobinostat (BRD:BRD-K02130563-001-11-4),Drug sensitivity AUC (PRISM Repurposing Secondary Screen),0.026,compound_experiment
nocodazole (BRD:BRD-K12539581-001-23-7),Drug sensitivity AUC (PRISM Repurposing Secondary Screen),-0.026,compound_experiment
"TELOMERASE INHIBITOR IX, MST-312, MST 312, MST312 (GDSC2:1930)",Drug sensitivity AUC (Sanger GDSC2),-0.026,compound_experiment
ixazomib (BRD:BRD-K78659596-001-03-9),Drug sensitivity AUC (PRISM Repurposing Secondary Screen),0.026,compound_experiment
Senaparib (BRD:BRD-K00090647-001-01-9),PRISM Repurposing Public 24Q2,-0.026,compound_experiment
inarigivir (BRD:BRD-K00003532-001-01-9),PRISM Repurposing Public 24Q2,0.026,compound_experiment
PF-06273340 (BRD:BRD-K00004638-001-01-9),PRISM Repurposing Public 24Q2,0.026,compound_experiment
SKI-II (CTRP:375366),Drug sensitivity AUC (CTD^2),-0.026,compound_experiment
sildenafil (CTRP:27872),Drug sensitivity AUC (CTD^2),-0.026,compound_experiment
GSK2983559 (free acid) (BRD:BRD-K00091265-001-01-9),PRISM Repurposing Public 24Q2,-0.026,compound_experiment
ruxolitinib (CTRP:639450),Drug sensitivity AUC (CTD^2),0.026,compound_experiment
5-octanoylsalicylic-acid (BRD:BRD-K00004681-001-01-9),PRISM Repurposing Public 24Q2,0.026,compound_experiment
ethoxyquin (BRD:BRD-K56792340-001-14-9),PRISM Repurposing Public 24Q2,-0.026,compound_experiment
KM-0118 (BRD:BRD-K00005245-001-01-9),PRISM Repurposing Public 24Q2,0.026,compound_experiment
MK-2894 (BRD:BRD-K27983781-001-01-4),PRISM Repurposing Public 24Q2,0.026,compound_experiment
NK-252 (BRD:BRD-K47441935-001-02-9),PRISM Repurposing Public 24Q2,-0.026,compound_experiment
AC260584 (BRD:BRD-K00004583-001-01-9),PRISM Repurposing Public 24Q2,0.026,compound_experiment
BAZ2-ICR (BRD:BRD-K66830666-001-02-7),PRISM Repurposing Public 24Q2,0.026,compound_experiment
AT7867 (CTRP:660409),Drug sensitivity AUC (CTD^2),-0.026,compound_experiment
alisertib:navitoclax (2:1 mol/mol) (CTRP:660282),Drug sensitivity AUC (CTD^2),0.026,compound_experiment
rimeporide (BRD:BRD-K00004645-001-01-9),PRISM Repurposing Public 24Q2,0.026,compound_experiment
PF-03882845 (BRD:BRD-K51041191-001-02-9),PRISM Repurposing Public 24Q2,-0.026,compound_experiment
ginsenoside-RE (BRD:BRD-K00003326-001-01-9),PRISM Repurposing Public 24Q2,0.026,compound_experiment
resiquimod (BRD:BRD-K76210423-001-01-6),Drug sensitivity AUC (PRISM Repurposing Secondary Screen),0.025,compound_experiment
echinomycin (BRD:BRD-A68969091-001-12-7),Drug sensitivity AUC (PRISM Repurposing Secondary Screen),0.025,compound_experiment
ecamsule-triethanolamine (BRD:BRD-A47953250-001-01-7),Drug sensitivity AUC (PRISM Repurposing Secondary Screen),0.025,compound_experiment
R306465 (BRD:BRD-K86687746-001-01-3),Drug sensitivity AUC (PRISM Repurposing Secondary Screen),-0.025,compound_experiment
pacritinib (BRD:BRD-K19034817-001-01-4),Drug sensitivity AUC (PRISM Repurposing Secondary Screen),0.025,compound_experiment
uprosertib (BRD:BRD-K38332599-001-01-3),Drug sensitivity AUC (PRISM Repurposing Secondary Screen),-0.025,compound_experiment
A-803467 (BRD:BRD-K28570407-001-02-0),Drug sensitivity AUC (PRISM Repurposing Secondary Screen),-0.025,compound_experiment
xylazine (BRD:BRD-K21565985-001-22-5),Drug sensitivity AUC (PRISM Repurposing Secondary Screen),0.025,compound_experiment
BVT-948 (BRD:BRD-K68567222-001-01-2),Drug sensitivity AUC (PRISM Repurposing Secondary Screen),-0.025,compound_experiment
streptozotocin (BRD:BRD-K34411947-001-12-5),Drug sensitivity AUC (PRISM Repurposing Secondary Screen),-0.025,compound_experiment
alfacalcidol (BRD:BRD-K49522529-001-02-9),Drug sensitivity AUC (PRISM Repurposing Secondary Screen),-0.025,compound_experiment
TPCA-1 (BRD:BRD-K51575138-001-13-2),Drug sensitivity AUC (PRISM Repurposing Secondary Screen),0.025,compound_experiment
sunitinib (BRD:BRD-K42828737-001-03-3),Drug sensitivity AUC (PRISM Repurposing Secondary Screen),0.025,compound_experiment
niacin (BRD:BRD-K60237333-001-27-1),Drug sensitivity AUC (PRISM Repurposing Secondary Screen),-0.025,compound_experiment
ZIBOTENTAN (GDSC1:266),Drug sensitivity AUC (Sanger GDSC1),0.025,compound_experiment
efonidipine-monoethanolate (BRD:BRD-M92675308-003-07-1),Drug sensitivity AUC (PRISM Repurposing Secondary Screen),0.025,compound_experiment
mecysteine (BRD:BRD-K81993098-003-15-0),PRISM Repurposing Public 24Q2,0.025,compound_experiment
nisoxetine (BRD:BRD-A95696066-003-13-8),Drug sensitivity AUC (PRISM Repurposing Secondary Screen),0.025,compound_experiment
PF-04995274 (BRD:BRD-K00004635-001-01-9),PRISM Repurposing Public 24Q2,0.025,compound_experiment
GDC-0941 (GDSC2:1058),Drug sensitivity AUC (Sanger GDSC2),0.025,compound_experiment
GEFITINIB (GDSC2:1010),Drug sensitivity AUC (Sanger GDSC2),0.025,compound_experiment
cabagin (BRD:BRD-K41504985-003-02-9),PRISM Repurposing Public 24Q2,0.025,compound_experiment
SAR-260301 (BRD:BRD-K00073070-001-02-9),PRISM Repurposing Public 24Q2,-0.025,compound_experiment
VLX1570 (BRD:BRD-K00003343-001-01-9),PRISM Repurposing Public 24Q2,-0.025,compound_experiment
4-CPA (BRD:BRD-K00078770-001-02-9),PRISM Repurposing Public 24Q2,0.025,compound_experiment
Lotilaner (BRD:BRD-K00084842-001-01-9),PRISM Repurposing Public 24Q2,0.025,compound_experiment
lenalidomide (BRD:BRD-A17883755-001-06-1),Drug sensitivity AUC (PRISM Repurposing Secondary Screen),0.025,compound_experiment
BGP-15 (BRD:BRD-K00003393-300-01-9),PRISM Repurposing Public 24Q2,0.025,compound_experiment
seratrodast (BRD:BRD-A60765580-001-03-4),PRISM Repurposing Public 24Q2,-0.025,compound_experiment
A-582941 (BRD:BRD-K79743788-001-02-9),PRISM Repurposing Public 24Q2,0.025,compound_experiment
Tefinostat (BRD:BRD-K00091118-001-01-9),PRISM Repurposing Public 24Q2,0.025,compound_experiment
WAY-629 (BRD:BRD-K55430733-003-03-9),PRISM Repurposing Public 24Q2,-0.025,compound_experiment
MRK-560 (BRD:BRD-K68795758-001-02-9),PRISM Repurposing Public 24Q2,-0.025,compound_experiment
AR-42 (GDSC1:272),Drug sensitivity AUC (Sanger GDSC1),-0.025,compound_experiment
SCH-51344 (BRD:BRD-K02460719-001-02-9),PRISM Repurposing Public 24Q2,-0.025,compound_experiment
ammonium-perfluorocaprylate (BRD:BRD-K32531356-001-03-9),PRISM Repurposing Public 24Q2,-0.025,compound_experiment
dapansutrile (BRD:BRD-K00004659-001-01-9),PRISM Repurposing Public 24Q2,-0.025,compound_experiment
Pyriproxyfen (BRD:BRD-K00084847-001-01-9),PRISM Repurposing Public 24Q2,-0.025,compound_experiment
NS-3623 (BRD:BRD-K24434292-001-01-3),PRISM Repurposing Public 24Q2,0.025,compound_experiment
ilaprazole (BRD:BRD-K00003427-001-01-9),PRISM Repurposing Public 24Q2,-0.025,compound_experiment
heclin (BRD:BRD-K49788188-001-02-9),PRISM Repurposing Public 24Q2,-0.025,compound_experiment
savolitinib (BRD:BRD-K98028353-001-02-8),PRISM Repurposing Public 24Q2,0.025,compound_experiment
derazantinib (BRD:BRD-K00003310-001-01-9),PRISM Repurposing Public 24Q2,-0.025,compound_experiment
pemafibrate (BRD:BRD-K00003251-001-01-9),PRISM Repurposing Public 24Q2,-0.025,compound_experiment
taminadenant (BRD:BRD-K00004682-001-01-9),PRISM Repurposing Public 24Q2,-0.025,compound_experiment
KR-33494 (BRD:BRD-K00004587-001-01-9),PRISM Repurposing Public 24Q2,-0.025,compound_experiment
J147 (BRD:BRD-K00004699-001-01-9),PRISM Repurposing Public 24Q2,-0.025,compound_experiment
SR-2211 (BRD:BRD-K11641193-001-03-9),PRISM Repurposing Public 24Q2,-0.025,compound_experiment
myricetin (CTRP:29985),Drug sensitivity AUC (CTD^2),-0.025,compound_experiment
ML203 (CTRP:411816),Drug sensitivity AUC (CTD^2),0.025,compound_experiment
NSC19630 (CTRP:580922),Drug sensitivity AUC (CTD^2),-0.025,compound_experiment
DBeQ (CTRP:199337),Drug sensitivity AUC (CTD^2),-0.025,compound_experiment
darinaparsin (CTRP:609121),Drug sensitivity AUC (CTD^2),-0.025,compound_experiment
TMN-355 (BRD:BRD-K24527118-001-02-9),PRISM Repurposing Public 24Q2,-0.024,compound_experiment
ethyl 10-(4-iodophenyl)undecanoate - QC Failure (BRD:BRD-K00075280-001-02-9 - QC Failure),PRISM Repurposing Public 24Q2,-0.024,compound_experiment
TAK-659 (BRD:BRD-K71500795-003-02-9),PRISM Repurposing Public 24Q2,-0.024,compound_experiment
undecylenic-acid (BRD:BRD-K19189338-001-03-2),PRISM Repurposing Public 24Q2,-0.024,compound_experiment
AXITINIB (GDSC2:1021),Drug sensitivity AUC (Sanger GDSC2),0.024,compound_experiment
NVP-ADW742 (GDSC2:1932),Drug sensitivity AUC (Sanger GDSC2),-0.024,compound_experiment
"GSK591, EPZ015866, GSK3203591 (GDSC2:2110)",Drug sensitivity AUC (Sanger GDSC2),0.024,compound_experiment
BUPARLISIB (GDSC2:1873),Drug sensitivity AUC (Sanger GDSC2),-0.024,compound_experiment
scabertopin (BRD:BRD-K00005327-001-01-9),PRISM Repurposing Public 24Q2,0.024,compound_experiment
LY2922470 (BRD:BRD-K00091082-001-01-9),PRISM Repurposing Public 24Q2,-0.024,compound_experiment
GSK2239633A (BRD:BRD-K00003364-001-01-9),PRISM Repurposing Public 24Q2,0.024,compound_experiment
sonidegib (BRD:BRD-K19796430-001-05-6),Drug sensitivity AUC (PRISM Repurposing Secondary Screen),-0.024,compound_experiment
drospirenone (BRD:BRD-K04394237-001-03-7),Drug sensitivity AUC (PRISM Repurposing Secondary Screen),-0.024,compound_experiment
sulfabenzamide (BRD:BRD-K59983611-001-21-9),Drug sensitivity AUC (PRISM Repurposing Secondary Screen),-0.024,compound_experiment
BRD-K29086754 (CTRP:448891),Drug sensitivity AUC (CTD^2),0.024,compound_experiment
BRD-K71781559 (CTRP:425733),Drug sensitivity AUC (CTD^2),-0.024,compound_experiment
axitinib (CTRP:348990),Drug sensitivity AUC (CTD^2),-0.024,compound_experiment
KU 0060648 (CTRP:632119),Drug sensitivity AUC (CTD^2),0.024,compound_experiment
compound 1B (CTRP:62111),Drug sensitivity AUC (CTD^2),-0.024,compound_experiment
selumetinib:vorinostat (8:1 mol/mol) (CTRP:660176),Drug sensitivity AUC (CTD^2),-0.024,compound_experiment
BRD-K04800985 (CTRP:435086),Drug sensitivity AUC (CTD^2),-0.024,compound_experiment
securinine (BRD:BRD-K49071277-001-04-7),Drug sensitivity AUC (PRISM Repurposing Secondary Screen),0.024,compound_experiment
Etelcalcetide (hydrochloride) (BRD:BRD-K00078514-003-02-9),PRISM Repurposing Public 24Q2,-0.024,compound_experiment
fenoprofen (BRD:BRD-A81129465-001-03-8),Drug sensitivity AUC (PRISM Repurposing Secondary Screen),0.024,compound_experiment
methylprednisolone (BRD:BRD-K35240538-001-26-2),Drug sensitivity AUC (PRISM Repurposing Secondary Screen),0.024,compound_experiment
bitopertin (BRD:BRD-K13756951-001-01-4),Drug sensitivity AUC (PRISM Repurposing Secondary Screen),0.024,compound_experiment
repaglinide (BRD:BRD-K82846253-001-15-4),Drug sensitivity AUC (PRISM Repurposing Secondary Screen),0.024,compound_experiment
glasdegib (BRD:BRD-K34341643-001-01-4),Drug sensitivity AUC (PRISM Repurposing Secondary Screen),0.024,compound_experiment
pyroxamide (BRD:BRD-K11663430-001-02-3),Drug sensitivity AUC (PRISM Repurposing Secondary Screen),-0.024,compound_experiment
noretynodrel (BRD:BRD-A00758722-001-04-9),Drug sensitivity AUC (PRISM Repurposing Secondary Screen),0.024,compound_experiment
2-methylimidazole (BRD:BRD-K68534611-001-07-8),PRISM Repurposing Public 24Q2,0.024,compound_experiment
PLX-4720 (GDSC1:1371),Drug sensitivity AUC (Sanger GDSC1),-0.024,compound_experiment
A-83-01 (GDSC1:477),Drug sensitivity AUC (Sanger GDSC1),0.024,compound_experiment
CNX-2006 (BRD:BRD-K24869513-001-02-1),Drug sensitivity AUC (PRISM Repurposing Secondary Screen),0.024,compound_experiment
TAK-632 (BRD:BRD-K31866293-001-01-6),Drug sensitivity AUC (PRISM Repurposing Secondary Screen),-0.024,compound_experiment
FK-3311 (BRD:BRD-K38350380-001-01-8),Drug sensitivity AUC (PRISM Repurposing Secondary Screen),-0.024,compound_experiment
O6-Benzylguanine (BRD:BRD-K92041145-001-09-5),Drug sensitivity AUC (PRISM Repurposing Secondary Screen),-0.024,compound_experiment
HP-228 (BRD:BRD-K00004723-001-01-9),PRISM Repurposing Public 24Q2,0.024,compound_experiment
GW-842166 (BRD:BRD-K26823213-001-02-9),Drug sensitivity AUC (PRISM Repurposing Secondary Screen),-0.024,compound_experiment
KW-2449 (BRD:BRD-K21718444-001-06-8),Drug sensitivity AUC (PRISM Repurposing Secondary Screen),0.024,compound_experiment
NVP-BHG712 (GDSC1:295),Drug sensitivity AUC (Sanger GDSC1),-0.024,compound_experiment
nimorazole (BRD:BRD-K79145628-001-05-5),Drug sensitivity AUC (PRISM Repurposing Secondary Screen),0.024,compound_experiment
ibotenic-acid (BRD:BRD-A02971356-001-09-9),PRISM Repurposing Public 24Q2,-0.024,compound_experiment
GDC-0077 (BRD:BRD-K00003420-001-01-9),PRISM Repurposing Public 24Q2,0.024,compound_experiment
letrazuril (BRD:BRD-K00003474-001-01-9),PRISM Repurposing Public 24Q2,0.024,compound_experiment
AMG-510 (BRD:BRD-K00010385-001-01-9),PRISM Repurposing Public 24Q2,0.024,compound_experiment
sugammadex (BRD:BRD-K00003322-363-01-9),PRISM Repurposing Public 24Q2,-0.024,compound_experiment
fostemsavir (BRD:BRD-K00003191-001-01-9),PRISM Repurposing Public 24Q2,-0.024,compound_experiment
Ketotifen (fumarate) - QC Failure (BRD:BRD-K28936863-051-36-9 - QC Failure),PRISM Repurposing Public 24Q2,0.024,compound_experiment
liquiritin (BRD:BRD-K39084158-001-08-9),PRISM Repurposing Public 24Q2,0.024,compound_experiment
PRI-724 (BRD:BRD-K00091108-001-01-9),PRISM Repurposing Public 24Q2,0.024,compound_experiment
HPPH (BRD:BRD-K00003730-001-01-9),PRISM Repurposing Public 24Q2,0.024,compound_experiment
betamethasone-dipropionate (BRD:BRD-K58148589-001-03-6),Drug sensitivity AUC (PRISM Repurposing Secondary Screen),-0.024,compound_experiment
HT-2157 (BRD:BRD-K00003386-001-01-9),PRISM Repurposing Public 24Q2,-0.023,compound_experiment
EPZ020411 (BRD:BRD-K33586289-003-02-8),PRISM Repurposing Public 24Q2,-0.023,compound_experiment
Pibrentasvir (BRD:BRD-K00071592-001-01-9),PRISM Repurposing Public 24Q2,-0.023,compound_experiment
temanogrel (BRD:BRD-K00003467-001-01-9),PRISM Repurposing Public 24Q2,0.023,compound_experiment
guancydine (BRD:BRD-K00005334-001-01-9),PRISM Repurposing Public 24Q2,0.023,compound_experiment
Finerenone (BRD:BRD-K00075103-001-02-9),PRISM Repurposing Public 24Q2,-0.023,compound_experiment
JNJ-27141491 (BRD:BRD-K41895652-001-02-9),PRISM Repurposing Public 24Q2,-0.023,compound_experiment
BTS-71321 (BRD:BRD-K00010938-001-01-9),PRISM Repurposing Public 24Q2,0.023,compound_experiment
methylbenzethonium-chloride (BRD:BRD-K46531780-003-19-7),PRISM Repurposing Public 24Q2,-0.023,compound_experiment
NAS-181 (BRD:BRD-K00004235-334-01-9),PRISM Repurposing Public 24Q2,-0.023,compound_experiment
BMS-182874 (BRD:BRD-K56509348-003-04-9),PRISM Repurposing Public 24Q2,-0.023,compound_experiment
Islatravir (BRD:BRD-K00079205-001-02-9),PRISM Repurposing Public 24Q2,0.023,compound_experiment
DTP3 (TFA) - QC Failure (BRD:BRD-K00073208-019-02-9 - QC Failure),PRISM Repurposing Public 24Q2,0.023,compound_experiment
TEPP-46 (BRD:BRD-K01826017-001-02-9),PRISM Repurposing Public 24Q2,-0.023,compound_experiment
CPI-169 (BRD:BRD-K97181972-001-01-9),PRISM Repurposing Public 24Q2,-0.023,compound_experiment
acumapimod (BRD:BRD-K00003220-001-01-9),PRISM Repurposing Public 24Q2,-0.023,compound_experiment
nisoldipine (BRD:BRD-A84465106-001-09-5),PRISM Repurposing Public 24Q2,0.023,compound_experiment
potassium-iodide (BRD:BRD-M55321172-001-03-3),PRISM Repurposing Public 24Q2,-0.023,compound_experiment
tipelukast (BRD:BRD-K00004627-001-01-9),PRISM Repurposing Public 24Q2,0.023,compound_experiment
YM-90709 (BRD:BRD-K06712146-001-04-9),PRISM Repurposing Public 24Q2,-0.023,compound_experiment
CCT196969 (BRD:BRD-K00005244-001-01-9),PRISM Repurposing Public 24Q2,-0.023,compound_experiment
6-Thio-2'-Deoxyguanosine (BRD:BRD-K00091271-001-01-9),PRISM Repurposing Public 24Q2,0.023,compound_experiment
cyclopamine (BRD:BRD-K58938839-001-06-9),PRISM Repurposing Public 24Q2,-0.023,compound_experiment
VU591 (BRD:BRD-K72063794-003-02-9),PRISM Repurposing Public 24Q2,-0.023,compound_experiment
nan (BRD:BRD-K54233340-001-02-2),PRISM Repurposing Public 24Q2,-0.023,compound_experiment
Neticonazole (BRD:BRD-K00074531-001-02-9),PRISM Repurposing Public 24Q2,0.023,compound_experiment
S-17092 (BRD:BRD-K00004618-001-01-9),PRISM Repurposing Public 24Q2,0.023,compound_experiment
EUK-134 (BRD:BRD-K19741031-001-01-4),PRISM Repurposing Public 24Q2,0.023,compound_experiment
MPI-0479605 (BRD:BRD-K45551181-001-02-1),Drug sensitivity AUC (PRISM Repurposing Secondary Screen),0.023,compound_experiment
BMS-754807 (GDSC1:184),Drug sensitivity AUC (Sanger GDSC1),0.023,compound_experiment
TPCA-1 (CTRP:375564),Drug sensitivity AUC (CTD^2),0.023,compound_experiment
lacitol (BRD:BRD-K40787673-001-02-1),Drug sensitivity AUC (PRISM Repurposing Secondary Screen),-0.023,compound_experiment
BMS-754807 (BRD:BRD-K13049116-001-04-0),Drug sensitivity AUC (PRISM Repurposing Secondary Screen),0.023,compound_experiment
CMPD-1 (BRD:BRD-K54095730-001-03-1),Drug sensitivity AUC (PRISM Repurposing Secondary Screen),0.023,compound_experiment
cyproheptadine (BRD:BRD-K28143534-001-02-2),Drug sensitivity AUC (PRISM Repurposing Secondary Screen),-0.023,compound_experiment
dichlorisone-acetate (BRD:BRD-K54187111-001-09-2),Drug sensitivity AUC (PRISM Repurposing Secondary Screen),0.023,compound_experiment
cycloheximide (BRD:BRD-K36055864-001-19-2),Drug sensitivity AUC (PRISM Repurposing Secondary Screen),0.023,compound_experiment
oseltamivir-phosphate (BRD:BRD-K76011241-001-01-8),Drug sensitivity AUC (PRISM Repurposing Secondary Screen),0.023,compound_experiment
parbendazole (CTRP:28172),Drug sensitivity AUC (CTD^2),-0.023,compound_experiment
tioguanine (BRD:BRD-K75649340-001-13-1),Drug sensitivity AUC (PRISM Repurposing Secondary Screen),0.023,compound_experiment
SJ-172550 (CTRP:416777),Drug sensitivity AUC (CTD^2),0.023,compound_experiment
SB-431542 (CTRP:50753),Drug sensitivity AUC (CTD^2),0.023,compound_experiment
GSK1059615 (CTRP:606471),Drug sensitivity AUC (CTD^2),0.023,compound_experiment
AA-COCF3 (CTRP:411724),Drug sensitivity AUC (CTD^2),-0.023,compound_experiment
Ch-55 (CTRP:660137),Drug sensitivity AUC (CTD^2),0.023,compound_experiment
GSK2578215A (GDSC2:1927),Drug sensitivity AUC (Sanger GDSC2),-0.023,compound_experiment
A-804598 (CTRP:661033),Drug sensitivity AUC (CTD^2),0.023,compound_experiment
doxifluridine (BRD:BRD-K58262659-001-09-7),Drug sensitivity AUC (PRISM Repurposing Secondary Screen),0.023,compound_experiment
cromakalim (BRD:BRD-M89827113-001-01-5),Drug sensitivity AUC (PRISM Repurposing Secondary Screen),-0.023,compound_experiment
BRD-K79669418 (CTRP:660139),Drug sensitivity AUC (CTD^2),-0.023,compound_experiment
embelin (BRD:BRD-K86727142-001-12-4),Drug sensitivity AUC (PRISM Repurposing Secondary Screen),0.023,compound_experiment
cariporide (BRD:BRD-K21670884-001-01-9),Drug sensitivity AUC (PRISM Repurposing Secondary Screen),-0.023,compound_experiment
linifanib (BRD:BRD-K99749624-001-07-0),Drug sensitivity AUC (PRISM Repurposing Secondary Screen),0.023,compound_experiment
TAK-901 (BRD:BRD-K01683783-001-02-6),Drug sensitivity AUC (PRISM Repurposing Secondary Screen),0.023,compound_experiment
PF-04691502 (BRD:BRD-K07310275-001-02-5),Drug sensitivity AUC (PRISM Repurposing Secondary Screen),-0.023,compound_experiment
lonafarnib (BRD:BRD-K41599323-001-02-3),Drug sensitivity AUC (PRISM Repurposing Secondary Screen),-0.023,compound_experiment
GSK1838705A (BRD:BRD-K06749501-001-02-1),Drug sensitivity AUC (PRISM Repurposing Secondary Screen),-0.023,compound_experiment
fludroxycortide (BRD:BRD-A49765801-001-04-1),Drug sensitivity AUC (PRISM Repurposing Secondary Screen),-0.023,compound_experiment
selumetinib (BRD:BRD-K57080016-001-15-9),Drug sensitivity AUC (PRISM Repurposing Secondary Screen),0.023,compound_experiment
4-methylhistamine (BRD:BRD-K70821460-300-02-4),Drug sensitivity AUC (PRISM Repurposing Secondary Screen),-0.023,compound_experiment
flutamide (BRD:BRD-K28307902-001-21-7),Drug sensitivity AUC (PRISM Repurposing Secondary Screen),0.023,compound_experiment
pardoprunox (BRD:BRD-K11851476-003-01-7),Drug sensitivity AUC (PRISM Repurposing Secondary Screen),0.023,compound_experiment
PALBOCICLIB (GDSC1:1054),Drug sensitivity AUC (Sanger GDSC1),0.022,compound_experiment
pandacostat (CTRP:417098),Drug sensitivity AUC (CTD^2),-0.022,compound_experiment
staurosporine (CTRP:50769),Drug sensitivity AUC (CTD^2),0.022,compound_experiment
MN-64 (GDSC2:1854),Drug sensitivity AUC (Sanger GDSC2),0.022,compound_experiment
navitoclax:pluripotin (1:1 mol/mol) (CTRP:660246),Drug sensitivity AUC (CTD^2),0.022,compound_experiment
BRD-K66532283 (CTRP:376693),Drug sensitivity AUC (CTD^2),-0.022,compound_experiment
SR1001 (CTRP:660317),Drug sensitivity AUC (CTD^2),-0.022,compound_experiment
NVP-231 (CTRP:660331),Drug sensitivity AUC (CTD^2),0.022,compound_experiment
"UMI-77, UMI 77 (GDSC2:1939)",Drug sensitivity AUC (Sanger GDSC2),0.022,compound_experiment
zebularine (CTRP:411739),Drug sensitivity AUC (CTD^2),0.022,compound_experiment
threo-2-methylisocitrate-(DL) (BRD:BRD-M01344114-348-01-0),PRISM Repurposing Public 24Q2,-0.022,compound_experiment
tomeglovir (BRD:BRD-K00003487-001-01-9),PRISM Repurposing Public 24Q2,0.022,compound_experiment
capromorelin (BRD:BRD-K00003188-046-01-9),PRISM Repurposing Public 24Q2,0.022,compound_experiment
BMS-986165 (BRD:BRD-K00091094-001-01-9),PRISM Repurposing Public 24Q2,0.022,compound_experiment
alinidine (BRD:BRD-K00004709-001-01-9),PRISM Repurposing Public 24Q2,0.022,compound_experiment
TK216 (BRD:BRD-K00090646-001-01-9),PRISM Repurposing Public 24Q2,0.022,compound_experiment
BRD9876 (BRD:BRD-K89329876-001-08-9),PRISM Repurposing Public 24Q2,-0.022,compound_experiment
guanidinoethyldisulfide-bicarbonate (BRD:BRD-K69191882-065-01-6),PRISM Repurposing Public 24Q2,-0.022,compound_experiment
A-804598 (BRD:BRD-K76894955-001-02-1),PRISM Repurposing Public 24Q2,0.022,compound_experiment
topilutamide (BRD:BRD-K00003325-001-01-9),PRISM Repurposing Public 24Q2,0.022,compound_experiment
gallium-triquinolin-8-olate (BRD:BRD-K46648676-001-01-8),PRISM Repurposing Public 24Q2,-0.022,compound_experiment
WH-4-023 (BRD:BRD-K50199947-001-07-9),PRISM Repurposing Public 24Q2,0.022,compound_experiment
Fulacimstat (BRD:BRD-K00078209-001-02-9),PRISM Repurposing Public 24Q2,-0.022,compound_experiment
dalbavancin (BRD:BRD-K30177383-001-02-9),PRISM Repurposing Public 24Q2,-0.022,compound_experiment
vixotrigine (BRD:BRD-K00003141-003-01-9),PRISM Repurposing Public 24Q2,0.022,compound_experiment
SIB-1893 (BRD:BRD-K14561059-001-06-9),PRISM Repurposing Public 24Q2,0.022,compound_experiment
Lefamulin (BRD:BRD-K00071589-001-01-9),PRISM Repurposing Public 24Q2,-0.022,compound_experiment
PRX-07034 (BRD:BRD-K00004616-001-01-9),PRISM Repurposing Public 24Q2,0.022,compound_experiment
lasmiditan (BRD:BRD-K00003178-003-01-9),PRISM Repurposing Public 24Q2,0.022,compound_experiment
APABETALONE (GDSC2:1625),Drug sensitivity AUC (Sanger GDSC2),-0.022,compound_experiment
ferroquine (BRD:BRD-K00003281-001-01-9),PRISM Repurposing Public 24Q2,0.022,compound_experiment
AZ-628 (GDSC1:29),Drug sensitivity AUC (Sanger GDSC1),0.022,compound_experiment
STF-62247 (GDSC1:258),Drug sensitivity AUC (Sanger GDSC1),0.022,compound_experiment
GSK1070916 (GDSC1:226),Drug sensitivity AUC (Sanger GDSC1),0.022,compound_experiment
KIN001-244 (GDSC1:287),Drug sensitivity AUC (Sanger GDSC1),-0.022,compound_experiment
UBP-310 (BRD:BRD-K09597601-001-02-9),PRISM Repurposing Public 24Q2,0.022,compound_experiment
Dusquetide (BRD:BRD-K00073831-019-02-9),PRISM Repurposing Public 24Q2,0.022,compound_experiment
evenamide (BRD:BRD-K00004688-001-01-9),PRISM Repurposing Public 24Q2,0.022,compound_experiment
TCS-OX2-29 (BRD:BRD-K29424831-003-01-3),PRISM Repurposing Public 24Q2,0.022,compound_experiment
PF-06751979 (BRD:BRD-K00004598-001-01-9),PRISM Repurposing Public 24Q2,-0.022,compound_experiment
ciluprevir (BRD:BRD-K00004667-001-01-9),PRISM Repurposing Public 24Q2,0.022,compound_experiment
pyrintegrin (BRD:BRD-K94659840-001-02-9),PRISM Repurposing Public 24Q2,-0.022,compound_experiment
TCN238 (BRD:BRD-K77915400-001-01-6),PRISM Repurposing Public 24Q2,-0.022,compound_experiment
Menadiol - QC Failure (BRD:BRD-K00071594-001-01-9 - QC Failure),PRISM Repurposing Public 24Q2,-0.022,compound_experiment
zoledronic-acid (BRD:BRD-K84253429-001-06-9),PRISM Repurposing Public 24Q2,-0.022,compound_experiment
Carcainium (chloride) (BRD:BRD-K00079286-003-02-9),PRISM Repurposing Public 24Q2,0.022,compound_experiment
atenolol-(+) (BRD:BRD-K68075732-001-11-8),PRISM Repurposing Public 24Q2,0.022,compound_experiment
KU-60019 (CTRP:660411),Drug sensitivity AUC (CTD^2),0.022,compound_experiment
austocystin D (CTRP:416775),Drug sensitivity AUC (CTD^2),-0.022,compound_experiment
ercalcitriol (BRD:BRD-K84163249-001-01-9),Drug sensitivity AUC (PRISM Repurposing Secondary Screen),0.022,compound_experiment
ribitol (BRD:BRD-K49313711-001-05-4),Drug sensitivity AUC (PRISM Repurposing Secondary Screen),0.022,compound_experiment
cilostamide (BRD:BRD-K28578425-001-07-0),Drug sensitivity AUC (PRISM Repurposing Secondary Screen),-0.022,compound_experiment
camylofine-chlorhydrate (BRD:BRD-A91733352-300-04-5),Drug sensitivity AUC (PRISM Repurposing Secondary Screen),0.022,compound_experiment
diazooxonorleucine (BRD:BRD-K38458514-001-01-8),Drug sensitivity AUC (PRISM Repurposing Secondary Screen),-0.022,compound_experiment
tropisetron (BRD:BRD-K50866992-003-10-3),Drug sensitivity AUC (PRISM Repurposing Secondary Screen),0.022,compound_experiment
MLN-8054 (BRD:BRD-K83963101-001-06-9),Drug sensitivity AUC (PRISM Repurposing Secondary Screen),0.022,compound_experiment
thiocolchicoside (BRD:BRD-K26619122-001-02-1),Drug sensitivity AUC (PRISM Repurposing Secondary Screen),0.022,compound_experiment
GSK923295 (BRD:BRD-K89015388-001-01-7),Drug sensitivity AUC (PRISM Repurposing Secondary Screen),0.022,compound_experiment
NSC-663284 (BRD:BRD-K03109492-001-02-2),Drug sensitivity AUC (PRISM Repurposing Secondary Screen),-0.022,compound_experiment
palmatine-chloride (BRD:BRD-K58466253-003-14-0),Drug sensitivity AUC (PRISM Repurposing Secondary Screen),-0.022,compound_experiment
pexidartinib (BRD:BRD-K54519451-001-02-9),Drug sensitivity AUC (PRISM Repurposing Secondary Screen),-0.022,compound_experiment
prednisolone-hemisuccinate (BRD:BRD-A78391468-001-02-8),Drug sensitivity AUC (PRISM Repurposing Secondary Screen),0.022,compound_experiment
VX-745 (BRD:BRD-K91900765-001-07-6),Drug sensitivity AUC (PRISM Repurposing Secondary Screen),0.022,compound_experiment
eltrombopag (BRD:BRD-K40496271-396-01-1),Drug sensitivity AUC (PRISM Repurposing Secondary Screen),-0.022,compound_experiment
chlorhexidine (BRD:BRD-K52256627-300-06-6),Drug sensitivity AUC (PRISM Repurposing Secondary Screen),-0.022,compound_experiment
tipifarnib (BRD:BRD-K62965247-001-04-9),Drug sensitivity AUC (PRISM Repurposing Secondary Screen),-0.022,compound_experiment
barasertib-HQPA (BRD:BRD-K63923597-001-10-0),Drug sensitivity AUC (PRISM Repurposing Secondary Screen),-0.022,compound_experiment
methotrexate (BRD:BRD-A55424491-001-19-9),Drug sensitivity AUC (PRISM Repurposing Secondary Screen),0.022,compound_experiment
methacycline (BRD:BRD-A49035384-003-28-9),Drug sensitivity AUC (PRISM Repurposing Secondary Screen),-0.022,compound_experiment
SID-7969543 (BRD:BRD-A43885598-001-08-1),Drug sensitivity AUC (PRISM Repurposing Secondary Screen),-0.022,compound_experiment
PF-06459988 (BRD:BRD-K00003311-001-01-9),PRISM Repurposing Public 24Q2,-0.021,compound_experiment
INCB-057643 (BRD:BRD-K00003102-001-01-9),PRISM Repurposing Public 24Q2,-0.021,compound_experiment
buserelin (BRD:BRD-K00003161-015-01-9),PRISM Repurposing Public 24Q2,0.021,compound_experiment
setmelanotide (BRD:BRD-K00003298-001-01-9),PRISM Repurposing Public 24Q2,-0.021,compound_experiment
TC-H-106 (BRD:BRD-K45044657-001-01-4),PRISM Repurposing Public 24Q2,-0.021,compound_experiment
Dabuzalgron (BRD:BRD-K00073934-001-02-9),PRISM Repurposing Public 24Q2,-0.021,compound_experiment
bisantrene (BRD:BRD-K00003395-001-01-9),PRISM Repurposing Public 24Q2,-0.021,compound_experiment
LY311727 (BRD:BRD-K00004565-001-01-9),PRISM Repurposing Public 24Q2,0.021,compound_experiment
squaric-acid-dibutyl-ester (BRD:BRD-K00004684-001-01-9),PRISM Repurposing Public 24Q2,-0.021,compound_experiment
ZAMI-633 (BRD:BRD-K11984358-001-01-3),PRISM Repurposing Public 24Q2,-0.021,compound_experiment
MKC8866 - QC Failure (BRD:BRD-K00091068-001-01-9 - QC Failure),PRISM Repurposing Public 24Q2,0.021,compound_experiment
nelotanserin (BRD:BRD-K00003466-001-01-9),PRISM Repurposing Public 24Q2,0.021,compound_experiment
A77636 (BRD:BRD-K72226571-003-02-9),PRISM Repurposing Public 24Q2,-0.021,compound_experiment
BMS-911543 (BRD:BRD-K00003189-001-01-9),PRISM Repurposing Public 24Q2,-0.021,compound_experiment
VX-984 (BRD:BRD-K00091070-001-01-9),PRISM Repurposing Public 24Q2,0.021,compound_experiment
antimonyl (BRD:BRD-A74328360-409-02-8),PRISM Repurposing Public 24Q2,-0.021,compound_experiment
Paliperidone palmitate - QC Failure (BRD:BRD-K00090642-001-01-9 - QC Failure),PRISM Repurposing Public 24Q2,-0.021,compound_experiment
fludarabine-phosphate (BRD:BRD-K71106091-001-06-1),Drug sensitivity AUC (PRISM Repurposing Secondary Screen),-0.021,compound_experiment
epothilone-b (BRD:BRD-K68164687-001-01-6),Drug sensitivity AUC (PRISM Repurposing Secondary Screen),0.021,compound_experiment
ER-27319 (BRD:BRD-K11927976-050-02-9),Drug sensitivity AUC (PRISM Repurposing Secondary Screen),-0.021,compound_experiment
SKI-II (BRD:BRD-K20755323-001-05-9),Drug sensitivity AUC (PRISM Repurposing Secondary Screen),-0.021,compound_experiment
ENMD-2076 (BRD:BRD-K68488863-001-04-9),Drug sensitivity AUC (PRISM Repurposing Secondary Screen),0.021,compound_experiment
piretanide (BRD:BRD-K87990216-001-10-2),Drug sensitivity AUC (PRISM Repurposing Secondary Screen),-0.021,compound_experiment
nadide (BRD:BRD-A11132253-001-08-2),Drug sensitivity AUC (PRISM Repurposing Secondary Screen),0.021,compound_experiment
oxymatrine (BRD:BRD-A57833392-001-01-7),Drug sensitivity AUC (PRISM Repurposing Secondary Screen),0.021,compound_experiment
peruvoside (BRD:BRD-A72716251-001-01-5),Drug sensitivity AUC (PRISM Repurposing Secondary Screen),0.021,compound_experiment
zolantidine (BRD:BRD-K08996725-332-01-7),Drug sensitivity AUC (PRISM Repurposing Secondary Screen),-0.021,compound_experiment
amiselimod (BRD:BRD-K00003223-003-01-9),PRISM Repurposing Public 24Q2,0.021,compound_experiment
belotecan (BRD:BRD-K00003160-003-01-9),PRISM Repurposing Public 24Q2,0.021,compound_experiment
SM-164 (BRD:BRD-K06191411-001-02-5),PRISM Repurposing Public 24Q2,0.021,compound_experiment
pirmenol (BRD:BRD-K00003530-003-01-9),PRISM Repurposing Public 24Q2,0.021,compound_experiment
imidurea (BRD:BRD-K00003682-001-01-9),PRISM Repurposing Public 24Q2,0.021,compound_experiment
Petesicatib (BRD:BRD-K00091277-001-01-9),PRISM Repurposing Public 24Q2,0.021,compound_experiment
abiraterone (BRD:BRD-K50071428-001-03-3),Drug sensitivity AUC (PRISM Repurposing Secondary Screen),-0.021,compound_experiment
2-Ethylhexyl 4-(dimethylamino)benzoate (BRD:BRD-A49924714-001-08-9),PRISM Repurposing Public 24Q2,0.021,compound_experiment
deslorelin (BRD:BRD-K00003134-001-01-9),PRISM Repurposing Public 24Q2,0.021,compound_experiment
MIK665 (BRD:BRD-K00005263-001-02-9),PRISM Repurposing Public 24Q2,0.021,compound_experiment
PI-103 (GDSC1:302),Drug sensitivity AUC (Sanger GDSC1),-0.021,compound_experiment
Balovaptan (BRD:BRD-K00091279-001-01-9),PRISM Repurposing Public 24Q2,0.021,compound_experiment
NILOTINIB (GDSC2:1013),Drug sensitivity AUC (Sanger GDSC2),-0.021,compound_experiment
abiraterone (CTRP:660363),Drug sensitivity AUC (CTD^2),0.021,compound_experiment
IPR-456 (CTRP:660084),Drug sensitivity AUC (CTD^2),0.021,compound_experiment
PF-543 (CTRP:660073),Drug sensitivity AUC (CTD^2),0.021,compound_experiment
fingolimod (CTRP:640157),Drug sensitivity AUC (CTD^2),-0.021,compound_experiment
BRD-A05715709 (CTRP:660342),Drug sensitivity AUC (CTD^2),-0.021,compound_experiment
isoevodiamine (CTRP:594664),Drug sensitivity AUC (CTD^2),-0.021,compound_experiment
triazolothiadiazine (CTRP:385240),Drug sensitivity AUC (CTD^2),-0.021,compound_experiment
topotecan (CTRP:44580),Drug sensitivity AUC (CTD^2),-0.021,compound_experiment
tanespimycin:bortezomib (250:1 mol/mol) (CTRP:660221),Drug sensitivity AUC (CTD^2),0.021,compound_experiment
spautin-1 (CTRP:657183),Drug sensitivity AUC (CTD^2),-0.021,compound_experiment
importazole (CTRP:46792),Drug sensitivity AUC (CTD^2),-0.021,compound_experiment
cyproterone-acetate (BRD:BRD-K41141507-001-18-9),PRISM Repurposing Public 24Q2,0.021,compound_experiment
icariin (BRD:BRD-K65639003-001-09-0),Drug sensitivity AUC (PRISM Repurposing Secondary Screen),0.021,compound_experiment
AZD6482 (GDSC2:2169),Drug sensitivity AUC (Sanger GDSC2),0.021,compound_experiment
ELESCLOMOL (GDSC1:1031),Drug sensitivity AUC (Sanger GDSC1),0.021,compound_experiment
AZD6482 (GDSC1:156),Drug sensitivity AUC (Sanger GDSC1),0.021,compound_experiment
AZD6738 (GDSC2:1917),Drug sensitivity AUC (Sanger GDSC2),0.021,compound_experiment
spiradoline (BRD:BRD-K28192623-066-08-1),Drug sensitivity AUC (PRISM Repurposing Secondary Screen),0.021,compound_experiment
NSC-319726 (GDSC1:461),Drug sensitivity AUC (Sanger GDSC1),0.021,compound_experiment
BAY-61-3606 (GDSC1:178),Drug sensitivity AUC (Sanger GDSC1),-0.021,compound_experiment
"AS605240, KIN001-173 (GDSC1:224)",Drug sensitivity AUC (Sanger GDSC1),0.021,compound_experiment
PJ-34 (BRD:BRD-K11853856-001-01-7),Drug sensitivity AUC (PRISM Repurposing Secondary Screen),-0.021,compound_experiment
guanidine (BRD:BRD-K76037122-001-02-5),Drug sensitivity AUC (PRISM Repurposing Secondary Screen),0.021,compound_experiment
tanshinone-i (BRD:BRD-K34073885-001-09-3),Drug sensitivity AUC (PRISM Repurposing Secondary Screen),-0.021,compound_experiment
DVD-111 (BRD:BRD-K22520627-001-01-7),Drug sensitivity AUC (PRISM Repurposing Secondary Screen),-0.02,compound_experiment
proflavine-hemisulfate (BRD:BRD-K68408467-065-01-8),Drug sensitivity AUC (PRISM Repurposing Secondary Screen),-0.02,compound_experiment
idarubicin (BRD:BRD-K69650333-003-14-0),Drug sensitivity AUC (PRISM Repurposing Secondary Screen),-0.02,compound_experiment
bicalutamide (BRD:BRD-A29485665-001-12-8),Drug sensitivity AUC (PRISM Repurposing Secondary Screen),0.02,compound_experiment
cefdinir (BRD:BRD-K15766189-001-09-8),Drug sensitivity AUC (PRISM Repurposing Secondary Screen),0.02,compound_experiment
fexinidazole (BRD:BRD-K37069697-001-01-3),Drug sensitivity AUC (PRISM Repurposing Secondary Screen),0.02,compound_experiment
rimexolone (BRD:BRD-K31627533-001-09-5),Drug sensitivity AUC (PRISM Repurposing Secondary Screen),-0.02,compound_experiment
anlotinib (BRD:BRD-K36949735-001-01-1),Drug sensitivity AUC (PRISM Repurposing Secondary Screen),-0.02,compound_experiment
LOXO-101 (BRD:BRD-K36574127-001-01-3),Drug sensitivity AUC (PRISM Repurposing Secondary Screen),0.02,compound_experiment
avanafil (BRD:BRD-K65781196-001-03-0),Drug sensitivity AUC (PRISM Repurposing Secondary Screen),-0.02,compound_experiment
3-amino-benzamide (BRD:BRD-K08703257-001-12-1),Drug sensitivity AUC (PRISM Repurposing Secondary Screen),0.02,compound_experiment
MEK1-2-inhibitor (BRD:BRD-K12244279-001-05-8),Drug sensitivity AUC (PRISM Repurposing Secondary Screen),-0.02,compound_experiment
LY364947 (BRD:BRD-K06234293-001-04-2),Drug sensitivity AUC (PRISM Repurposing Secondary Screen),0.02,compound_experiment
temozolomide (CTRP:351043),Drug sensitivity AUC (CTD^2),0.02,compound_experiment
BRD1812 (CTRP:418162),Drug sensitivity AUC (CTD^2),-0.02,compound_experiment
TRICHOSTATIN-A (GDSC1:437),Drug sensitivity AUC (Sanger GDSC1),0.02,compound_experiment
BRD8958 (CTRP:418163),Drug sensitivity AUC (CTD^2),-0.02,compound_experiment
CI-976 (CTRP:375390),Drug sensitivity AUC (CTD^2),0.02,compound_experiment
StemRegenin 1 (CTRP:609063),Drug sensitivity AUC (CTD^2),-0.02,compound_experiment
MGCD-265 (CTRP:628622),Drug sensitivity AUC (CTD^2),-0.02,compound_experiment
BRD-K33514849 (CTRP:401251),Drug sensitivity AUC (CTD^2),0.02,compound_experiment
JQ-1:navitoclax (2:1 mol/mol) (CTRP:660252),Drug sensitivity AUC (CTD^2),0.02,compound_experiment
fulvestrant (CTRP:464880),Drug sensitivity AUC (CTD^2),0.02,compound_experiment
KPT185 (CTRP:660935),Drug sensitivity AUC (CTD^2),-0.02,compound_experiment
OLAPARIB (GDSC2:1017),Drug sensitivity AUC (Sanger GDSC2),-0.02,compound_experiment
DACTINOMYCIN (GDSC2:1911),Drug sensitivity AUC (Sanger GDSC2),-0.02,compound_experiment
EPIRUBICIN (GDSC2:1511),Drug sensitivity AUC (Sanger GDSC2),-0.02,compound_experiment
MPS-1-IN-1 (GDSC1:294),Drug sensitivity AUC (Sanger GDSC1),0.02,compound_experiment
PEMETREXED (GDSC1:428),Drug sensitivity AUC (Sanger GDSC1),-0.02,compound_experiment
CAY10603 (GDSC1:276),Drug sensitivity AUC (Sanger GDSC1),-0.02,compound_experiment
"AKT INHIBITOR VIII, KIN001-102 (GDSC1:171)",Drug sensitivity AUC (Sanger GDSC1),-0.02,compound_experiment
GDC-0941 (CTRP:639759),Drug sensitivity AUC (CTD^2),0.02,compound_experiment
TALAZOPARIB (GDSC1:1259),Drug sensitivity AUC (Sanger GDSC1),0.02,compound_experiment
Metarrestin (BRD:BRD-K31606909-001-03-9),PRISM Repurposing Public 24Q2,-0.02,compound_experiment
azapropazone (BRD:BRD-A70182876-001-11-9),PRISM Repurposing Public 24Q2,-0.02,compound_experiment
larazotide-acetate (BRD:BRD-K00003469-015-01-9),PRISM Repurposing Public 24Q2,-0.02,compound_experiment
sameridine (BRD:BRD-K00004552-001-01-9),PRISM Repurposing Public 24Q2,-0.02,compound_experiment
zebularine (BRD:BRD-K87714311-001-05-9),PRISM Repurposing Public 24Q2,0.02,compound_experiment
YS-201 (BRD:BRD-K00004746-001-01-9),PRISM Repurposing Public 24Q2,0.02,compound_experiment
cloperastine-fendizoate (BRD:BRD-K00003529-458-01-9),PRISM Repurposing Public 24Q2,-0.02,compound_experiment
Lonapalene (BRD:BRD-K00076155-001-02-9),PRISM Repurposing Public 24Q2,-0.02,compound_experiment
CYC065 (BRD:BRD-K00003404-001-01-9),PRISM Repurposing Public 24Q2,0.02,compound_experiment
20-HETE (BRD:BRD-K00005345-001-01-9),PRISM Repurposing Public 24Q2,0.02,compound_experiment
macitentan-n-butyl-analogue (BRD:BRD-K00003167-001-01-9),PRISM Repurposing Public 24Q2,-0.02,compound_experiment
3-methyl-GABA (BRD:BRD-K01825682-074-02-9),PRISM Repurposing Public 24Q2,-0.02,compound_experiment
TP-003 (BRD:BRD-K87941707-001-02-9),PRISM Repurposing Public 24Q2,-0.02,compound_experiment
GSK2193874 (BRD:BRD-K90737788-001-02-9),PRISM Repurposing Public 24Q2,-0.02,compound_experiment
gepotidacin (BRD:BRD-K33499285-001-02-9),PRISM Repurposing Public 24Q2,0.02,compound_experiment
E7046 (BRD:BRD-K00003449-001-01-9),PRISM Repurposing Public 24Q2,0.02,compound_experiment
bictegravir (BRD:BRD-K00003247-001-01-9),PRISM Repurposing Public 24Q2,0.02,compound_experiment
abarelix (BRD:BRD-K00003158-001-01-9),PRISM Repurposing Public 24Q2,0.02,compound_experiment
LP-533401 (BRD:BRD-K00004673-001-01-9),PRISM Repurposing Public 24Q2,-0.02,compound_experiment
CHC (BRD:BRD-K60302405-001-04-5),PRISM Repurposing Public 24Q2,-0.02,compound_experiment
AZD8329 (BRD:BRD-K00091077-001-01-9),PRISM Repurposing Public 24Q2,0.02,compound_experiment
PD-118057 (BRD:BRD-K34657753-001-01-9),PRISM Repurposing Public 24Q2,-0.02,compound_experiment
ralinepag (BRD:BRD-K00003227-001-01-9),PRISM Repurposing Public 24Q2,-0.02,compound_experiment
sparsentan (BRD:BRD-K00003253-001-01-9),PRISM Repurposing Public 24Q2,0.02,compound_experiment
PLX51107 (BRD:BRD-K00003099-001-01-9),PRISM Repurposing Public 24Q2,-0.02,compound_experiment
SCH-202676 (BRD:BRD-K29562203-004-12-9),PRISM Repurposing Public 24Q2,0.02,compound_experiment
mitapivat (BRD:BRD-K00003136-001-01-9),PRISM Repurposing Public 24Q2,-0.02,compound_experiment
ectoine (BRD:BRD-K34566599-001-03-9),PRISM Repurposing Public 24Q2,-0.02,compound_experiment
carbaril (BRD:BRD-K54208592-001-10-9),PRISM Repurposing Public 24Q2,-0.02,compound_experiment
INX-08189 (BRD:BRD-K00004752-001-01-9),PRISM Repurposing Public 24Q2,-0.02,compound_experiment
PSI-697 (BRD:BRD-K00003192-001-01-9),PRISM Repurposing Public 24Q2,-0.02,compound_experiment
SU16f (BRD:BRD-K91106808-001-03-9),PRISM Repurposing Public 24Q2,0.02,compound_experiment
NFKB-activation-inhibitor-II (BRD:BRD-K83354763-001-07-9),PRISM Repurposing Public 24Q2,0.02,compound_experiment
PF-06305591 (BRD:BRD-K00004712-001-01-9),PRISM Repurposing Public 24Q2,0.02,compound_experiment
oglufanide (BRD:BRD-K00003164-001-01-9),PRISM Repurposing Public 24Q2,0.02,compound_experiment
docusate (BRD:BRD-A00092689-236-04-9),PRISM Repurposing Public 24Q2,0.02,compound_experiment
alanosine (BRD:BRD-K00004718-001-01-9),PRISM Repurposing Public 24Q2,-0.02,compound_experiment
AZD5069 (BRD:BRD-K00003297-001-01-9),PRISM Repurposing Public 24Q2,-0.02,compound_experiment
DG051 (BRD:BRD-K00003486-003-01-9),PRISM Repurposing Public 24Q2,0.02,compound_experiment
NSC 74859 (CTRP:411734),Drug sensitivity AUC (CTD^2),0.019,compound_experiment
ACY-1215 (BRD:BRD-K82928847-001-04-7),Drug sensitivity AUC (PRISM Repurposing Secondary Screen),-0.019,compound_experiment
PLX-4720 (CTRP:606256),Drug sensitivity AUC (CTD^2),0.019,compound_experiment
Debio-0932 (BRD:BRD-K00003157-001-01-9),PRISM Repurposing Public 24Q2,0.019,compound_experiment
"3,4-DCPG-(R) (BRD:BRD-K06204668-001-03-9)",PRISM Repurposing Public 24Q2,-0.019,compound_experiment
temsirolimus (CTRP:660358),Drug sensitivity AUC (CTD^2),0.019,compound_experiment
imatinib (CTRP:345041),Drug sensitivity AUC (CTD^2),-0.019,compound_experiment
LY-2157299 (CTRP:660431),Drug sensitivity AUC (CTD^2),0.019,compound_experiment
fluvastatin (CTRP:660322),Drug sensitivity AUC (CTD^2),0.019,compound_experiment
AZD9056 (BRD:BRD-K13699028-003-02-9),PRISM Repurposing Public 24Q2,0.019,compound_experiment
deazaguanine (BRD:BRD-K00004562-001-01-9),PRISM Repurposing Public 24Q2,0.019,compound_experiment
E3330 (BRD:BRD-K00004649-001-01-9),PRISM Repurposing Public 24Q2,-0.019,compound_experiment
N-methylformamide (BRD:BRD-K33445938-001-01-8),PRISM Repurposing Public 24Q2,-0.019,compound_experiment
propylene-glycol (BRD:BRD-A19232309-001-08-6),PRISM Repurposing Public 24Q2,0.019,compound_experiment
LMK-235 (BRD:BRD-K49921286-001-02-6),PRISM Repurposing Public 24Q2,-0.019,compound_experiment
SR-II-138A (CTRP:411770),Drug sensitivity AUC (CTD^2),-0.019,compound_experiment
letrozole (BRD:BRD-K88789588-001-14-9),Drug sensitivity AUC (PRISM Repurposing Secondary Screen),0.019,compound_experiment
saxagliptin (BRD:BRD-A81513827-001-03-6),Drug sensitivity AUC (PRISM Repurposing Secondary Screen),0.019,compound_experiment
thioguanine (BRD:BRD-K49350383-001-14-5),Drug sensitivity AUC (PRISM Repurposing Secondary Screen),0.019,compound_experiment
tasisulam (BRD:BRD-K42495768-001-01-7),Drug sensitivity AUC (PRISM Repurposing Secondary Screen),-0.019,compound_experiment
MK-8245 (BRD:BRD-K29656036-001-02-5),Drug sensitivity AUC (PRISM Repurposing Secondary Screen),0.019,compound_experiment
UK-383367 (BRD:BRD-K06294530-001-01-5),Drug sensitivity AUC (PRISM Repurposing Secondary Screen),0.019,compound_experiment
UNBS-5162 (BRD:BRD-K30933884-001-01-0),Drug sensitivity AUC (PRISM Repurposing Secondary Screen),-0.019,compound_experiment
elesclomol (BRD:BRD-K82135108-001-04-3),Drug sensitivity AUC (PRISM Repurposing Secondary Screen),0.019,compound_experiment
navitoclax (BRD:BRD-K82746043-001-19-3),Drug sensitivity AUC (PRISM Repurposing Secondary Screen),0.019,compound_experiment
RS-17053 (BRD:BRD-K76840893-003-02-5),Drug sensitivity AUC (PRISM Repurposing Secondary Screen),-0.019,compound_experiment
VTP-27999 (BRD:BRD-K81694556-003-01-9),Drug sensitivity AUC (PRISM Repurposing Secondary Screen),-0.019,compound_experiment
Burixafor (hydrobromide) (BRD:BRD-K00091136-303-01-9),PRISM Repurposing Public 24Q2,-0.019,compound_experiment
lappaconite (BRD:BRD-A05906449-004-01-1),Drug sensitivity AUC (PRISM Repurposing Secondary Screen),0.019,compound_experiment
chidamide (BRD:BRD-K28537285-001-01-8),Drug sensitivity AUC (PRISM Repurposing Secondary Screen),-0.019,compound_experiment
clocortolone-pivalate (BRD:BRD-K38003476-001-09-1),Drug sensitivity AUC (PRISM Repurposing Secondary Screen),0.019,compound_experiment
DDD107498 (succinate) (BRD:BRD-K17754715-036-03-9),PRISM Repurposing Public 24Q2,-0.019,compound_experiment
ammonium-lactate (BRD:BRD-M29182745-001-01-4),Drug sensitivity AUC (PRISM Repurposing Secondary Screen),-0.019,compound_experiment
latrepirdine (BRD:BRD-K55703048-001-07-7),Drug sensitivity AUC (PRISM Repurposing Secondary Screen),-0.019,compound_experiment
berberine (BRD:BRD-K14796088-003-26-8),Drug sensitivity AUC (PRISM Repurposing Secondary Screen),-0.019,compound_experiment
vanoxerine (BRD:BRD-K32501161-300-06-2),Drug sensitivity AUC (PRISM Repurposing Secondary Screen),0.019,compound_experiment
ispinesib (BRD:BRD-K64881305-001-03-7),Drug sensitivity AUC (PRISM Repurposing Secondary Screen),-0.019,compound_experiment
oxymetazoline (BRD:BRD-K16195444-003-26-0),Drug sensitivity AUC (PRISM Repurposing Secondary Screen),0.019,compound_experiment
PZ-2891 (BRD:BRD-K00005336-001-01-9),PRISM Repurposing Public 24Q2,-0.019,compound_experiment
Vipivotide tetraxetan - QC Failure (BRD:BRD-K00091269-001-01-9 - QC Failure),PRISM Repurposing Public 24Q2,0.019,compound_experiment
zileuton (BRD:BRD-A56359832-001-16-9),PRISM Repurposing Public 24Q2,0.019,compound_experiment
ST-1535 (BRD:BRD-K00004706-001-01-9),PRISM Repurposing Public 24Q2,-0.019,compound_experiment
S-38093 (BRD:BRD-K00003455-001-01-9),PRISM Repurposing Public 24Q2,-0.019,compound_experiment
Tepilamide fumarate (BRD:BRD-K00074843-001-02-9),PRISM Repurposing Public 24Q2,-0.019,compound_experiment
DDR1-IN-1 (BRD:BRD-K61845293-300-03-9),PRISM Repurposing Public 24Q2,-0.019,compound_experiment
ENZASTAURIN (GDSC1:229),Drug sensitivity AUC (Sanger GDSC1),0.019,compound_experiment
PF-4708671 (GDSC1:1129),Drug sensitivity AUC (Sanger GDSC1),-0.019,compound_experiment
CUDC-101 (GDSC1:273),Drug sensitivity AUC (Sanger GDSC1),0.019,compound_experiment
BEXAROTENE (GDSC1:186),Drug sensitivity AUC (Sanger GDSC1),0.019,compound_experiment
EX-527 (GDSC1:341),Drug sensitivity AUC (Sanger GDSC1),-0.019,compound_experiment
CYCLOPAMINE (GDSC1:17),Drug sensitivity AUC (Sanger GDSC1),0.019,compound_experiment
PONATINIB (GDSC1:155),Drug sensitivity AUC (Sanger GDSC1),-0.019,compound_experiment
QL-XII-47 (GDSC1:235),Drug sensitivity AUC (Sanger GDSC1),-0.019,compound_experiment
MG-132 (GDSC1:9),Drug sensitivity AUC (Sanger GDSC1),0.019,compound_experiment
"WEHI-539, WEHI539 (GDSC2:1997)",Drug sensitivity AUC (Sanger GDSC2),0.019,compound_experiment
mandelic-acid (BRD:BRD-A91448670-001-08-9),PRISM Repurposing Public 24Q2,0.019,compound_experiment
NN-DNJ (BRD:BRD-K00004640-001-01-9),PRISM Repurposing Public 24Q2,0.019,compound_experiment
SDZ-220-040 (BRD:BRD-K82266792-001-03-9),PRISM Repurposing Public 24Q2,-0.019,compound_experiment
SJG-136 (BRD:BRD-K00003173-001-01-9),PRISM Repurposing Public 24Q2,-0.019,compound_experiment
aramchol (BRD:BRD-K00004646-001-01-9),PRISM Repurposing Public 24Q2,-0.019,compound_experiment
bevenopran (BRD:BRD-K00004680-001-01-9),PRISM Repurposing Public 24Q2,-0.019,compound_experiment
S55746 (BRD:BRD-K00091090-001-01-9),PRISM Repurposing Public 24Q2,-0.019,compound_experiment
JNJ-5207852 (BRD:BRD-K27889527-001-10-9),PRISM Repurposing Public 24Q2,0.019,compound_experiment
BMS-214662 (BRD:BRD-K00003203-001-01-9),PRISM Repurposing Public 24Q2,-0.019,compound_experiment
RQ-00203078 (BRD:BRD-K87973152-001-02-9),PRISM Repurposing Public 24Q2,-0.019,compound_experiment
AX-024 (BRD:BRD-K00003479-003-01-9),PRISM Repurposing Public 24Q2,0.019,compound_experiment
iclaprim (BRD:BRD-K00003415-001-01-9),PRISM Repurposing Public 24Q2,-0.019,compound_experiment
SEP-363856 (hydrochloride) - QC Failure (BRD:BRD-K00090653-003-01-9 - QC Failure),PRISM Repurposing Public 24Q2,0.019,compound_experiment
CE-245677 (BRD:BRD-K00076620-001-02-9),PRISM Repurposing Public 24Q2,0.019,compound_experiment
NILOTINIB (GDSC1:1013),Drug sensitivity AUC (Sanger GDSC1),-0.018,compound_experiment
GW-2580 (GDSC1:193),Drug sensitivity AUC (Sanger GDSC1),-0.018,compound_experiment
PYRIMETHAMINE (GDSC1:71),Drug sensitivity AUC (Sanger GDSC1),-0.018,compound_experiment
GEFITINIB (GDSC1:1010),Drug sensitivity AUC (Sanger GDSC1),0.018,compound_experiment
SDZ-SER-082 (BRD:BRD-K31339597-051-03-9),PRISM Repurposing Public 24Q2,-0.018,compound_experiment
STAT3-inhibitor-VI (BRD:BRD-K40853697-001-20-5),PRISM Repurposing Public 24Q2,-0.018,compound_experiment
pyrethrins (BRD:BRD-K00010129-001-01-9),PRISM Repurposing Public 24Q2,-0.018,compound_experiment
Spinosad (BRD:BRD-K00080753-001-01-9),PRISM Repurposing Public 24Q2,0.018,compound_experiment
APY-29 (BRD:BRD-K17511755-001-02-9),PRISM Repurposing Public 24Q2,0.018,compound_experiment
A-987306 (BRD:BRD-K68982262-001-02-9),PRISM Repurposing Public 24Q2,-0.018,compound_experiment
PRN1371 (BRD:BRD-K00003430-001-01-9),PRISM Repurposing Public 24Q2,-0.018,compound_experiment
BX-795 (GDSC1:1037),Drug sensitivity AUC (Sanger GDSC1),0.018,compound_experiment
"MNS-(3,4-Methylenedioxy-nitrostyrene) (BRD:BRD-K42205652-001-02-7)",Drug sensitivity AUC (PRISM Repurposing Secondary Screen),0.018,compound_experiment
clobutinol (BRD:BRD-A43809092-003-02-1),Drug sensitivity AUC (PRISM Repurposing Secondary Screen),-0.018,compound_experiment
maxacalcitol (BRD:BRD-K81332461-001-01-4),Drug sensitivity AUC (PRISM Repurposing Secondary Screen),0.018,compound_experiment
nilutamide (BRD:BRD-K23566484-001-15-1),Drug sensitivity AUC (PRISM Repurposing Secondary Screen),-0.018,compound_experiment
tanespimycin (BRD:BRD-K81473043-001-19-5),Drug sensitivity AUC (PRISM Repurposing Secondary Screen),0.018,compound_experiment
telatinib (BRD:BRD-K84564571-001-02-4),Drug sensitivity AUC (PRISM Repurposing Secondary Screen),-0.018,compound_experiment
CID-5458317 (BRD:BRD-A08840375-001-01-3),Drug sensitivity AUC (PRISM Repurposing Secondary Screen),-0.018,compound_experiment
ABT-737 (BRD:BRD-K56301217-001-07-4),Drug sensitivity AUC (PRISM Repurposing Secondary Screen),-0.018,compound_experiment
NVP-BEZ235 (BRD:BRD-K12184916-001-19-6),Drug sensitivity AUC (PRISM Repurposing Secondary Screen),0.018,compound_experiment
amonafide (BRD:BRD-K56334280-001-05-1),Drug sensitivity AUC (PRISM Repurposing Secondary Screen),-0.018,compound_experiment
BIX-01294 (BRD:BRD-K26818574-305-04-3),Drug sensitivity AUC (PRISM Repurposing Secondary Screen),0.018,compound_experiment
phenylbutazone (BRD:BRD-K10843433-001-22-7),Drug sensitivity AUC (PRISM Repurposing Secondary Screen),0.018,compound_experiment
GSK429286A (BRD:BRD-A10523515-001-07-9),Drug sensitivity AUC (PRISM Repurposing Secondary Screen),0.018,compound_experiment
3'-fluorobenzylspiperone (BRD:BRD-K45662124-050-01-5),Drug sensitivity AUC (PRISM Repurposing Secondary Screen),-0.018,compound_experiment
ivermectin (BRD:BRD-K85554912-001-06-3),Drug sensitivity AUC (PRISM Repurposing Secondary Screen),-0.018,compound_experiment
D609 (BRD:BRD-A77118605-237-09-5),PRISM Repurposing Public 24Q2,-0.018,compound_experiment
famotidine (BRD:BRD-K00673382-001-18-9),Drug sensitivity AUC (PRISM Repurposing Secondary Screen),0.018,compound_experiment
CCMI (BRD:BRD-K16338837-001-02-6),Drug sensitivity AUC (PRISM Repurposing Secondary Screen),-0.018,compound_experiment
benzydamine (BRD:BRD-K28542495-003-13-5),Drug sensitivity AUC (PRISM Repurposing Secondary Screen),0.018,compound_experiment
alantolactone (BRD:BRD-K53731810-001-05-9),PRISM Repurposing Public 24Q2,0.018,compound_experiment
bisindolylmaleimide-ix (BRD:BRD-K06543683-066-02-1),Drug sensitivity AUC (PRISM Repurposing Secondary Screen),-0.018,compound_experiment
T-807 (BRD:BRD-K00003402-001-01-9),PRISM Repurposing Public 24Q2,0.018,compound_experiment
Florbetaben - QC Failure (BRD:BRD-K00071591-001-01-9 - QC Failure),PRISM Repurposing Public 24Q2,0.018,compound_experiment
ceftizoxim (BRD:BRD-K04301924-236-03-2),PRISM Repurposing Public 24Q2,0.018,compound_experiment
furvina (BRD:BRD-K00004693-001-01-9),PRISM Repurposing Public 24Q2,0.018,compound_experiment
CBP/p300-IN-4 (BRD:BRD-K00068629-001-02-9),PRISM Repurposing Public 24Q2,-0.018,compound_experiment
delgocitinib (BRD:BRD-K00003500-001-01-9),PRISM Repurposing Public 24Q2,0.018,compound_experiment
ganoderic-acid-a (BRD:BRD-K00003733-001-01-9),PRISM Repurposing Public 24Q2,-0.018,compound_experiment
2-fluorofucose (BRD:BRD-K00004677-001-01-9),PRISM Repurposing Public 24Q2,-0.018,compound_experiment
caroverin (BRD:BRD-K70161083-001-06-9),PRISM Repurposing Public 24Q2,-0.018,compound_experiment
delcasertib (BRD:BRD-K00003468-001-01-9),PRISM Repurposing Public 24Q2,-0.018,compound_experiment
trofosfamide (BRD:BRD-A91386192-001-07-9),PRISM Repurposing Public 24Q2,0.018,compound_experiment
2-Benzyl-4-chlorophenol (BRD:BRD-K83982397-001-06-9),PRISM Repurposing Public 24Q2,0.018,compound_experiment
omadacycline (BRD:BRD-K00003569-003-01-9),PRISM Repurposing Public 24Q2,-0.018,compound_experiment
LY3214996 (BRD:BRD-K00003416-001-01-9),PRISM Repurposing Public 24Q2,0.018,compound_experiment
Pemigatinib (BRD:BRD-K00104124-001-01-9),PRISM Repurposing Public 24Q2,-0.018,compound_experiment
AZD4573 (BRD:BRD-K00003106-001-01-9),PRISM Repurposing Public 24Q2,0.018,compound_experiment
B02 (CTRP:122255),Drug sensitivity AUC (CTD^2),-0.018,compound_experiment
BRD-K13999467 (CTRP:410270),Drug sensitivity AUC (CTD^2),-0.018,compound_experiment
ZSTK474 (CTRP:606144),Drug sensitivity AUC (CTD^2),0.018,compound_experiment
PNU-177864 (BRD:BRD-K04635846-003-02-9),PRISM Repurposing Public 24Q2,0.018,compound_experiment
BEC (CTRP:60679),Drug sensitivity AUC (CTD^2),-0.018,compound_experiment
ASP-6537 (BRD:BRD-K82239282-001-02-9),PRISM Repurposing Public 24Q2,-0.018,compound_experiment
Fluciclovine (BRD:BRD-K00085357-001-01-9),PRISM Repurposing Public 24Q2,0.018,compound_experiment
RU-SKI-43 (BRD:BRD-A33603104-003-02-9),PRISM Repurposing Public 24Q2,-0.018,compound_experiment
Sibofimloc (BRD:BRD-K00090658-001-01-9),PRISM Repurposing Public 24Q2,0.018,compound_experiment
aticaprant (BRD:BRD-K00003342-001-01-9),PRISM Repurposing Public 24Q2,0.018,compound_experiment
ABX464 (BRD:BRD-K00003394-001-01-9),PRISM Repurposing Public 24Q2,-0.018,compound_experiment
DSR-6434 (BRD:BRD-K46384285-001-02-9),PRISM Repurposing Public 24Q2,-0.018,compound_experiment
NP-G2-044 (BRD:BRD-K00090625-001-01-9),PRISM Repurposing Public 24Q2,-0.018,compound_experiment
GSK525762A (CTRP:660245),Drug sensitivity AUC (CTD^2),-0.017,compound_experiment
SC-51089 (BRD:BRD-K62715847-003-02-9),PRISM Repurposing Public 24Q2,0.017,compound_experiment
TEMOZOLOMIDE (GDSC2:1375),Drug sensitivity AUC (Sanger GDSC2),-0.017,compound_experiment
PRN1008 (BRD:BRD-K00004599-001-01-9),PRISM Repurposing Public 24Q2,-0.017,compound_experiment
Compound 23 citrate (CTRP:417451),Drug sensitivity AUC (CTD^2),-0.017,compound_experiment
AUY922 (GDSC1:194),Drug sensitivity AUC (Sanger GDSC1),0.017,compound_experiment
NSC23766 (CTRP:44503),Drug sensitivity AUC (CTD^2),-0.017,compound_experiment
OSI-027 (CTRP:660433),Drug sensitivity AUC (CTD^2),-0.017,compound_experiment
JW-55 (CTRP:682993),Drug sensitivity AUC (CTD^2),0.017,compound_experiment
tandutinib (CTRP:464458),Drug sensitivity AUC (CTD^2),-0.017,compound_experiment
MLN2238 (CTRP:632873),Drug sensitivity AUC (CTD^2),0.017,compound_experiment
JQ-1:vorinostat (2:1 mol/mol) (CTRP:660823),Drug sensitivity AUC (CTD^2),-0.017,compound_experiment
BRD-K78574327 (CTRP:435898),Drug sensitivity AUC (CTD^2),-0.017,compound_experiment
BRD-K96970199 (CTRP:410703),Drug sensitivity AUC (CTD^2),0.017,compound_experiment
THAPSIGARGIN (GDSC1:180),Drug sensitivity AUC (Sanger GDSC1),0.017,compound_experiment
soraprazan (BRD:BRD-K00004585-001-01-9),PRISM Repurposing Public 24Q2,0.017,compound_experiment
TUBASTATIN A (GDSC1:265),Drug sensitivity AUC (Sanger GDSC1),-0.017,compound_experiment
Zandelisib (BRD:BRD-K00093440-001-01-9),PRISM Repurposing Public 24Q2,0.017,compound_experiment
alpha-glucosyl-hesperidin (BRD:BRD-K00005238-001-01-9),PRISM Repurposing Public 24Q2,0.017,compound_experiment
remodelin (BRD:BRD-K75349868-001-03-9),PRISM Repurposing Public 24Q2,-0.017,compound_experiment
K145 (BRD:BRD-K12106308-003-01-9),PRISM Repurposing Public 24Q2,-0.017,compound_experiment
fucoxanthin (BRD:BRD-K00003355-001-01-9),PRISM Repurposing Public 24Q2,-0.017,compound_experiment
SAM-315 (BRD:BRD-K00004553-001-01-9),PRISM Repurposing Public 24Q2,0.017,compound_experiment
GKA-50 (BRD:BRD-K03827870-001-02-9),PRISM Repurposing Public 24Q2,-0.017,compound_experiment
EMD534085 (BRD:BRD-K00003185-001-01-9),PRISM Repurposing Public 24Q2,-0.017,compound_experiment
MRS-1334 (BRD:BRD-A06784547-001-03-9),PRISM Repurposing Public 24Q2,0.017,compound_experiment
MI-14 (BRD:BRD-K26726854-001-02-9),PRISM Repurposing Public 24Q2,0.017,compound_experiment
YM-298198-desmethyl (BRD:BRD-K48059230-003-03-9),PRISM Repurposing Public 24Q2,-0.017,compound_experiment
GSK3179106 (BRD:BRD-K00003373-001-01-9),PRISM Repurposing Public 24Q2,0.017,compound_experiment
Elenbecestat (BRD:BRD-K00091278-001-01-9),PRISM Repurposing Public 24Q2,0.017,compound_experiment
benactyzine (BRD:BRD-K85030058-003-16-9),PRISM Repurposing Public 24Q2,0.017,compound_experiment
cenicriviroc (BRD:BRD-K00003181-001-01-9),PRISM Repurposing Public 24Q2,-0.017,compound_experiment
Polymyxin B nonapeptide (TFA) (BRD:BRD-K00091270-459-01-9),PRISM Repurposing Public 24Q2,0.017,compound_experiment
manitimus (BRD:BRD-K00004729-001-01-9),PRISM Repurposing Public 24Q2,-0.017,compound_experiment
JQ1 (GDSC1:1218),Drug sensitivity AUC (Sanger GDSC1),-0.017,compound_experiment
LY2510924 (BRD:BRD-K00003131-001-01-9),PRISM Repurposing Public 24Q2,0.017,compound_experiment
KU-55933 (GDSC1:1030),Drug sensitivity AUC (Sanger GDSC1),-0.017,compound_experiment
ML298 (BRD:BRD-K24600306-003-02-9),PRISM Repurposing Public 24Q2,0.017,compound_experiment
DQP-1105 (BRD:BRD-A67976398-001-02-9),PRISM Repurposing Public 24Q2,-0.017,compound_experiment
Dauricine - QC Failure (BRD:BRD-K00091134-001-01-9 - QC Failure),PRISM Repurposing Public 24Q2,-0.017,compound_experiment
ketohexokinase-inhibitor-1 (BRD:BRD-K00003341-001-01-9),PRISM Repurposing Public 24Q2,0.017,compound_experiment
citarinostat (BRD:BRD-K00003202-001-01-9),PRISM Repurposing Public 24Q2,0.017,compound_experiment
GSK2256098 (BRD:BRD-K00003379-001-01-9),PRISM Repurposing Public 24Q2,-0.017,compound_experiment
CFI-400945 (BRD:BRD-K27040396-051-02-9),PRISM Repurposing Public 24Q2,0.017,compound_experiment
CPI-444 (BRD:BRD-K00003442-001-01-9),PRISM Repurposing Public 24Q2,0.017,compound_experiment
brincidofovir (BRD:BRD-K00004672-001-01-9),PRISM Repurposing Public 24Q2,-0.017,compound_experiment
elacestrant (BRD:BRD-K00003295-300-01-9),PRISM Repurposing Public 24Q2,0.017,compound_experiment
PD-173212 (BRD:BRD-K04426574-001-03-9),PRISM Repurposing Public 24Q2,0.017,compound_experiment
HTHQ (BRD:BRD-K00003389-001-01-9),PRISM Repurposing Public 24Q2,0.017,compound_experiment
Kojic acid (BRD:BRD-K20878815-001-06-9),PRISM Repurposing Public 24Q2,0.017,compound_experiment
RGX-104 (BRD:BRD-K00004597-001-01-9),PRISM Repurposing Public 24Q2,-0.017,compound_experiment
AMG-397 (BRD:BRD-K00108790-001-01-9),PRISM Repurposing Public 24Q2,-0.017,compound_experiment
triamcinolone-acetonide (BRD:BRD-A92439610-001-05-7),Drug sensitivity AUC (PRISM Repurposing Secondary Screen),0.017,compound_experiment
meloxicam (BRD:BRD-A84174393-236-07-1),Drug sensitivity AUC (PRISM Repurposing Secondary Screen),-0.017,compound_experiment
OSI-930 (BRD:BRD-K25340465-001-11-1),Drug sensitivity AUC (PRISM Repurposing Secondary Screen),-0.017,compound_experiment
brequinar (BRD:BRD-K96123349-236-02-8),Drug sensitivity AUC (PRISM Repurposing Secondary Screen),0.017,compound_experiment
PCI-24781 (BRD:BRD-K12867552-001-04-7),Drug sensitivity AUC (PRISM Repurposing Secondary Screen),-0.017,compound_experiment
fluvastatin (BRD:BRD-K66296774-236-11-3),Drug sensitivity AUC (PRISM Repurposing Secondary Screen),0.017,compound_experiment
PP-121 (BRD:BRD-K81801188-001-02-8),Drug sensitivity AUC (PRISM Repurposing Secondary Screen),0.017,compound_experiment
dichloroacetate (BRD:BRD-M97302542-001-04-4),Drug sensitivity AUC (PRISM Repurposing Secondary Screen),0.017,compound_experiment
cladribine (BRD:BRD-K93034159-001-25-8),Drug sensitivity AUC (PRISM Repurposing Secondary Screen),-0.017,compound_experiment
isoetharine (BRD:BRD-A24587114-066-22-5),Drug sensitivity AUC (PRISM Repurposing Secondary Screen),-0.017,compound_experiment
K-858 (BRD:BRD-A67748489-001-10-0),Drug sensitivity AUC (PRISM Repurposing Secondary Screen),-0.017,compound_experiment
mycophenolate-mofetil (BRD:BRD-K92428153-001-04-4),Drug sensitivity AUC (PRISM Repurposing Secondary Screen),-0.017,compound_experiment
CGP-54626 (BRD:BRD-A74208568-003-01-5),Drug sensitivity AUC (PRISM Repurposing Secondary Screen),0.017,compound_experiment
D-Serine (BRD:BRD-K71822263-001-03-2),Drug sensitivity AUC (PRISM Repurposing Secondary Screen),0.017,compound_experiment
rociletinib (BRD:BRD-K33610132-001-02-9),Drug sensitivity AUC (PRISM Repurposing Secondary Screen),-0.017,compound_experiment
albendazole (BRD:BRD-K79131256-001-17-9),Drug sensitivity AUC (PRISM Repurposing Secondary Screen),-0.017,compound_experiment
metoprolol (BRD:BRD-A03623303-045-09-5),Drug sensitivity AUC (PRISM Repurposing Secondary Screen),0.017,compound_experiment
menadione (BRD:BRD-K78126613-001-28-5),Drug sensitivity AUC (PRISM Repurposing Secondary Screen),-0.017,compound_experiment
nan (BRD:BRD-K01825575-001-03-9),Drug sensitivity AUC (PRISM Repurposing Secondary Screen),0.017,compound_experiment
BAY-11-7082 (BRD:BRD-K15025317-001-15-1),Drug sensitivity AUC (PRISM Repurposing Secondary Screen),-0.017,compound_experiment
sardomozide (BRD:BRD-K00003165-300-01-9),PRISM Repurposing Public 24Q2,0.016,compound_experiment
alpha-methylserotonin (BRD:BRD-K01826806-050-02-9),PRISM Repurposing Public 24Q2,-0.016,compound_experiment
pantoprazole (BRD:BRD-K00003243-236-01-9),PRISM Repurposing Public 24Q2,0.016,compound_experiment
kasugamycin (BRD:BRD-K91644281-311-02-9),PRISM Repurposing Public 24Q2,0.016,compound_experiment
vatinoxan (BRD:BRD-K00003277-003-01-9),PRISM Repurposing Public 24Q2,0.016,compound_experiment
tulrampator (BRD:BRD-K00005240-001-01-9),PRISM Repurposing Public 24Q2,-0.016,compound_experiment
MG-624 (BRD:BRD-K03128577-005-08-9),PRISM Repurposing Public 24Q2,0.016,compound_experiment
PBI-4050 (BRD:BRD-K00003391-236-01-9),PRISM Repurposing Public 24Q2,0.016,compound_experiment
fosnetupitant - QC Failure (BRD:BRD-K00083081-001-01-9 - QC Failure),PRISM Repurposing Public 24Q2,0.016,compound_experiment
dextrorotation-nimorazole-phosphate-ester (BRD:BRD-K00003272-001-01-9),PRISM Repurposing Public 24Q2,-0.016,compound_experiment
fantofarone (BRD:BRD-K00003465-001-01-9),PRISM Repurposing Public 24Q2,-0.016,compound_experiment
CGP-39551 (BRD:BRD-K00004626-001-01-9),PRISM Repurposing Public 24Q2,-0.016,compound_experiment
AVE-3085 (BRD:BRD-K00004734-001-01-9),PRISM Repurposing Public 24Q2,0.016,compound_experiment
GLPG0974 (BRD:BRD-K00078613-001-02-9),PRISM Repurposing Public 24Q2,-0.016,compound_experiment
sancycline (BRD:BRD-K00003242-001-01-9),PRISM Repurposing Public 24Q2,0.016,compound_experiment
betulinic acid (CTRP:23256),Drug sensitivity AUC (CTD^2),0.016,compound_experiment
retagliptin (BRD:BRD-K00003118-011-01-9),PRISM Repurposing Public 24Q2,-0.016,compound_experiment
Rentiapril - QC Failure (BRD:BRD-K00090641-001-01-9 - QC Failure),PRISM Repurposing Public 24Q2,0.016,compound_experiment
sparteine-(+) (BRD:BRD-K38203080-001-01-2),PRISM Repurposing Public 24Q2,-0.016,compound_experiment
BDP-00009066 (GDSC2:1866),Drug sensitivity AUC (Sanger GDSC2),0.016,compound_experiment
PYRIDOSTATIN (GDSC2:2044),Drug sensitivity AUC (Sanger GDSC2),-0.016,compound_experiment
"PICOLINICI-ACID, PICOLINATE (GDSC2:1635)",Drug sensitivity AUC (Sanger GDSC2),0.016,compound_experiment
BRD-K63431240 (CTRP:404566),Drug sensitivity AUC (CTD^2),0.016,compound_experiment
bortezomib (CTRP:411737),Drug sensitivity AUC (CTD^2),0.016,compound_experiment
GW-542573X (BRD:BRD-K36485341-001-02-9),PRISM Repurposing Public 24Q2,-0.016,compound_experiment
bexarotene (CTRP:374747),Drug sensitivity AUC (CTD^2),-0.016,compound_experiment
manumycin A (CTRP:50727),Drug sensitivity AUC (CTD^2),0.016,compound_experiment
BRD1835 (CTRP:404070),Drug sensitivity AUC (CTD^2),0.016,compound_experiment
BRD-K99584050 (CTRP:660140),Drug sensitivity AUC (CTD^2),-0.016,compound_experiment
selumetinib:JQ-1 (4:1 mol/mol) (CTRP:660177),Drug sensitivity AUC (CTD^2),0.016,compound_experiment
SNDX-5613 (BRD:BRD-K00090651-001-01-9),PRISM Repurposing Public 24Q2,-0.016,compound_experiment
ibiglustat (BRD:BRD-K14063023-001-02-9),PRISM Repurposing Public 24Q2,-0.016,compound_experiment
dehydrocholate-acid (BRD:BRD-A11551002-001-04-6),Drug sensitivity AUC (PRISM Repurposing Secondary Screen),-0.016,compound_experiment
VS-4718 (BRD:BRD-K09877029-001-01-2),Drug sensitivity AUC (PRISM Repurposing Secondary Screen),-0.016,compound_experiment
PF-03758309 (BRD:BRD-K37764012-001-04-1),Drug sensitivity AUC (PRISM Repurposing Secondary Screen),0.016,compound_experiment
PD-198306 (BRD:BRD-K88677950-001-03-9),Drug sensitivity AUC (PRISM Repurposing Secondary Screen),0.016,compound_experiment
daclatasvir (BRD:BRD-K82861010-001-02-5),Drug sensitivity AUC (PRISM Repurposing Secondary Screen),0.016,compound_experiment
usniacin-(+) (BRD:BRD-A12417644-001-07-6),Drug sensitivity AUC (PRISM Repurposing Secondary Screen),0.016,compound_experiment
PHA-848125 (BRD:BRD-K60997853-001-02-3),Drug sensitivity AUC (PRISM Repurposing Secondary Screen),0.016,compound_experiment
Y-320 (BRD:BRD-K96259238-001-01-4),Drug sensitivity AUC (PRISM Repurposing Secondary Screen),0.016,compound_experiment
dovitinib (BRD:BRD-K85402309-043-01-9),Drug sensitivity AUC (PRISM Repurposing Secondary Screen),-0.016,compound_experiment
colforsin-daproate (BRD:BRD-K19388745-003-01-7),Drug sensitivity AUC (PRISM Repurposing Secondary Screen),-0.016,compound_experiment
vinflunine (BRD:BRD-K64120610-001-01-4),Drug sensitivity AUC (PRISM Repurposing Secondary Screen),-0.016,compound_experiment
tyrphostin-A9 (BRD:BRD-K40255344-001-17-6),Drug sensitivity AUC (PRISM Repurposing Secondary Screen),0.016,compound_experiment
dolutegravir (BRD:BRD-K36386086-001-01-1),Drug sensitivity AUC (PRISM Repurposing Secondary Screen),-0.016,compound_experiment
practolol (BRD:BRD-A41304429-001-14-8),Drug sensitivity AUC (PRISM Repurposing Secondary Screen),-0.016,compound_experiment
defactinib (BRD:BRD-K43578482-001-01-4),Drug sensitivity AUC (PRISM Repurposing Secondary Screen),0.016,compound_experiment
crizotinib-(S) (BRD:BRD-K40308497-001-01-2),Drug sensitivity AUC (PRISM Repurposing Secondary Screen),0.016,compound_experiment
atiprimod (BRD:BRD-K38527262-300-01-0),Drug sensitivity AUC (PRISM Repurposing Secondary Screen),0.016,compound_experiment
AT-9283 (BRD:BRD-K24576554-001-04-8),Drug sensitivity AUC (PRISM Repurposing Secondary Screen),-0.016,compound_experiment
SKF-96365 (BRD:BRD-A72703248-003-04-9),Drug sensitivity AUC (PRISM Repurposing Secondary Screen),0.016,compound_experiment
amfenac (BRD:BRD-K82122102-323-01-1),Drug sensitivity AUC (PRISM Repurposing Secondary Screen),-0.016,compound_experiment
IC-87114 (GDSC1:236),Drug sensitivity AUC (Sanger GDSC1),0.016,compound_experiment
apatinib (BRD:BRD-K25244359-066-03-4),Drug sensitivity AUC (PRISM Repurposing Secondary Screen),0.016,compound_experiment
GSK269962A (GDSC1:127),Drug sensitivity AUC (Sanger GDSC1),-0.016,compound_experiment
Y-39983 (GDSC1:309),Drug sensitivity AUC (Sanger GDSC1),-0.016,compound_experiment
ALVOCIDIB (GDSC1:432),Drug sensitivity AUC (Sanger GDSC1),0.016,compound_experiment
nan (BRD:BRD-K05804044-001-18-5),Drug sensitivity AUC (PRISM Repurposing Secondary Screen),-0.016,compound_experiment
SRT1720 (BRD:BRD-K95926480-003-03-6),Drug sensitivity AUC (PRISM Repurposing Secondary Screen),-0.016,compound_experiment
estrone (BRD:BRD-K81839095-001-30-1),Drug sensitivity AUC (PRISM Repurposing Secondary Screen),-0.016,compound_experiment
busulfan (BRD:BRD-K23204545-001-16-4),Drug sensitivity AUC (PRISM Repurposing Secondary Screen),0.016,compound_experiment
DG-172 (BRD:BRD-K75748943-300-02-9),PRISM Repurposing Public 24Q2,0.015,compound_experiment
dexmedetomidine (BRD:BRD-K18423410-003-02-5),PRISM Repurposing Public 24Q2,-0.015,compound_experiment
URMC-099 (BRD:BRD-K66908976-001-01-8),PRISM Repurposing Public 24Q2,-0.015,compound_experiment
esomeprazole (BRD:BRD-K61443506-239-03-9),PRISM Repurposing Public 24Q2,-0.015,compound_experiment
Ro-5028442 (BRD:BRD-K00003149-001-01-9),PRISM Repurposing Public 24Q2,-0.015,compound_experiment
UAMC-00039 (BRD:BRD-K38966689-300-02-9),PRISM Repurposing Public 24Q2,0.015,compound_experiment
tolonium (BRD:BRD-K94882685-003-10-0),PRISM Repurposing Public 24Q2,-0.015,compound_experiment
foretinib (CTRP:628607),Drug sensitivity AUC (CTD^2),0.015,compound_experiment
carboplatin:UNC0638 (2:1 mol/mol) (CTRP:660130),Drug sensitivity AUC (CTD^2),-0.015,compound_experiment
sitagliptin (CTRP:58442),Drug sensitivity AUC (CTD^2),0.015,compound_experiment
BRD-K41597374 (CTRP:404452),Drug sensitivity AUC (CTD^2),-0.015,compound_experiment
Gusacitinib (BRD:BRD-K00091102-001-01-9),PRISM Repurposing Public 24Q2,0.015,compound_experiment
CW-008 (BRD:BRD-K84068331-001-02-9),PRISM Repurposing Public 24Q2,0.015,compound_experiment
selumetinib:navitoclax (8:1 mol/mol) (CTRP:660248),Drug sensitivity AUC (CTD^2),0.015,compound_experiment
elocalcitol (CTRP:660319),Drug sensitivity AUC (CTD^2),-0.015,compound_experiment
piperlongumine:MST-312 (1:1 mol/mol) (CTRP:660224),Drug sensitivity AUC (CTD^2),-0.015,compound_experiment
ML312 (CTRP:434195),Drug sensitivity AUC (CTD^2),-0.015,compound_experiment
GSK656 (BRD:BRD-K00003483-003-01-9),PRISM Repurposing Public 24Q2,-0.015,compound_experiment
iCRT-14 (BRD:BRD-K18634484-001-02-9),PRISM Repurposing Public 24Q2,-0.015,compound_experiment
EMBELIN (GDSC1:172),Drug sensitivity AUC (Sanger GDSC1),0.015,compound_experiment
6-diazo-5-oxo-L-norleucine (BRD:BRD-K84924563-001-04-9),PRISM Repurposing Public 24Q2,0.015,compound_experiment
selitrectinib (BRD:BRD-K00003441-001-01-9),PRISM Repurposing Public 24Q2,0.015,compound_experiment
QS11 (GDSC1:151),Drug sensitivity AUC (Sanger GDSC1),0.015,compound_experiment
AZD6482 (GDSC1:1066),Drug sensitivity AUC (Sanger GDSC1),0.015,compound_experiment
T0901317 (GDSC1:333),Drug sensitivity AUC (Sanger GDSC1),-0.015,compound_experiment
VOXTALISIB (GDSC1:375),Drug sensitivity AUC (Sanger GDSC1),0.015,compound_experiment
VISMODEGIB (GDSC1:1033),Drug sensitivity AUC (Sanger GDSC1),0.015,compound_experiment
momelotinib (CTRP:660429),Drug sensitivity AUC (CTD^2),-0.015,compound_experiment
BOS-172722 (BRD:BRD-K00003111-001-01-9),PRISM Repurposing Public 24Q2,0.015,compound_experiment
JNJ-39758979 (BRD:BRD-K00003403-001-01-9),PRISM Repurposing Public 24Q2,-0.015,compound_experiment
madrasin (BRD:BRD-K48905682-001-11-1),PRISM Repurposing Public 24Q2,-0.015,compound_experiment
merbarone (BRD:BRD-K45152786-001-09-9),PRISM Repurposing Public 24Q2,0.015,compound_experiment
dynole-34-2 (BRD:BRD-K23479488-001-02-9),PRISM Repurposing Public 24Q2,-0.015,compound_experiment
pridopidine (BRD:BRD-K00003473-001-01-9),PRISM Repurposing Public 24Q2,0.015,compound_experiment
SB-649868 (BRD:BRD-K00003485-001-01-9),PRISM Repurposing Public 24Q2,0.015,compound_experiment
EPI-001 (BRD:BRD-K00077340-001-02-9),PRISM Repurposing Public 24Q2,-0.015,compound_experiment
PF-06412562 (BRD:BRD-K00004652-001-01-9),PRISM Repurposing Public 24Q2,0.015,compound_experiment
Robenidine - QC Failure (BRD:BRD-K78759563-001-04-9 - QC Failure),PRISM Repurposing Public 24Q2,-0.015,compound_experiment
febuprol (BRD:BRD-K00004566-001-01-9),PRISM Repurposing Public 24Q2,0.015,compound_experiment
R112 (BRD:BRD-K23902832-001-01-7),PRISM Repurposing Public 24Q2,-0.015,compound_experiment
ALECTINIB (GDSC1:281),Drug sensitivity AUC (Sanger GDSC1),0.015,compound_experiment
MIRIN (GDSC2:1048),Drug sensitivity AUC (Sanger GDSC2),0.015,compound_experiment
morantel (BRD:BRD-K71454870-046-01-8),PRISM Repurposing Public 24Q2,0.015,compound_experiment
sofosbuvir-impurity-m (BRD:BRD-K00003527-001-01-9),PRISM Repurposing Public 24Q2,-0.015,compound_experiment
CC-90003 (BRD:BRD-K00003116-001-01-9),PRISM Repurposing Public 24Q2,0.015,compound_experiment
PK-44 (BRD:BRD-K04035716-011-02-9),PRISM Repurposing Public 24Q2,-0.015,compound_experiment
PI-103 (CTRP:411742),Drug sensitivity AUC (CTD^2),-0.015,compound_experiment
EPZ-5676 (GDSC2:1563),Drug sensitivity AUC (Sanger GDSC2),-0.015,compound_experiment
difluprednate (BRD:BRD-K33720171-001-01-0),Drug sensitivity AUC (PRISM Repurposing Secondary Screen),-0.015,compound_experiment
oxyquinoline (BRD:BRD-K66808046-065-03-7),Drug sensitivity AUC (PRISM Repurposing Secondary Screen),0.015,compound_experiment
nan (BRD:BRD-K92723993-001-17-4),Drug sensitivity AUC (PRISM Repurposing Secondary Screen),-0.015,compound_experiment
trapidil (BRD:BRD-K95763993-001-19-3),Drug sensitivity AUC (PRISM Repurposing Secondary Screen),-0.015,compound_experiment
costunolide (BRD:BRD-K26833429-001-02-8),Drug sensitivity AUC (PRISM Repurposing Secondary Screen),-0.015,compound_experiment
ritodrine (BRD:BRD-K14003026-003-09-0),Drug sensitivity AUC (PRISM Repurposing Secondary Screen),0.015,compound_experiment
estradiol-cypionate (BRD:BRD-A91452556-001-04-0),Drug sensitivity AUC (PRISM Repurposing Secondary Screen),0.015,compound_experiment
TG-02 (BRD:BRD-K14560436-001-01-4),Drug sensitivity AUC (PRISM Repurposing Secondary Screen),-0.015,compound_experiment
hesperadin (BRD:BRD-K58122457-001-02-2),Drug sensitivity AUC (PRISM Repurposing Secondary Screen),0.015,compound_experiment
nitarsone (BRD:BRD-K56707426-001-02-0),Drug sensitivity AUC (PRISM Repurposing Secondary Screen),-0.015,compound_experiment
RS-67506 (BRD:BRD-K50018155-003-02-1),Drug sensitivity AUC (PRISM Repurposing Secondary Screen),-0.015,compound_experiment
quinethazone (BRD:BRD-A59303141-001-10-4),Drug sensitivity AUC (PRISM Repurposing Secondary Screen),-0.015,compound_experiment
sodium-glucoheptonate (BRD:BRD-K35952844-236-01-6),Drug sensitivity AUC (PRISM Repurposing Secondary Screen),0.015,compound_experiment
FLI-06 (BRD:BRD-A44500574-001-01-8),Drug sensitivity AUC (PRISM Repurposing Secondary Screen),-0.015,compound_experiment
dronedarone (BRD:BRD-K05524748-003-04-4),Drug sensitivity AUC (PRISM Repurposing Secondary Screen),0.015,compound_experiment
cefpiramide (BRD:BRD-K92872987-001-02-9),Drug sensitivity AUC (PRISM Repurposing Secondary Screen),-0.015,compound_experiment
sodium-stibogluconate (BRD:BRD-A60786380-412-01-5),Drug sensitivity AUC (PRISM Repurposing Secondary Screen),-0.015,compound_experiment
beta-lapachone (BRD:BRD-K28061410-001-06-6),Drug sensitivity AUC (PRISM Repurposing Secondary Screen),-0.015,compound_experiment
irinotecan (BRD:BRD-K08547377-394-03-5),Drug sensitivity AUC (PRISM Repurposing Secondary Screen),-0.014,compound_experiment
merimepodib (BRD:BRD-K09372874-001-01-0),Drug sensitivity AUC (PRISM Repurposing Secondary Screen),-0.014,compound_experiment
Alminoprofen (BRD:BRD-K00073457-001-02-9),PRISM Repurposing Public 24Q2,0.014,compound_experiment
WYE-354 (BRD:BRD-K77008974-001-03-2),Drug sensitivity AUC (PRISM Repurposing Secondary Screen),-0.014,compound_experiment
uric-acid (BRD:BRD-K01295354-001-02-8),Drug sensitivity AUC (PRISM Repurposing Secondary Screen),-0.014,compound_experiment
atipamezole (BRD:BRD-K39252998-003-01-5),Drug sensitivity AUC (PRISM Repurposing Secondary Screen),-0.014,compound_experiment
tryptanthrin (BRD:BRD-K76973696-001-12-6),Drug sensitivity AUC (PRISM Repurposing Secondary Screen),0.014,compound_experiment
HA14-1 (BRD:BRD-K18163608-001-05-6),Drug sensitivity AUC (PRISM Repurposing Secondary Screen),-0.014,compound_experiment
carmustine (BRD:BRD-K36234266-001-09-8),Drug sensitivity AUC (PRISM Repurposing Secondary Screen),0.014,compound_experiment
pterostilbene (BRD:BRD-K53097745-001-01-5),Drug sensitivity AUC (PRISM Repurposing Secondary Screen),0.014,compound_experiment
ABBV-744 (BRD:BRD-K00003108-001-01-9),PRISM Repurposing Public 24Q2,0.014,compound_experiment
GSK1904529A (BRD:BRD-K04833372-001-06-2),Drug sensitivity AUC (PRISM Repurposing Secondary Screen),0.014,compound_experiment
suxibuzone (BRD:BRD-K78815826-001-14-6),Drug sensitivity AUC (PRISM Repurposing Secondary Screen),0.014,compound_experiment
H-151 (BRD:BRD-K00005333-001-01-9),PRISM Repurposing Public 24Q2,-0.014,compound_experiment
ZLN024 (BRD:BRD-K64103579-003-02-9),PRISM Repurposing Public 24Q2,0.014,compound_experiment
5-FLUOROURACIL (GDSC2:1073),Drug sensitivity AUC (Sanger GDSC2),-0.014,compound_experiment
XAV-939 (GDSC2:1268),Drug sensitivity AUC (Sanger GDSC2),0.014,compound_experiment
tyrphostin-AG-1296 (BRD:BRD-K76064317-001-07-3),Drug sensitivity AUC (PRISM Repurposing Secondary Screen),-0.014,compound_experiment
PD-161570 (BRD:BRD-K97152684-001-03-9),PRISM Repurposing Public 24Q2,-0.014,compound_experiment
THK5351 (BRD:BRD-K00003401-001-01-9),PRISM Repurposing Public 24Q2,-0.014,compound_experiment
LY288513 (BRD:BRD-K24675965-001-06-9),PRISM Repurposing Public 24Q2,-0.014,compound_experiment
desidustat (BRD:BRD-K00003452-001-01-9),PRISM Repurposing Public 24Q2,0.014,compound_experiment
napamezole (BRD:BRD-K00004563-001-01-9),PRISM Repurposing Public 24Q2,-0.014,compound_experiment
BRD-A02303741:navitoclax (2:1 mol/mol) (CTRP:660268),Drug sensitivity AUC (CTD^2),-0.014,compound_experiment
PRIMA-1-Met (CTRP:594663),Drug sensitivity AUC (CTD^2),0.014,compound_experiment
WP1130 (CTRP:660432),Drug sensitivity AUC (CTD^2),-0.014,compound_experiment
tretinoin:carboplatin (2:1 mol/mol) (CTRP:660181),Drug sensitivity AUC (CTD^2),0.014,compound_experiment
crizotinib:PLX-4032 (2:1 mol/mol) (CTRP:660857),Drug sensitivity AUC (CTD^2),-0.014,compound_experiment
navitoclax:piperlongumine (1:1 mol/mol) (CTRP:660284),Drug sensitivity AUC (CTD^2),-0.014,compound_experiment
XL765 (CTRP:660304),Drug sensitivity AUC (CTD^2),-0.014,compound_experiment
AZ960 (BRD:BRD-K64888243-001-03-7),Drug sensitivity AUC (PRISM Repurposing Secondary Screen),0.014,compound_experiment
etoposide (BRD:BRD-K37798499-001-27-2),Drug sensitivity AUC (PRISM Repurposing Secondary Screen),-0.014,compound_experiment
dihydromyricetin (BRD:BRD-K01614093-001-02-6),Drug sensitivity AUC (PRISM Repurposing Secondary Screen),-0.014,compound_experiment
idazoxan (BRD:BRD-A18696154-003-22-6),Drug sensitivity AUC (PRISM Repurposing Secondary Screen),0.014,compound_experiment
FERb-033 (BRD:BRD-K61642990-001-01-0),Drug sensitivity AUC (PRISM Repurposing Secondary Screen),-0.014,compound_experiment
fluticasone-propionate (BRD:BRD-K62310379-001-10-5),Drug sensitivity AUC (PRISM Repurposing Secondary Screen),0.014,compound_experiment
alpelisib (BRD:BRD-K54997624-001-06-0),Drug sensitivity AUC (PRISM Repurposing Secondary Screen),-0.014,compound_experiment
naproxen (BRD:BRD-K59197931-001-04-5),Drug sensitivity AUC (PRISM Repurposing Secondary Screen),-0.014,compound_experiment
NVP-BHG712 (BRD:BRD-K79259477-001-04-9),Drug sensitivity AUC (PRISM Repurposing Secondary Screen),-0.014,compound_experiment
lucitanib (BRD:BRD-K31309378-001-01-5),Drug sensitivity AUC (PRISM Repurposing Secondary Screen),0.014,compound_experiment
tirapazamine (BRD:BRD-K92968657-001-01-6),Drug sensitivity AUC (PRISM Repurposing Secondary Screen),0.014,compound_experiment
daidzin (BRD:BRD-K12979078-001-02-9),PRISM Repurposing Public 24Q2,0.014,compound_experiment
vedaprofen (BRD:BRD-K00004714-001-01-9),PRISM Repurposing Public 24Q2,0.014,compound_experiment
LHF-535 (BRD:BRD-K00090654-001-01-9),PRISM Repurposing Public 24Q2,-0.014,compound_experiment
Imrecoxib (BRD:BRD-K00074641-001-02-9),PRISM Repurposing Public 24Q2,0.014,compound_experiment
"CP-105,696 (BRD:BRD-K00004654-001-01-9)",PRISM Repurposing Public 24Q2,0.014,compound_experiment
gefapixant (BRD:BRD-K00004589-001-01-9),PRISM Repurposing Public 24Q2,-0.014,compound_experiment
SJ-733 (BRD:BRD-K34798115-001-02-9),PRISM Repurposing Public 24Q2,-0.014,compound_experiment
SGC-707 (BRD:BRD-K86718786-001-03-9),PRISM Repurposing Public 24Q2,-0.014,compound_experiment
JW-642 (BRD:BRD-K48424871-001-04-9),PRISM Repurposing Public 24Q2,-0.014,compound_experiment
PF-750 (BRD:BRD-K83213911-001-08-9),PRISM Repurposing Public 24Q2,0.014,compound_experiment
PF-8380 (BRD:BRD-K50865540-001-02-3),PRISM Repurposing Public 24Q2,-0.014,compound_experiment
vadadustat (BRD:BRD-K00003407-001-01-9),PRISM Repurposing Public 24Q2,0.014,compound_experiment
atropine-oxide (BRD:BRD-K00004526-001-01-9),PRISM Repurposing Public 24Q2,-0.014,compound_experiment
thiotepa (BRD:BRD-K09631521-001-12-3),Drug sensitivity AUC (PRISM Repurposing Secondary Screen),-0.014,compound_experiment
centhaquin (BRD:BRD-K00004619-001-01-9),PRISM Repurposing Public 24Q2,-0.014,compound_experiment
adomeglivant (BRD:BRD-K00003302-001-01-9),PRISM Repurposing Public 24Q2,0.014,compound_experiment
avapritinib (BRD:BRD-K00003419-001-01-9),PRISM Repurposing Public 24Q2,-0.014,compound_experiment
ombitasvir (BRD:BRD-K11072003-001-02-4),PRISM Repurposing Public 24Q2,0.014,compound_experiment
veralipride (BRD:BRD-K00003433-001-01-9),PRISM Repurposing Public 24Q2,0.014,compound_experiment
ALISERTIB (GDSC1:431),Drug sensitivity AUC (Sanger GDSC1),0.014,compound_experiment
NPS-2407 (BRD:BRD-K00004686-001-01-9),PRISM Repurposing Public 24Q2,-0.014,compound_experiment
cardionogen-1 (BRD:BRD-K50905564-001-08-9),PRISM Repurposing Public 24Q2,-0.014,compound_experiment
ASTX660 (BRD:BRD-K00003508-001-01-9),PRISM Repurposing Public 24Q2,0.014,compound_experiment
JNJ-64619178 (BRD:BRD-K30421675-001-04-9),PRISM Repurposing Public 24Q2,0.014,compound_experiment
NVP-BEZ235 (GDSC1:1057),Drug sensitivity AUC (Sanger GDSC1),-0.014,compound_experiment
PD-184352 (GDSC1:1015),Drug sensitivity AUC (Sanger GDSC1),-0.014,compound_experiment
AR-12 (GDSC1:167),Drug sensitivity AUC (Sanger GDSC1),0.014,compound_experiment
megestrol (BRD:BRD-K00004691-001-01-9),PRISM Repurposing Public 24Q2,0.014,compound_experiment
A-438079 (BRD:BRD-K13223831-003-02-9),PRISM Repurposing Public 24Q2,-0.014,compound_experiment
Nevanimibe hydrochloride (BRD:BRD-K00091091-003-01-9),PRISM Repurposing Public 24Q2,0.014,compound_experiment
VU0360172 (BRD:BRD-K83649660-003-04-9),PRISM Repurposing Public 24Q2,0.013,compound_experiment
PCO-400 (BRD:BRD-K52721684-001-04-8),PRISM Repurposing Public 24Q2,-0.013,compound_experiment
A-1120 (BRD:BRD-K59060513-001-02-5),PRISM Repurposing Public 24Q2,-0.013,compound_experiment
incyclinide (BRD:BRD-K00003344-001-01-9),PRISM Repurposing Public 24Q2,-0.013,compound_experiment
lintopride (BRD:BRD-K00004744-001-01-9),PRISM Repurposing Public 24Q2,-0.013,compound_experiment
ilomastat (BRD:BRD-K51662849-001-08-8),Drug sensitivity AUC (PRISM Repurposing Secondary Screen),-0.013,compound_experiment
sonepiprazole (BRD:BRD-K69857269-001-03-9),PRISM Repurposing Public 24Q2,-0.013,compound_experiment
gimeracil (BRD:BRD-K35687421-001-02-5),Drug sensitivity AUC (PRISM Repurposing Secondary Screen),-0.013,compound_experiment
UK-356618 (BRD:BRD-K57011718-001-01-5),PRISM Repurposing Public 24Q2,-0.013,compound_experiment
emodepside (BRD:BRD-K00003414-001-01-9),PRISM Repurposing Public 24Q2,0.013,compound_experiment
mivebresib (BRD:BRD-K00003356-001-01-9),PRISM Repurposing Public 24Q2,0.013,compound_experiment
MSDC-0160 (BRD:BRD-K00003381-001-01-9),PRISM Repurposing Public 24Q2,-0.013,compound_experiment
Tildipirosin (BRD:BRD-K00073880-001-02-9),PRISM Repurposing Public 24Q2,0.013,compound_experiment
mangafodipir (BRD:BRD-K57365211-314-03-9),PRISM Repurposing Public 24Q2,0.013,compound_experiment
E-2001 (BRD:BRD-K00004561-001-01-9),PRISM Repurposing Public 24Q2,0.013,compound_experiment
etifoxine (BRD:BRD-K01826330-001-01-9),PRISM Repurposing Public 24Q2,-0.013,compound_experiment
flumatinib (BRD:BRD-K68870568-066-01-5),Drug sensitivity AUC (PRISM Repurposing Secondary Screen),-0.013,compound_experiment
amcasertib (BRD:BRD-K00003244-001-01-9),PRISM Repurposing Public 24Q2,-0.013,compound_experiment
triamcinolone-hexacetonide (BRD:BRD-K00003338-001-01-9),PRISM Repurposing Public 24Q2,-0.013,compound_experiment
ZM-447439 (GDSC1:1050),Drug sensitivity AUC (Sanger GDSC1),-0.013,compound_experiment
GSK1059615 (GDSC1:374),Drug sensitivity AUC (Sanger GDSC1),-0.013,compound_experiment
GW 441756 (GDSC1:1023),Drug sensitivity AUC (Sanger GDSC1),-0.013,compound_experiment
PANOBINOSTAT (GDSC1:438),Drug sensitivity AUC (Sanger GDSC1),0.013,compound_experiment
Imepitoin (BRD:BRD-K43055376-001-04-9),PRISM Repurposing Public 24Q2,-0.013,compound_experiment
pipofezine (BRD:BRD-K00003317-312-01-9),PRISM Repurposing Public 24Q2,-0.013,compound_experiment
nelarabine (BRD:BRD-K84466663-001-05-4),Drug sensitivity AUC (PRISM Repurposing Secondary Screen),0.013,compound_experiment
nemonapride (BRD:BRD-M80207679-001-01-5),Drug sensitivity AUC (PRISM Repurposing Secondary Screen),-0.013,compound_experiment
lorazepam (BRD:BRD-A11990600-001-03-4),Drug sensitivity AUC (PRISM Repurposing Secondary Screen),0.013,compound_experiment
KD025 (BRD:BRD-K88506063-001-01-8),Drug sensitivity AUC (PRISM Repurposing Secondary Screen),-0.013,compound_experiment
5-fluorouracil (BRD:BRD-K24844714-001-24-5),Drug sensitivity AUC (PRISM Repurposing Secondary Screen),-0.013,compound_experiment
KI-16425 (BRD:BRD-A25569250-001-03-3),Drug sensitivity AUC (PRISM Repurposing Secondary Screen),-0.013,compound_experiment
PRT062607 (GDSC2:1631),Drug sensitivity AUC (Sanger GDSC2),-0.013,compound_experiment
PD-0325901 (GDSC2:1060),Drug sensitivity AUC (Sanger GDSC2),0.013,compound_experiment
tacalcitol (BRD:BRD-K73237276-001-01-0),Drug sensitivity AUC (PRISM Repurposing Secondary Screen),0.013,compound_experiment
LE-135 (BRD:BRD-K06593056-001-04-8),Drug sensitivity AUC (PRISM Repurposing Secondary Screen),0.013,compound_experiment
fondaparinux (BRD:BRD-K00003513-363-01-9),PRISM Repurposing Public 24Q2,0.013,compound_experiment
tazemetostat (BRD:BRD-K11215326-001-03-7),Drug sensitivity AUC (PRISM Repurposing Secondary Screen),0.013,compound_experiment
UNC0631 (BRD:BRD-K13060017-001-01-3),Drug sensitivity AUC (PRISM Repurposing Secondary Screen),-0.013,compound_experiment
PFK-015 (BRD:BRD-K95573441-001-01-2),Drug sensitivity AUC (PRISM Repurposing Secondary Screen),0.013,compound_experiment
gamma-aminobutyric-acid (BRD:BRD-K77245796-003-01-6),Drug sensitivity AUC (PRISM Repurposing Secondary Screen),0.013,compound_experiment
foscarnet (BRD:BRD-K85146014-314-05-4),Drug sensitivity AUC (PRISM Repurposing Secondary Screen),0.013,compound_experiment
stemregenin-1 (BRD:BRD-K36739687-001-03-0),Drug sensitivity AUC (PRISM Repurposing Secondary Screen),0.013,compound_experiment
AVL-292 (BRD:BRD-K87782578-001-01-4),Drug sensitivity AUC (PRISM Repurposing Secondary Screen),-0.013,compound_experiment
triapine (BRD:BRD-K01669786-001-02-2),Drug sensitivity AUC (PRISM Repurposing Secondary Screen),-0.013,compound_experiment
anisomycin (BRD:BRD-K91370081-001-25-1),Drug sensitivity AUC (PRISM Repurposing Secondary Screen),-0.013,compound_experiment
dimethisoquin (BRD:BRD-K73391359-003-10-2),Drug sensitivity AUC (PRISM Repurposing Secondary Screen),-0.013,compound_experiment
BIRB-796 (CTRP:660412),Drug sensitivity AUC (CTD^2),-0.013,compound_experiment
salvinorin-a (BRD:BRD-K19284129-001-02-6),Drug sensitivity AUC (PRISM Repurposing Secondary Screen),0.013,compound_experiment
octenidine (BRD:BRD-K04568635-300-01-4),Drug sensitivity AUC (PRISM Repurposing Secondary Screen),-0.013,compound_experiment
BMS-707035 (BRD:BRD-K49555808-001-03-9),Drug sensitivity AUC (PRISM Repurposing Secondary Screen),-0.013,compound_experiment
ajmaline (BRD:BRD-A48300215-001-04-8),Drug sensitivity AUC (PRISM Repurposing Secondary Screen),0.013,compound_experiment
mibefradil (BRD:BRD-K09549677-300-03-4),Drug sensitivity AUC (PRISM Repurposing Secondary Screen),0.013,compound_experiment
GSK2126458 (BRD:BRD-K07972848-001-02-0),Drug sensitivity AUC (PRISM Repurposing Secondary Screen),0.013,compound_experiment
bardoxolone (BRD:BRD-K20545304-001-01-6),Drug sensitivity AUC (PRISM Repurposing Secondary Screen),-0.013,compound_experiment
ELX-02 (disulfate) - QC Failure (BRD:BRD-K00090652-315-01-9 - QC Failure),PRISM Repurposing Public 24Q2,0.013,compound_experiment
CCT036477 (CTRP:417663),Drug sensitivity AUC (CTD^2),-0.013,compound_experiment
ocaperidone (BRD:BRD-K00003399-001-01-9),PRISM Repurposing Public 24Q2,0.013,compound_experiment
dihydrexidine (BRD:BRD-K31471398-003-06-9),PRISM Repurposing Public 24Q2,-0.013,compound_experiment
Ansofaxine hydrochloride (BRD:BRD-K00075778-003-02-9),PRISM Repurposing Public 24Q2,0.013,compound_experiment
telavancin (BRD:BRD-K00085355-001-01-9),PRISM Repurposing Public 24Q2,0.013,compound_experiment
AQ-13 (BRD:BRD-K00003365-300-01-9),PRISM Repurposing Public 24Q2,0.013,compound_experiment
Rupintrivir (BRD:BRD-K00075060-001-02-9),PRISM Repurposing Public 24Q2,-0.013,compound_experiment
4-DAMP (BRD:BRD-K29313239-005-10-9),PRISM Repurposing Public 24Q2,0.013,compound_experiment
transcrocetinate (BRD:BRD-K00003217-304-01-9),PRISM Repurposing Public 24Q2,0.013,compound_experiment
cabazitaxel (BRD:BRD-K06858286-001-01-3),Drug sensitivity AUC (PRISM Repurposing Secondary Screen),0.013,compound_experiment
4-Isothiocyanato-4'-nitrodiphenyl ether - QC Failure (BRD:BRD-K00089572-001-01-9 - QC Failure),PRISM Repurposing Public 24Q2,-0.013,compound_experiment
NSC30930 (CTRP:182395),Drug sensitivity AUC (CTD^2),0.013,compound_experiment
SAR125844 (BRD:BRD-K00078317-001-02-9),PRISM Repurposing Public 24Q2,-0.013,compound_experiment
BRD-K27986637 (CTRP:452570),Drug sensitivity AUC (CTD^2),-0.013,compound_experiment
quizartinib (CTRP:640011),Drug sensitivity AUC (CTD^2),0.013,compound_experiment
BRD-K55116708 (CTRP:444779),Drug sensitivity AUC (CTD^2),-0.013,compound_experiment
SNX-2112 (CTRP:362338),Drug sensitivity AUC (CTD^2),-0.013,compound_experiment
NVP-ADW742 (CTRP:660287),Drug sensitivity AUC (CTD^2),0.013,compound_experiment
BRD6340 (CTRP:12877),Drug sensitivity AUC (CTD^2),0.013,compound_experiment
ZM-447439 (BRD:BRD-K72703948-001-10-1),Drug sensitivity AUC (PRISM Repurposing Secondary Screen),-0.013,compound_experiment
RN-1734 (BRD:BRD-K95581532-001-01-5),Drug sensitivity AUC (PRISM Repurposing Secondary Screen),-0.013,compound_experiment
navitoclax (CTRP:362342),Drug sensitivity AUC (CTD^2),-0.013,compound_experiment
epothilone-a (BRD:BRD-K71823332-001-03-7),Drug sensitivity AUC (PRISM Repurposing Secondary Screen),0.013,compound_experiment
epiandrosterone (BRD:BRD-K42756753-001-01-9),Drug sensitivity AUC (PRISM Repurposing Secondary Screen),0.013,compound_experiment
PF-3758309 (CTRP:687953),Drug sensitivity AUC (CTD^2),0.013,compound_experiment
tretinoin (BRD:BRD-K71879491-001-51-5),PRISM Repurposing Public 24Q2,0.013,compound_experiment
indisulam (CTRP:411874),Drug sensitivity AUC (CTD^2),-0.013,compound_experiment
I-BET151 (CTRP:660206),Drug sensitivity AUC (CTD^2),0.013,compound_experiment
PF-4800567 hydrochloride (CTRP:688962),Drug sensitivity AUC (CTD^2),-0.012,compound_experiment
4BP-TQS (BRD:BRD-A18598741-001-02-9),PRISM Repurposing Public 24Q2,0.012,compound_experiment
estradiol-3-O-sulfamate (BRD:BRD-K00004741-001-01-9),PRISM Repurposing Public 24Q2,0.012,compound_experiment
monomethyl-fumarate (BRD:BRD-K00004695-001-01-9),PRISM Repurposing Public 24Q2,-0.012,compound_experiment
NS-1643 (BRD:BRD-K73738482-001-01-7),PRISM Repurposing Public 24Q2,0.012,compound_experiment
polymyxin-B-sulfate (BRD:BRD-A08641215-065-05-5),PRISM Repurposing Public 24Q2,0.012,compound_experiment
CFI-402257 (BRD:BRD-K00003409-001-01-9),PRISM Repurposing Public 24Q2,0.012,compound_experiment
ATB-346 (BRD:BRD-A52551912-001-02-9),PRISM Repurposing Public 24Q2,-0.012,compound_experiment
JI-101 (BRD:BRD-K00003209-001-01-9),PRISM Repurposing Public 24Q2,0.012,compound_experiment
sincalide (BRD:BRD-K00003334-001-01-9),PRISM Repurposing Public 24Q2,0.012,compound_experiment
sitaxentan (BRD:BRD-K63806092-236-06-9),PRISM Repurposing Public 24Q2,-0.012,compound_experiment
olumacostat-glasaretil (BRD:BRD-K00004611-001-01-9),PRISM Repurposing Public 24Q2,-0.012,compound_experiment
BT-11 (BRD:BRD-K00003444-001-01-9),PRISM Repurposing Public 24Q2,-0.012,compound_experiment
anthraquinone (BRD:BRD-K15957397-001-05-9),PRISM Repurposing Public 24Q2,0.012,compound_experiment
BMS-207940 (BRD:BRD-K00004634-001-01-9),PRISM Repurposing Public 24Q2,-0.012,compound_experiment
SU9516 (BRD:BRD-K94883909-001-17-7),PRISM Repurposing Public 24Q2,0.012,compound_experiment
NPC-26 (CTRP:609058),Drug sensitivity AUC (CTD^2),-0.012,compound_experiment
PF-05175157 (BRD:BRD-K00002423-001-02-9),PRISM Repurposing Public 24Q2,-0.012,compound_experiment
brefeldin A (CTRP:411714),Drug sensitivity AUC (CTD^2),-0.012,compound_experiment
pindolol-(-) (BRD:BRD-K95598440-001-10-9),PRISM Repurposing Public 24Q2,-0.012,compound_experiment
PF-06928215 (BRD:BRD-K00005326-001-01-9),PRISM Repurposing Public 24Q2,0.012,compound_experiment
omapatrilat (BRD:BRD-K00003265-001-01-9),PRISM Repurposing Public 24Q2,0.012,compound_experiment
FLT3-IN-1 (BRD:BRD-K00003510-001-01-9),PRISM Repurposing Public 24Q2,0.012,compound_experiment
BMS-536924 (GDSC1:1091),Drug sensitivity AUC (Sanger GDSC1),-0.012,compound_experiment
QL-XI-92 (GDSC1:329),Drug sensitivity AUC (Sanger GDSC1),0.012,compound_experiment
BRD-K17060750 (CTRP:600054),Drug sensitivity AUC (CTD^2),0.012,compound_experiment
barasertib (CTRP:601923),Drug sensitivity AUC (CTD^2),-0.012,compound_experiment
BMS-986158 (BRD:BRD-K00003423-001-01-9),PRISM Repurposing Public 24Q2,0.012,compound_experiment
tretinoin (CTRP:23151),Drug sensitivity AUC (CTD^2),0.012,compound_experiment
ibrutinib (CTRP:660994),Drug sensitivity AUC (CTD^2),0.012,compound_experiment
Macimorelin (BRD:BRD-K00071596-019-01-9),PRISM Repurposing Public 24Q2,-0.012,compound_experiment
BRD-K09587429 (CTRP:416842),Drug sensitivity AUC (CTD^2),-0.012,compound_experiment
velaresol (BRD:BRD-K00004580-001-01-9),PRISM Repurposing Public 24Q2,0.012,compound_experiment
DU-728 (BRD:BRD-K08859203-001-01-9),Drug sensitivity AUC (PRISM Repurposing Secondary Screen),-0.012,compound_experiment
K-Ras(G12C)-inhibitor-6 (BRD:BRD-K26305185-001-02-1),Drug sensitivity AUC (PRISM Repurposing Secondary Screen),-0.012,compound_experiment
SNS-314 (BRD:BRD-K71512533-066-02-8),Drug sensitivity AUC (PRISM Repurposing Secondary Screen),0.012,compound_experiment
fenbendazole (BRD:BRD-K51318897-001-15-3),Drug sensitivity AUC (PRISM Repurposing Secondary Screen),-0.012,compound_experiment
JNJ-16259685 (BRD:BRD-K25596805-001-01-8),Drug sensitivity AUC (PRISM Repurposing Secondary Screen),-0.012,compound_experiment
parthenolide (BRD:BRD-K98548675-001-05-9),Drug sensitivity AUC (PRISM Repurposing Secondary Screen),0.012,compound_experiment
cetylpyridinium (BRD:BRD-K87700323-003-05-1),Drug sensitivity AUC (PRISM Repurposing Secondary Screen),0.012,compound_experiment
ethinyl-estradiol (BRD:BRD-K48195008-001-19-9),Drug sensitivity AUC (PRISM Repurposing Secondary Screen),-0.012,compound_experiment
acetylsalicylsalicylic-acid (BRD:BRD-K46585355-001-14-3),Drug sensitivity AUC (PRISM Repurposing Secondary Screen),-0.012,compound_experiment
almorexant (BRD:BRD-K84810405-003-01-1),Drug sensitivity AUC (PRISM Repurposing Secondary Screen),0.012,compound_experiment
erteberel (BRD:BRD-K80608265-001-01-6),Drug sensitivity AUC (PRISM Repurposing Secondary Screen),-0.012,compound_experiment
olaparib (BRD:BRD-K02113016-001-19-6),Drug sensitivity AUC (PRISM Repurposing Secondary Screen),-0.012,compound_experiment
demecarium (BRD:BRD-K51471001-303-04-7),Drug sensitivity AUC (PRISM Repurposing Secondary Screen),-0.012,compound_experiment
aztreonam (BRD:BRD-K62607865-001-09-7),Drug sensitivity AUC (PRISM Repurposing Secondary Screen),-0.012,compound_experiment
CNX-774 (BRD:BRD-K48443249-001-01-0),Drug sensitivity AUC (PRISM Repurposing Secondary Screen),-0.012,compound_experiment
NELARABINE (GDSC2:1814),Drug sensitivity AUC (Sanger GDSC2),0.012,compound_experiment
ciclopirox (BRD:BRD-K13044802-213-20-7),Drug sensitivity AUC (PRISM Repurposing Secondary Screen),0.012,compound_experiment
CCT128930 (BRD:BRD-K76406695-001-02-9),Drug sensitivity AUC (PRISM Repurposing Secondary Screen),0.012,compound_experiment
"GNE-317, GNE317, GNE 317 (GDSC2:1926)",Drug sensitivity AUC (Sanger GDSC2),0.012,compound_experiment
proscillaridin-a (BRD:BRD-A11815689-001-01-1),Drug sensitivity AUC (PRISM Repurposing Secondary Screen),0.012,compound_experiment
indiplon (BRD:BRD-K90948141-001-01-4),Drug sensitivity AUC (PRISM Repurposing Secondary Screen),0.012,compound_experiment
paclitaxel (BRD:BRD-K62008436-001-22-1),Drug sensitivity AUC (PRISM Repurposing Secondary Screen),0.012,compound_experiment
etoposide-phosphate (BRD:BRD-K72533376-001-01-2),Drug sensitivity AUC (PRISM Repurposing Secondary Screen),-0.012,compound_experiment
GGTI-298 (BRD:BRD-K19669037-001-01-1),Drug sensitivity AUC (PRISM Repurposing Secondary Screen),-0.012,compound_experiment
levocetirizine (BRD:BRD-K27184429-300-01-3),Drug sensitivity AUC (PRISM Repurposing Secondary Screen),-0.012,compound_experiment
brilliant-green (BRD:BRD-K60348325-065-09-9),Drug sensitivity AUC (PRISM Repurposing Secondary Screen),-0.012,compound_experiment
dacinostat (BRD:BRD-K56957086-001-06-3),Drug sensitivity AUC (PRISM Repurposing Secondary Screen),-0.012,compound_experiment
MIRA-1 (GDSC2:1931),Drug sensitivity AUC (Sanger GDSC2),-0.012,compound_experiment
cot-inhibitor-2 (BRD:BRD-K49468759-001-04-2),PRISM Repurposing Public 24Q2,-0.011,compound_experiment
Adriforant (hydrochloride) (BRD:BRD-K00075632-305-02-9),PRISM Repurposing Public 24Q2,-0.011,compound_experiment
Sarolaner (BRD:BRD-K00084848-001-01-9),PRISM Repurposing Public 24Q2,0.011,compound_experiment
fezolinetant (BRD:BRD-K00003287-001-01-9),PRISM Repurposing Public 24Q2,0.011,compound_experiment
AZ7550 (BRD:BRD-K00003515-003-01-9),PRISM Repurposing Public 24Q2,0.011,compound_experiment
Decoglurant (BRD:BRD-K00079087-001-02-9),PRISM Repurposing Public 24Q2,-0.011,compound_experiment
Molnupiravir - QC Failure (BRD:BRD-K00090621-001-01-9 - QC Failure),PRISM Repurposing Public 24Q2,0.011,compound_experiment
sodium-nitroprusside (BRD:BRD-K00003606-380-01-9),PRISM Repurposing Public 24Q2,0.011,compound_experiment
vecabrutinib (BRD:BRD-K00003503-001-01-9),PRISM Repurposing Public 24Q2,-0.011,compound_experiment
BEBT-908 (BRD:BRD-K00003291-001-01-9),PRISM Repurposing Public 24Q2,-0.011,compound_experiment
CH55 (BRD:BRD-K71487808-001-02-8),PRISM Repurposing Public 24Q2,-0.011,compound_experiment
nuvenzepine (BRD:BRD-K00004743-001-01-9),PRISM Repurposing Public 24Q2,0.011,compound_experiment
dilmapimod (BRD:BRD-K00003459-001-01-9),PRISM Repurposing Public 24Q2,0.011,compound_experiment
cenobamate (BRD:BRD-K00003249-001-01-9),PRISM Repurposing Public 24Q2,0.011,compound_experiment
allicin (BRD:BRD-A60402836-001-01-0),PRISM Repurposing Public 24Q2,-0.011,compound_experiment
Fosifloxuridine nafalbenamide - QC Failure (BRD:BRD-K00091115-001-01-9 - QC Failure),PRISM Repurposing Public 24Q2,0.011,compound_experiment
sacubitrilat (BRD:BRD-K00003252-001-01-9),PRISM Repurposing Public 24Q2,-0.011,compound_experiment
Sigma-2 receptor antagonist 1 - QC Failure (BRD:BRD-K00090623-001-01-9 - QC Failure),PRISM Repurposing Public 24Q2,-0.011,compound_experiment
GNE-477 (BRD:BRD-K12609995-001-02-9),PRISM Repurposing Public 24Q2,-0.011,compound_experiment
T-025 (BRD:BRD-K16605796-001-01-9),PRISM Repurposing Public 24Q2,-0.011,compound_experiment
tecadenoson (BRD:BRD-K00003289-001-01-9),PRISM Repurposing Public 24Q2,0.011,compound_experiment
avadomide (BRD:BRD-A88644406-001-02-9),PRISM Repurposing Public 24Q2,0.011,compound_experiment
IPI549 (BRD:BRD-K00003385-001-01-9),PRISM Repurposing Public 24Q2,0.011,compound_experiment
PF 03716556 (BRD:BRD-K00091129-001-01-9),PRISM Repurposing Public 24Q2,0.011,compound_experiment
PF-06650833 (BRD:BRD-K00003296-001-01-9),PRISM Repurposing Public 24Q2,-0.011,compound_experiment
FH-535 (BRD:BRD-K48112880-001-04-9),PRISM Repurposing Public 24Q2,0.011,compound_experiment
ozenoxacin (BRD:BRD-K00003184-001-01-9),PRISM Repurposing Public 24Q2,0.011,compound_experiment
amisulpride (BRD:BRD-A60197193-001-14-6),Drug sensitivity AUC (PRISM Repurposing Secondary Screen),-0.011,compound_experiment
riodoxol (BRD:BRD-K48963429-001-01-9),PRISM Repurposing Public 24Q2,-0.011,compound_experiment
ML218 (BRD:BRD-K92995792-003-03-9),PRISM Repurposing Public 24Q2,-0.011,compound_experiment
SBI-115 (BRD:BRD-K00005340-001-01-9),PRISM Repurposing Public 24Q2,0.011,compound_experiment
BMS-906024 (BRD:BRD-K29343434-001-02-9),PRISM Repurposing Public 24Q2,0.011,compound_experiment
Tipepidine (hydrochloride) (BRD:BRD-K00075727-003-02-9),PRISM Repurposing Public 24Q2,0.011,compound_experiment
verdinexor (BRD:BRD-K00004674-001-01-9),PRISM Repurposing Public 24Q2,0.011,compound_experiment
perfluorohexyloctane (BRD:BRD-K00004546-001-01-9),PRISM Repurposing Public 24Q2,-0.011,compound_experiment
SD-2590 (BRD:BRD-K51102532-003-02-9),PRISM Repurposing Public 24Q2,-0.011,compound_experiment
AZD0156 (BRD:BRD-K69555850-001-02-9),PRISM Repurposing Public 24Q2,0.011,compound_experiment
fluralaner (BRD:BRD-K00003239-001-01-9),PRISM Repurposing Public 24Q2,-0.011,compound_experiment
EIPA (BRD:BRD-K88120876-001-10-9),PRISM Repurposing Public 24Q2,0.011,compound_experiment
pipobroman (BRD:BRD-K15656090-001-07-3),PRISM Repurposing Public 24Q2,0.011,compound_experiment
pemetrexed (BRD:BRD-K32842773-380-01-3),Drug sensitivity AUC (PRISM Repurposing Secondary Screen),0.011,compound_experiment
Merck60 (CTRP:61674),Drug sensitivity AUC (CTD^2),-0.011,compound_experiment
napabucasin (BRD:BRD-K22064724-001-01-8),Drug sensitivity AUC (PRISM Repurposing Secondary Screen),0.011,compound_experiment
piperine (BRD:BRD-K59522102-001-14-6),Drug sensitivity AUC (PRISM Repurposing Secondary Screen),-0.011,compound_experiment
GDC-0980 (BRD:BRD-K23228615-001-02-8),Drug sensitivity AUC (PRISM Repurposing Secondary Screen),-0.011,compound_experiment
lidamidine (BRD:BRD-K68693535-001-03-4),Drug sensitivity AUC (PRISM Repurposing Secondary Screen),-0.011,compound_experiment
trovafloxacin (BRD:BRD-K00494077-066-01-9),Drug sensitivity AUC (PRISM Repurposing Secondary Screen),-0.011,compound_experiment
evodiamine (BRD:BRD-A68631409-001-05-4),Drug sensitivity AUC (PRISM Repurposing Secondary Screen),0.011,compound_experiment
SC-144 (BRD:BRD-K55305701-001-01-2),Drug sensitivity AUC (PRISM Repurposing Secondary Screen),-0.011,compound_experiment
tecastemizole (BRD:BRD-K48195801-001-01-6),Drug sensitivity AUC (PRISM Repurposing Secondary Screen),-0.011,compound_experiment
colistin-b-sulfate (BRD:BRD-A36456202-001-01-3),Drug sensitivity AUC (PRISM Repurposing Secondary Screen),0.011,compound_experiment
triptolide (CTRP:411720),Drug sensitivity AUC (CTD^2),-0.011,compound_experiment
PHA-680632 (BRD:BRD-K09443272-001-03-3),Drug sensitivity AUC (PRISM Repurposing Secondary Screen),-0.011,compound_experiment
PIK-93 (CTRP:660774),Drug sensitivity AUC (CTD^2),0.011,compound_experiment
obatoclax (CTRP:606142),Drug sensitivity AUC (CTD^2),0.011,compound_experiment
AZD6482 (CTRP:639390),Drug sensitivity AUC (CTD^2),0.011,compound_experiment
KW-2449 (CTRP:660413),Drug sensitivity AUC (CTD^2),0.011,compound_experiment
BRD-K50799972 (CTRP:596868),Drug sensitivity AUC (CTD^2),0.011,compound_experiment
PF-573228 (CTRP:660075),Drug sensitivity AUC (CTD^2),-0.011,compound_experiment
thiram (BRD:BRD-K29254801-001-14-7),Drug sensitivity AUC (PRISM Repurposing Secondary Screen),-0.011,compound_experiment
cinnarazine (BRD:BRD-K07220430-001-18-4),Drug sensitivity AUC (PRISM Repurposing Secondary Screen),-0.011,compound_experiment
kenpaullone (BRD:BRD-K37312348-001-15-0),Drug sensitivity AUC (PRISM Repurposing Secondary Screen),-0.011,compound_experiment
XMD13-2 (GDSC1:330),Drug sensitivity AUC (Sanger GDSC1),0.011,compound_experiment
etofylline-clofibrate (BRD:BRD-K49840922-001-05-1),Drug sensitivity AUC (PRISM Repurposing Secondary Screen),-0.011,compound_experiment
meclizine (BRD:BRD-A50311610-300-10-4),Drug sensitivity AUC (PRISM Repurposing Secondary Screen),0.011,compound_experiment
vorinostat (BRD:BRD-K81418486-001-44-2),Drug sensitivity AUC (PRISM Repurposing Secondary Screen),0.011,compound_experiment
IKK-16 (BRD:BRD-K14618467-001-04-6),Drug sensitivity AUC (PRISM Repurposing Secondary Screen),0.011,compound_experiment
protirelin (BRD:BRD-A16997652-001-02-3),Drug sensitivity AUC (PRISM Repurposing Secondary Screen),0.011,compound_experiment
RUXOLITINIB (GDSC1:206),Drug sensitivity AUC (Sanger GDSC1),-0.011,compound_experiment
etomoxir (BRD:BRD-K32405725-001-02-8),Drug sensitivity AUC (PRISM Repurposing Secondary Screen),-0.011,compound_experiment
MITOMYCIN-C (GDSC1:136),Drug sensitivity AUC (Sanger GDSC1),-0.011,compound_experiment
DOXORUBICIN (GDSC1:133),Drug sensitivity AUC (Sanger GDSC1),-0.011,compound_experiment
MIRIN (GDSC1:1048),Drug sensitivity AUC (Sanger GDSC1),0.011,compound_experiment
AVAGACESTAT (GDSC1:205),Drug sensitivity AUC (Sanger GDSC1),0.011,compound_experiment
sertindole (BRD:BRD-K69116396-001-04-1),Drug sensitivity AUC (PRISM Repurposing Secondary Screen),0.011,compound_experiment
PD-184352 (BRD:BRD-K05104363-001-10-0),Drug sensitivity AUC (PRISM Repurposing Secondary Screen),-0.011,compound_experiment
LAPATINIB (GDSC2:1558),Drug sensitivity AUC (Sanger GDSC2),-0.011,compound_experiment
CEDIRANIB (GDSC2:1922),Drug sensitivity AUC (Sanger GDSC2),0.011,compound_experiment
tyloxapol (BRD:BRD-U25960968-000-01-9),Drug sensitivity AUC (PRISM Repurposing Secondary Screen),-0.011,compound_experiment
entinostat (BRD:BRD-K77908580-001-09-6),Drug sensitivity AUC (PRISM Repurposing Secondary Screen),-0.011,compound_experiment
allopurinol-riboside (BRD:BRD-K00004728-001-01-9),PRISM Repurposing Public 24Q2,-0.01,compound_experiment
fevipiprant (BRD:BRD-K00003232-001-01-9),PRISM Repurposing Public 24Q2,-0.01,compound_experiment
AC-261066 (BRD:BRD-K31144453-001-03-9),PRISM Repurposing Public 24Q2,-0.01,compound_experiment
levamlodipine (BRD:BRD-K00005329-074-01-9),PRISM Repurposing Public 24Q2,-0.01,compound_experiment
lylamine (BRD:BRD-K62289640-003-05-9),PRISM Repurposing Public 24Q2,-0.01,compound_experiment
IDH-305 (BRD:BRD-K00003457-001-01-9),PRISM Repurposing Public 24Q2,0.01,compound_experiment
voclosporin (BRD:BRD-K00003472-001-01-9),PRISM Repurposing Public 24Q2,0.01,compound_experiment
BAY-1251152 (BRD:BRD-K00003533-001-01-9),PRISM Repurposing Public 24Q2,-0.01,compound_experiment
veledimex (BRD:BRD-K00003235-001-01-9),PRISM Repurposing Public 24Q2,-0.01,compound_experiment
cefiderocol (BRD:BRD-K00003257-001-01-9),PRISM Repurposing Public 24Q2,-0.01,compound_experiment
tinazoline (BRD:BRD-K00004663-001-01-9),PRISM Repurposing Public 24Q2,-0.01,compound_experiment
SX-682 (BRD:BRD-K00091103-001-01-9),PRISM Repurposing Public 24Q2,-0.01,compound_experiment
udenafil (BRD:BRD-K00003266-001-01-9),PRISM Repurposing Public 24Q2,0.01,compound_experiment
pocapavir (BRD:BRD-K00003464-001-01-9),PRISM Repurposing Public 24Q2,0.01,compound_experiment
PCO371 (BRD:BRD-K00079290-001-02-9),PRISM Repurposing Public 24Q2,0.01,compound_experiment
TAK-779 (BRD:BRD-K00003155-003-01-9),PRISM Repurposing Public 24Q2,0.01,compound_experiment
thiotepa (BRD:BRD-K09631521-001-12-3),PRISM Repurposing Public 24Q2,-0.01,compound_experiment
NVP-TNKS656 (BRD:BRD-K87454346-001-01-1),PRISM Repurposing Public 24Q2,0.01,compound_experiment
leniolisib (BRD:BRD-K00003261-001-01-9),PRISM Repurposing Public 24Q2,0.01,compound_experiment
octodrine (BRD:BRD-A37873789-003-02-9),PRISM Repurposing Public 24Q2,-0.01,compound_experiment
Ilorasertib (BRD:BRD-K00077460-001-02-9),PRISM Repurposing Public 24Q2,0.01,compound_experiment
MK-1903 (BRD:BRD-K00004660-001-01-9),PRISM Repurposing Public 24Q2,-0.01,compound_experiment
acoziborole (BRD:BRD-K00003303-001-01-9),PRISM Repurposing Public 24Q2,-0.01,compound_experiment
LTA4H-IN-1 (BRD:BRD-K00091132-001-01-9),PRISM Repurposing Public 24Q2,-0.01,compound_experiment
isoquercitrin (BRD:BRD-K73991644-001-07-9),PRISM Repurposing Public 24Q2,-0.01,compound_experiment
cadazolid (BRD:BRD-K00003370-001-01-9),PRISM Repurposing Public 24Q2,0.01,compound_experiment
AZD 4017 (BRD:BRD-K00074831-001-02-9),PRISM Repurposing Public 24Q2,0.01,compound_experiment
FK-409 (BRD:BRD-K00005243-001-01-9),PRISM Repurposing Public 24Q2,-0.01,compound_experiment
AMI-1 (BRD:BRD-K75114721-304-02-6),PRISM Repurposing Public 24Q2,0.01,compound_experiment
eravacycline (BRD:BRD-K00003240-300-01-9),PRISM Repurposing Public 24Q2,-0.01,compound_experiment
QUIZARTINIB (GDSC1:254),Drug sensitivity AUC (Sanger GDSC1),-0.01,compound_experiment
GDC-0879 (CTRP:606248),Drug sensitivity AUC (CTD^2),-0.01,compound_experiment
GENENTECH CPD 10 (GDSC1:225),Drug sensitivity AUC (Sanger GDSC1),-0.01,compound_experiment
carboplatin (BRD:BRD-K90947825-001-02-7),Drug sensitivity AUC (PRISM Repurposing Secondary Screen),-0.01,compound_experiment
torin-2 (BRD:BRD-K68174511-001-06-6),Drug sensitivity AUC (PRISM Repurposing Secondary Screen),-0.01,compound_experiment
benzyldimethylhexadecylammonium (BRD:BRD-K23403298-003-01-9),Drug sensitivity AUC (PRISM Repurposing Secondary Screen),0.01,compound_experiment
Ro-106-9920 (BRD:BRD-A53134341-001-03-2),Drug sensitivity AUC (PRISM Repurposing Secondary Screen),0.01,compound_experiment
azilsartan (BRD:BRD-K81074237-001-02-3),Drug sensitivity AUC (PRISM Repurposing Secondary Screen),0.01,compound_experiment
"2,3-DCPE (BRD:BRD-K61734568-003-02-1)",Drug sensitivity AUC (PRISM Repurposing Secondary Screen),-0.01,compound_experiment
bortezomib (BRD:BRD-K88510285-001-11-1),Drug sensitivity AUC (PRISM Repurposing Secondary Screen),0.01,compound_experiment
Y-27632 (BRD:BRD-K44084986-300-08-4),Drug sensitivity AUC (PRISM Repurposing Secondary Screen),-0.01,compound_experiment
UH-232-(+) (BRD:BRD-K66715657-050-01-0),Drug sensitivity AUC (PRISM Repurposing Secondary Screen),-0.01,compound_experiment
CGP-37849 (BRD:BRD-A90272038-001-01-7),Drug sensitivity AUC (PRISM Repurposing Secondary Screen),-0.01,compound_experiment
CS-110266 (BRD:BRD-K15519488-050-01-3),Drug sensitivity AUC (PRISM Repurposing Secondary Screen),-0.01,compound_experiment
TAME (BRD:BRD-K72231366-001-02-3),Drug sensitivity AUC (PRISM Repurposing Secondary Screen),0.01,compound_experiment
buthionine-sulfoximine (BRD:BRD-A47706533-001-02-6),Drug sensitivity AUC (PRISM Repurposing Secondary Screen),-0.01,compound_experiment
caffeic-acid-phenethyl-ester (BRD:BRD-K96188950-001-16-9),Drug sensitivity AUC (PRISM Repurposing Secondary Screen),-0.01,compound_experiment
AZD4547 (CTRP:660325),Drug sensitivity AUC (CTD^2),-0.01,compound_experiment
681640 (GDSC1:1046),Drug sensitivity AUC (Sanger GDSC1),0.01,compound_experiment
VX-11E (GDSC1:262),Drug sensitivity AUC (Sanger GDSC1),-0.01,compound_experiment
resminostat (BRD:BRD-K28822270-001-03-7),Drug sensitivity AUC (PRISM Repurposing Secondary Screen),-0.01,compound_experiment
istradefylline (BRD:BRD-K87774949-001-03-9),Drug sensitivity AUC (PRISM Repurposing Secondary Screen),0.01,compound_experiment
homoharringtonine (BRD:BRD-K76674262-001-03-3),Drug sensitivity AUC (PRISM Repurposing Secondary Screen),0.01,compound_experiment
AMG900 (BRD:BRD-K21728777-001-02-3),Drug sensitivity AUC (PRISM Repurposing Secondary Screen),0.01,compound_experiment
KU-0063794 (CTRP:606363),Drug sensitivity AUC (CTD^2),-0.01,compound_experiment
necrostatin-1 (CTRP:375435),Drug sensitivity AUC (CTD^2),-0.01,compound_experiment
erastin (CTRP:63578),Drug sensitivity AUC (CTD^2),0.01,compound_experiment
TG-100-115 (CTRP:606470),Drug sensitivity AUC (CTD^2),0.01,compound_experiment
pitstop2 (CTRP:660985),Drug sensitivity AUC (CTD^2),0.01,compound_experiment
sunitinib (CTRP:374750),Drug sensitivity AUC (CTD^2),0.01,compound_experiment
mebendazole (BRD:BRD-K77987382-001-13-2),Drug sensitivity AUC (PRISM Repurposing Secondary Screen),-0.01,compound_experiment
fosbretabulin (BRD:BRD-K06814349-304-02-7),Drug sensitivity AUC (PRISM Repurposing Secondary Screen),0.01,compound_experiment
KD-023 (BRD:BRD-K71164191-001-01-0),Drug sensitivity AUC (PRISM Repurposing Secondary Screen),-0.01,compound_experiment
clotrimazole (BRD:BRD-K15916496-001-27-9),Drug sensitivity AUC (PRISM Repurposing Secondary Screen),0.01,compound_experiment
eprosartan (BRD:BRD-K67977190-066-02-3),Drug sensitivity AUC (PRISM Repurposing Secondary Screen),-0.01,compound_experiment
ADL5859 (BRD:BRD-K39624409-003-02-6),Drug sensitivity AUC (PRISM Repurposing Secondary Screen),0.01,compound_experiment
enzalutamide (BRD:BRD-K56851771-001-06-8),Drug sensitivity AUC (PRISM Repurposing Secondary Screen),0.01,compound_experiment
ketoconazole (BRD:BRD-A38350138-001-04-9),Drug sensitivity AUC (PRISM Repurposing Secondary Screen),0.01,compound_experiment
AZD6482 (BRD:BRD-K58772419-001-07-0),Drug sensitivity AUC (PRISM Repurposing Secondary Screen),-0.01,compound_experiment
ivosidenib (BRD:BRD-K93073858-001-01-1),Drug sensitivity AUC (PRISM Repurposing Secondary Screen),0.01,compound_experiment
TAK-715 (GDSC1:221),Drug sensitivity AUC (Sanger GDSC1),-0.01,compound_experiment
OLAPARIB (GDSC1:1017),Drug sensitivity AUC (Sanger GDSC1),-0.01,compound_experiment
ML334 diastereomer (CTRP:654278),Drug sensitivity AUC (CTD^2),-0.01,compound_experiment
OBATOCLAX (GDSC2:1068),Drug sensitivity AUC (Sanger GDSC2),0.01,compound_experiment
TAMOXIFEN (GDSC2:1199),Drug sensitivity AUC (Sanger GDSC2),-0.01,compound_experiment
AT7867 (GDSC1:356),Drug sensitivity AUC (Sanger GDSC1),-0.009,compound_experiment
levcromakalim (BRD:BRD-K24526313-001-17-7),PRISM Repurposing Public 24Q2,0.009,compound_experiment
RV1729 (BRD:BRD-K00004579-001-01-9),PRISM Repurposing Public 24Q2,-0.009,compound_experiment
catharanthine (BRD:BRD-K92377961-001-03-7),PRISM Repurposing Public 24Q2,-0.009,compound_experiment
GSK2881078 (BRD:BRD-K97656802-001-02-9),PRISM Repurposing Public 24Q2,-0.009,compound_experiment
VBY-825 (BRD:BRD-K36338614-001-02-1),PRISM Repurposing Public 24Q2,0.009,compound_experiment
guadecitabine (BRD:BRD-K00003187-236-01-9),PRISM Repurposing Public 24Q2,0.009,compound_experiment
GSK2981278 (BRD:BRD-K00003292-001-01-9),PRISM Repurposing Public 24Q2,0.009,compound_experiment
Arbutamine - QC Failure (BRD:BRD-K00077818-003-02-9 - QC Failure),PRISM Repurposing Public 24Q2,0.009,compound_experiment
TEN-010 (BRD:BRD-K00005242-001-01-9),PRISM Repurposing Public 24Q2,-0.009,compound_experiment
lifitegrast (BRD:BRD-K60265345-001-02-9),PRISM Repurposing Public 24Q2,0.009,compound_experiment
JNJ-47965567 (BRD:BRD-K83547600-001-02-9),PRISM Repurposing Public 24Q2,-0.009,compound_experiment
YIL-781 (BRD:BRD-K91403886-003-02-9),PRISM Repurposing Public 24Q2,0.009,compound_experiment
CA-4948 (BRD:BRD-K00003511-001-01-9),PRISM Repurposing Public 24Q2,0.009,compound_experiment
BAY1217389 (BRD:BRD-K00003143-001-01-9),PRISM Repurposing Public 24Q2,0.009,compound_experiment
trimebutine (BRD:BRD-A92630576-050-24-1),Drug sensitivity AUC (PRISM Repurposing Secondary Screen),0.009,compound_experiment
LSZ-102 (BRD:BRD-K00004675-001-01-9),PRISM Repurposing Public 24Q2,0.009,compound_experiment
emeramide (BRD:BRD-K00003226-001-01-9),PRISM Repurposing Public 24Q2,-0.009,compound_experiment
PRL-3 inhibitor I (CTRP:411727),Drug sensitivity AUC (CTD^2),-0.009,compound_experiment
florifenine (BRD:BRD-K00004567-001-01-9),PRISM Repurposing Public 24Q2,-0.009,compound_experiment
AZ-7371 (BRD:BRD-K14661019-001-02-9),PRISM Repurposing Public 24Q2,0.009,compound_experiment
crenigacestat (BRD:BRD-K00003129-001-01-9),PRISM Repurposing Public 24Q2,0.009,compound_experiment
{3-[(aminocarbonyl)amino]-2-methoxypropyl}(chloro) - QC Failure (BRD:BRD-K00089573-003-01-9 - QC Failure),PRISM Repurposing Public 24Q2,-0.009,compound_experiment
LGK-974 (GDSC1:573),Drug sensitivity AUC (Sanger GDSC1),0.009,compound_experiment
"ACETALAX, OXYPHENISATIN ACETATE (GDSC2:1804)",Drug sensitivity AUC (Sanger GDSC2),-0.009,compound_experiment
squalamine (BRD:BRD-K00003215-043-01-9),PRISM Repurposing Public 24Q2,0.009,compound_experiment
tapinarof (BRD:BRD-K00003498-001-01-9),PRISM Repurposing Public 24Q2,-0.009,compound_experiment
tafluprost (BRD:BRD-K65059905-001-02-9),PRISM Repurposing Public 24Q2,0.009,compound_experiment
sparteine-(-) (BRD:BRD-K86872788-065-01-5),PRISM Repurposing Public 24Q2,0.009,compound_experiment
roblitinib (BRD:BRD-K00003424-001-01-9),PRISM Repurposing Public 24Q2,-0.009,compound_experiment
NBI-98782 (BRD:BRD-K15241725-001-02-9),PRISM Repurposing Public 24Q2,0.009,compound_experiment
tigecycline (CTRP:659993),Drug sensitivity AUC (CTD^2),-0.009,compound_experiment
betamethasone-phosphate (BRD:BRD-K00005349-304-01-9),PRISM Repurposing Public 24Q2,-0.009,compound_experiment
DIM-C-pPhCO2Me (BRD:BRD-K00005337-001-01-9),PRISM Repurposing Public 24Q2,0.009,compound_experiment
PF-05089771 (BRD:BRD-K00003145-001-01-9),PRISM Repurposing Public 24Q2,0.009,compound_experiment
bromebric-acid (BRD:BRD-K17874929-236-02-0),PRISM Repurposing Public 24Q2,0.009,compound_experiment
apyramide (BRD:BRD-K00004738-001-01-9),PRISM Repurposing Public 24Q2,-0.009,compound_experiment
AZ 628 (BRD:BRD-K05804044-001-18-5),PRISM Repurposing Public 24Q2,-0.009,compound_experiment
PF-04885614 (BRD:BRD-K92435527-001-03-9),PRISM Repurposing Public 24Q2,0.009,compound_experiment
BRD-K42260513 (CTRP:687715),Drug sensitivity AUC (CTD^2),0.009,compound_experiment
tetrahydropapaverine (BRD:BRD-A91831168-003-02-5),Drug sensitivity AUC (PRISM Repurposing Secondary Screen),0.009,compound_experiment
curcumin (CTRP:28452),Drug sensitivity AUC (CTD^2),-0.009,compound_experiment
filgotinib (BRD:BRD-K16803204-001-01-6),Drug sensitivity AUC (PRISM Repurposing Secondary Screen),0.009,compound_experiment
golvatinib (BRD:BRD-K69001009-001-02-8),Drug sensitivity AUC (PRISM Repurposing Secondary Screen),0.009,compound_experiment
AZD4547 (BRD:BRD-K28392481-001-05-1),Drug sensitivity AUC (PRISM Repurposing Secondary Screen),-0.009,compound_experiment
astemizole (BRD:BRD-K37249724-001-25-7),Drug sensitivity AUC (PRISM Repurposing Secondary Screen),-0.009,compound_experiment
spermine (BRD:BRD-K18375018-376-02-3),Drug sensitivity AUC (PRISM Repurposing Secondary Screen),-0.009,compound_experiment
triamcinolone (BRD:BRD-K77554836-001-11-6),Drug sensitivity AUC (PRISM Repurposing Secondary Screen),-0.009,compound_experiment
clofibrate (BRD:BRD-K45252063-001-13-6),Drug sensitivity AUC (PRISM Repurposing Secondary Screen),-0.009,compound_experiment
GSK650394 (BRD:BRD-K14991967-001-02-6),Drug sensitivity AUC (PRISM Repurposing Secondary Screen),0.009,compound_experiment
butamben (BRD:BRD-K27217864-001-22-3),Drug sensitivity AUC (PRISM Repurposing Secondary Screen),-0.009,compound_experiment
mozavaptan (BRD:BRD-A31095847-001-02-3),Drug sensitivity AUC (PRISM Repurposing Secondary Screen),-0.009,compound_experiment
lasalocid (BRD:BRD-A72711497-236-03-8),Drug sensitivity AUC (PRISM Repurposing Secondary Screen),0.009,compound_experiment
birinapant (BRD:BRD-K71221037-001-01-6),Drug sensitivity AUC (PRISM Repurposing Secondary Screen),-0.009,compound_experiment
cyromazine (BRD:BRD-K36711084-001-02-0),Drug sensitivity AUC (PRISM Repurposing Secondary Screen),-0.009,compound_experiment
PQ-401 (BRD:BRD-K67537649-001-04-5),Drug sensitivity AUC (PRISM Repurposing Secondary Screen),-0.009,compound_experiment
ginkgolide-a (BRD:BRD-A95121829-001-08-9),Drug sensitivity AUC (PRISM Repurposing Secondary Screen),-0.009,compound_experiment
beta-naphthol (BRD:BRD-K21164796-001-02-8),Drug sensitivity AUC (PRISM Repurposing Secondary Screen),0.009,compound_experiment
josamycin (BRD:BRD-K25837718-001-03-8),Drug sensitivity AUC (PRISM Repurposing Secondary Screen),-0.009,compound_experiment
linsitinib (CTRP:705300),Drug sensitivity AUC (CTD^2),-0.009,compound_experiment
azithromycin (BRD:BRD-K74501079-001-18-1),Drug sensitivity AUC (PRISM Repurposing Secondary Screen),0.009,compound_experiment
azodicarbonamide (BRD:BRD-K87036601-001-01-6),Drug sensitivity AUC (PRISM Repurposing Secondary Screen),-0.009,compound_experiment
JNJ-26481585 (BRD:BRD-K83837640-001-04-8),Drug sensitivity AUC (PRISM Repurposing Secondary Screen),-0.009,compound_experiment
VX-702 (BRD:BRD-K07736136-001-04-6),Drug sensitivity AUC (PRISM Repurposing Secondary Screen),0.009,compound_experiment
anandamide (BRD:BRD-K42352790-001-05-3),Drug sensitivity AUC (PRISM Repurposing Secondary Screen),0.009,compound_experiment
evacetrapib (BRD:BRD-K16551357-001-03-2),Drug sensitivity AUC (PRISM Repurposing Secondary Screen),-0.009,compound_experiment
EX-527 (CTRP:608999),Drug sensitivity AUC (CTD^2),-0.009,compound_experiment
Compound 7d-cis (CTRP:411805),Drug sensitivity AUC (CTD^2),0.009,compound_experiment
anguidine (BRD:BRD-K45724504-001-01-6),Drug sensitivity AUC (PRISM Repurposing Secondary Screen),-0.009,compound_experiment
uracil (BRD:BRD-K80129304-001-08-1),Drug sensitivity AUC (PRISM Repurposing Secondary Screen),0.009,compound_experiment
venetoclax (BRD:BRD-K62391742-001-03-0),Drug sensitivity AUC (PRISM Repurposing Secondary Screen),-0.009,compound_experiment
CHIR-124 (BRD:BRD-K02241333-001-02-7),Drug sensitivity AUC (PRISM Repurposing Secondary Screen),0.009,compound_experiment
idronoxil (BRD:BRD-K74671368-001-01-8),Drug sensitivity AUC (PRISM Repurposing Secondary Screen),-0.009,compound_experiment
ingenol-mebutate (BRD:BRD-K93779381-001-01-9),Drug sensitivity AUC (PRISM Repurposing Secondary Screen),-0.009,compound_experiment
BRD-K66453893 (CTRP:387472),Drug sensitivity AUC (CTD^2),0.009,compound_experiment
azacitidine (CTRP:26874),Drug sensitivity AUC (CTD^2),-0.009,compound_experiment
CHM-1 (CTRP:609674),Drug sensitivity AUC (CTD^2),-0.009,compound_experiment
palmostatin B (CTRP:679844),Drug sensitivity AUC (CTD^2),-0.009,compound_experiment
Vilanterol - QC Failure (BRD:BRD-K00077374-001-02-9 - QC Failure),PRISM Repurposing Public 24Q2,-0.008,compound_experiment
TS-011 (BRD:BRD-K00004685-001-01-9),PRISM Repurposing Public 24Q2,0.008,compound_experiment
TCS-21311 (BRD:BRD-K49461364-001-01-0),PRISM Repurposing Public 24Q2,0.008,compound_experiment
S-3304 (BRD:BRD-K00003475-001-01-9),PRISM Repurposing Public 24Q2,-0.008,compound_experiment
Tyroserleutide (hydrochloride) - QC Failure (BRD:BRD-K00079335-003-02-9 - QC Failure),PRISM Repurposing Public 24Q2,-0.008,compound_experiment
CHIR-99021 (GDSC1:1241),Drug sensitivity AUC (Sanger GDSC1),-0.008,compound_experiment
acolbifene (BRD:BRD-K00004720-001-01-9),PRISM Repurposing Public 24Q2,-0.008,compound_experiment
SSTR5 antagonist 1 (BRD:BRD-K00091080-001-01-9),PRISM Repurposing Public 24Q2,-0.008,compound_experiment
RG7800 (BRD:BRD-K00004590-001-01-9),PRISM Repurposing Public 24Q2,-0.008,compound_experiment
LY334370 (BRD:BRD-K00003451-001-01-9),PRISM Repurposing Public 24Q2,0.008,compound_experiment
batefenterol (BRD:BRD-K00003148-001-01-9),PRISM Repurposing Public 24Q2,0.008,compound_experiment
TAS-116 (BRD:BRD-K00074122-001-02-9),PRISM Repurposing Public 24Q2,0.008,compound_experiment
encorafenib (BRD:BRD-K00003576-001-01-9),PRISM Repurposing Public 24Q2,0.008,compound_experiment
MK2-IN-1 (BRD:BRD-K90316462-003-01-1),PRISM Repurposing Public 24Q2,0.008,compound_experiment
trabodenoson (BRD:BRD-K00004698-001-01-9),PRISM Repurposing Public 24Q2,0.008,compound_experiment
9-anthracenecarboxylic-acid (BRD:BRD-K62607075-001-04-9),PRISM Repurposing Public 24Q2,0.008,compound_experiment
mitotane (BRD:BRD-A31204924-001-14-2),PRISM Repurposing Public 24Q2,-0.008,compound_experiment
cefmetazole (BRD:BRD-K48470486-236-11-6),PRISM Repurposing Public 24Q2,0.008,compound_experiment
segesterone-acetate (BRD:BRD-K00003150-001-01-9),PRISM Repurposing Public 24Q2,-0.008,compound_experiment
etrasimod (BRD:BRD-K00003139-001-01-9),PRISM Repurposing Public 24Q2,-0.008,compound_experiment
methantheline (BRD:BRD-K09859624-004-11-9),PRISM Repurposing Public 24Q2,0.008,compound_experiment
Menaquinone-7 - QC Failure (BRD:BRD-K00073260-001-02-9 - QC Failure),PRISM Repurposing Public 24Q2,0.008,compound_experiment
9-ING-41 (BRD:BRD-K00091104-001-01-9),PRISM Repurposing Public 24Q2,0.008,compound_experiment
N-(p-amylcinnamoyl)-anthranilic-acid (BRD:BRD-K77817104-001-02-9),PRISM Repurposing Public 24Q2,-0.008,compound_experiment
rovazolac (BRD:BRD-K00003502-001-01-9),PRISM Repurposing Public 24Q2,-0.008,compound_experiment
GS-967 (BRD:BRD-K26526496-001-03-9),PRISM Repurposing Public 24Q2,-0.008,compound_experiment
SB-743921 (BRD:BRD-K68532323-003-02-8),Drug sensitivity AUC (PRISM Repurposing Secondary Screen),-0.008,compound_experiment
PIM-447 (BRD:BRD-K00003280-300-01-9),PRISM Repurposing Public 24Q2,-0.008,compound_experiment
sevelamer (BRD:BRD-U45393375-000-01-6),Drug sensitivity AUC (PRISM Repurposing Secondary Screen),-0.008,compound_experiment
"JNK-9L, KIN001-204 (GDSC1:157)",Drug sensitivity AUC (Sanger GDSC1),-0.008,compound_experiment
KIN001-206 (GDSC1:159),Drug sensitivity AUC (Sanger GDSC1),-0.008,compound_experiment
AFATINIB (GDSC2:1032),Drug sensitivity AUC (Sanger GDSC2),-0.008,compound_experiment
KIN001-135 (GDSC1:91),Drug sensitivity AUC (Sanger GDSC1),-0.008,compound_experiment
VINORELBINE (GDSC1:140),Drug sensitivity AUC (Sanger GDSC1),0.008,compound_experiment
BRD-A71883111 (CTRP:660145),Drug sensitivity AUC (CTD^2),-0.008,compound_experiment
BRD-K96431673 (CTRP:417262),Drug sensitivity AUC (CTD^2),-0.008,compound_experiment
VAF-347 (CTRP:659226),Drug sensitivity AUC (CTD^2),-0.008,compound_experiment
PLX647 (BRD:BRD-K79294107-300-02-9),PRISM Repurposing Public 24Q2,-0.008,compound_experiment
isometheptene-mucate (BRD:BRD-A64743628-001-01-5),Drug sensitivity AUC (PRISM Repurposing Secondary Screen),0.008,compound_experiment
midodrine (BRD:BRD-A79981887-003-16-4),Drug sensitivity AUC (PRISM Repurposing Secondary Screen),-0.008,compound_experiment
SU014813 (BRD:BRD-K75911534-001-01-6),Drug sensitivity AUC (PRISM Repurposing Secondary Screen),-0.008,compound_experiment
TG-100572 (BRD:BRD-K18424115-003-01-3),Drug sensitivity AUC (PRISM Repurposing Secondary Screen),0.008,compound_experiment
ROSCOVITINE (GDSC1:110),Drug sensitivity AUC (Sanger GDSC1),0.008,compound_experiment
WZ-4002 (BRD:BRD-K72420232-001-12-3),Drug sensitivity AUC (PRISM Repurposing Secondary Screen),0.008,compound_experiment
pindolol (BRD:BRD-A97701745-001-16-0),Drug sensitivity AUC (PRISM Repurposing Secondary Screen),-0.008,compound_experiment
fluorometholone (BRD:BRD-A13133631-001-04-0),Drug sensitivity AUC (PRISM Repurposing Secondary Screen),0.008,compound_experiment
KP-1212 (BRD:BRD-K46690591-001-01-2),Drug sensitivity AUC (PRISM Repurposing Secondary Screen),0.008,compound_experiment
daunorubicin (BRD:BRD-K43389675-003-20-9),Drug sensitivity AUC (PRISM Repurposing Secondary Screen),-0.008,compound_experiment
doxycycline (BRD:BRD-A08545410-003-07-8),Drug sensitivity AUC (PRISM Repurposing Secondary Screen),-0.008,compound_experiment
clenbuterol (BRD:BRD-A75726477-003-21-3),Drug sensitivity AUC (PRISM Repurposing Secondary Screen),-0.008,compound_experiment
VU0364770 (BRD:BRD-K66527818-001-02-6),Drug sensitivity AUC (PRISM Repurposing Secondary Screen),0.008,compound_experiment
ixabepilone (BRD:BRD-K03601870-001-01-2),Drug sensitivity AUC (PRISM Repurposing Secondary Screen),-0.008,compound_experiment
GSK239512 (BRD:BRD-K00004689-001-01-9),PRISM Repurposing Public 24Q2,0.007,compound_experiment
YL0919 (BRD:BRD-K00003390-003-01-9),PRISM Repurposing Public 24Q2,0.007,compound_experiment
GPi-688 (BRD:BRD-A90201073-001-02-9),PRISM Repurposing Public 24Q2,-0.007,compound_experiment
acetylspiramycin (BRD:BRD-K00004968-001-01-9),PRISM Repurposing Public 24Q2,-0.007,compound_experiment
DBPR-211 (BRD:BRD-K00004704-001-01-9),PRISM Repurposing Public 24Q2,0.007,compound_experiment
Elubrixin (tosylate) - QC Failure (BRD:BRD-K00078302-075-02-9 - QC Failure),PRISM Repurposing Public 24Q2,-0.007,compound_experiment
CX-5461 (GDSC1:300),Drug sensitivity AUC (Sanger GDSC1),0.007,compound_experiment
RI-1 (BRD:BRD-K79555887-001-01-0),Drug sensitivity AUC (PRISM Repurposing Secondary Screen),-0.007,compound_experiment
tropifexor (BRD:BRD-K00003480-001-01-9),PRISM Repurposing Public 24Q2,0.007,compound_experiment
BRD-K64610608 (CTRP:438776),Drug sensitivity AUC (CTD^2),0.007,compound_experiment
ML320 (CTRP:659682),Drug sensitivity AUC (CTD^2),-0.007,compound_experiment
tacrolimus (CTRP:50737),Drug sensitivity AUC (CTD^2),-0.007,compound_experiment
CR-1-31B (CTRP:418209),Drug sensitivity AUC (CTD^2),0.007,compound_experiment
avicin D (CTRP:688975),Drug sensitivity AUC (CTD^2),-0.007,compound_experiment
indibulin (BRD:BRD-K74057757-001-01-9),Drug sensitivity AUC (PRISM Repurposing Secondary Screen),0.007,compound_experiment
ML133 (BRD:BRD-K33743361-003-02-6),Drug sensitivity AUC (PRISM Repurposing Secondary Screen),0.007,compound_experiment
dienogest (BRD:BRD-K50853363-001-02-3),Drug sensitivity AUC (PRISM Repurposing Secondary Screen),-0.007,compound_experiment
nitisinone (BRD:BRD-K01109406-001-03-7),Drug sensitivity AUC (PRISM Repurposing Secondary Screen),0.007,compound_experiment
tyrphostin-AG-1478 (BRD:BRD-K68336408-001-10-9),Drug sensitivity AUC (PRISM Repurposing Secondary Screen),0.007,compound_experiment
PIK-75 (BRD:BRD-K49371609-003-03-8),Drug sensitivity AUC (PRISM Repurposing Secondary Screen),-0.007,compound_experiment
omeprazole (BRD:BRD-A55962179-001-22-1),Drug sensitivity AUC (PRISM Repurposing Secondary Screen),0.007,compound_experiment
HMN-214 (BRD:BRD-K70511574-001-06-9),Drug sensitivity AUC (PRISM Repurposing Secondary Screen),0.007,compound_experiment
oxiperomide (BRD:BRD-K78096648-001-05-7),Drug sensitivity AUC (PRISM Repurposing Secondary Screen),-0.007,compound_experiment
rauwolscine (BRD:BRD-K77474816-003-15-9),PRISM Repurposing Public 24Q2,-0.007,compound_experiment
vemurafenib (BRD:BRD-K56343971-001-10-6),Drug sensitivity AUC (PRISM Repurposing Secondary Screen),-0.007,compound_experiment
PRT062070 (BRD:BRD-K25835157-001-01-4),Drug sensitivity AUC (PRISM Repurposing Secondary Screen),0.007,compound_experiment
CUDC-101 (BRD:BRD-K41278234-001-03-0),Drug sensitivity AUC (PRISM Repurposing Secondary Screen),0.007,compound_experiment
torcetrapib (BRD:BRD-K55675242-001-03-0),Drug sensitivity AUC (PRISM Repurposing Secondary Screen),0.007,compound_experiment
2-methoxyestradiol (BRD:BRD-K44408410-001-17-6),Drug sensitivity AUC (PRISM Repurposing Secondary Screen),0.007,compound_experiment
clebopride (BRD:BRD-K17294426-050-12-3),Drug sensitivity AUC (PRISM Repurposing Secondary Screen),0.007,compound_experiment
phenelzine (BRD:BRD-K87024524-065-17-7),Drug sensitivity AUC (PRISM Repurposing Secondary Screen),0.007,compound_experiment
pevonedistat (BRD:BRD-K67844266-003-01-9),Drug sensitivity AUC (PRISM Repurposing Secondary Screen),0.007,compound_experiment
paricalcitol (BRD:BRD-K60585088-001-01-5),Drug sensitivity AUC (PRISM Repurposing Secondary Screen),-0.007,compound_experiment
posaconazole (BRD:BRD-K06222852-001-03-2),Drug sensitivity AUC (PRISM Repurposing Secondary Screen),-0.007,compound_experiment
sulmazole (BRD:BRD-A22081593-001-11-1),Drug sensitivity AUC (PRISM Repurposing Secondary Screen),-0.007,compound_experiment
XBD173 (BRD:BRD-K45875383-001-01-2),Drug sensitivity AUC (PRISM Repurposing Secondary Screen),-0.007,compound_experiment
ETP-45835 (GDSC1:447),Drug sensitivity AUC (Sanger GDSC1),-0.007,compound_experiment
spironolactone (BRD:BRD-K90027355-001-13-3),Drug sensitivity AUC (PRISM Repurposing Secondary Screen),-0.007,compound_experiment
PHA-543613 (BRD:BRD-K00004641-001-01-9),PRISM Repurposing Public 24Q2,0.007,compound_experiment
prazosin (BRD:BRD-K49111258-003-29-7),Drug sensitivity AUC (PRISM Repurposing Secondary Screen),0.007,compound_experiment
calcitonin (BRD:BRD-K00005332-019-01-9),PRISM Repurposing Public 24Q2,0.007,compound_experiment
Fosdagrocorat (BRD:BRD-K00091282-001-01-9),PRISM Repurposing Public 24Q2,0.007,compound_experiment
"CMK, KIN001-128 (GDSC1:64)",Drug sensitivity AUC (Sanger GDSC1),0.007,compound_experiment
THZ-2-49 (GDSC1:344),Drug sensitivity AUC (Sanger GDSC1),0.007,compound_experiment
KB NB 142-70 (GDSC1:407),Drug sensitivity AUC (Sanger GDSC1),-0.007,compound_experiment
lusaperidone (BRD:BRD-K00004742-001-01-9),PRISM Repurposing Public 24Q2,0.007,compound_experiment
Indotecan - QC Failure (BRD:BRD-K00091114-001-01-9 - QC Failure),PRISM Repurposing Public 24Q2,-0.007,compound_experiment
BLZ945 (BRD:BRD-K83157152-001-02-9),PRISM Repurposing Public 24Q2,-0.007,compound_experiment
emamectin (BRD:BRD-K00003516-057-01-9),PRISM Repurposing Public 24Q2,-0.007,compound_experiment
Seltorexant (BRD:BRD-K00073947-001-02-9),PRISM Repurposing Public 24Q2,0.007,compound_experiment
ridinilazole (BRD:BRD-K77897005-001-02-9),PRISM Repurposing Public 24Q2,0.007,compound_experiment
nitroflurbiprofen (BRD:BRD-K00004737-001-01-9),PRISM Repurposing Public 24Q2,0.007,compound_experiment
R-1487 (BRD:BRD-K00004710-001-01-9),PRISM Repurposing Public 24Q2,0.007,compound_experiment
Ro-48-6791 (BRD:BRD-K00004572-001-01-9),PRISM Repurposing Public 24Q2,0.007,compound_experiment
esonarimod (BRD:BRD-K00003282-001-01-9),PRISM Repurposing Public 24Q2,-0.007,compound_experiment
avitinib (BRD:BRD-K00003294-050-01-9),PRISM Repurposing Public 24Q2,0.007,compound_experiment
"4-(2-{[2-(1,3-benzodioxol-5-yl)-1-methylethyl]amin - QC Failure (BRD:BRD-K00073555-003-02-9 - QC Failure)",PRISM Repurposing Public 24Q2,0.007,compound_experiment
MRTX849 - QC Failure (BRD:BRD-K00029445-001-02-9 - QC Failure),PRISM Repurposing Public 24Q2,0.007,compound_experiment
BQU57 (BRD:BRD-A40257118-001-02-0),PRISM Repurposing Public 24Q2,0.007,compound_experiment
PSNCBAM-1 (BRD:BRD-K33502629-001-02-9),PRISM Repurposing Public 24Q2,-0.007,compound_experiment
theaflavin (BRD:BRD-K60842365-001-03-9),PRISM Repurposing Public 24Q2,0.007,compound_experiment
TG-101348 (GDSC1:306),Drug sensitivity AUC (Sanger GDSC1),-0.006,compound_experiment
LY2828360 (BRD:BRD-K00005249-001-01-9),PRISM Repurposing Public 24Q2,-0.006,compound_experiment
ABT-072 (BRD:BRD-K00004730-001-01-9),PRISM Repurposing Public 24Q2,0.006,compound_experiment
NB-001 (BRD:BRD-K00004647-001-01-9),PRISM Repurposing Public 24Q2,-0.006,compound_experiment
ACT-709478 (BRD:BRD-K00003538-001-02-9),PRISM Repurposing Public 24Q2,-0.006,compound_experiment
Difamilast (BRD:BRD-K00091099-001-01-9),PRISM Repurposing Public 24Q2,-0.006,compound_experiment
ascomycin (BRD:BRD-K88882192-001-03-3),PRISM Repurposing Public 24Q2,-0.006,compound_experiment
CU-T12-9 (BRD:BRD-K89462779-001-02-9),PRISM Repurposing Public 24Q2,0.006,compound_experiment
AS-252424 (BRD:BRD-K14988953-001-04-4),PRISM Repurposing Public 24Q2,-0.006,compound_experiment
AZD3264 (BRD:BRD-K14287049-001-01-3),PRISM Repurposing Public 24Q2,0.006,compound_experiment
lurasidone (BRD:BRD-K51143828-003-03-1),Drug sensitivity AUC (PRISM Repurposing Secondary Screen),-0.006,compound_experiment
DACINOSTAT (GDSC1:200),Drug sensitivity AUC (Sanger GDSC1),-0.006,compound_experiment
Alicapistat (BRD:BRD-K00091073-001-01-9),PRISM Repurposing Public 24Q2,-0.006,compound_experiment
creatine (BRD:BRD-K19615002-001-02-3),Drug sensitivity AUC (PRISM Repurposing Secondary Screen),0.006,compound_experiment
hyodeoxycholic-acid (BRD:BRD-K44009692-001-02-3),Drug sensitivity AUC (PRISM Repurposing Secondary Screen),0.006,compound_experiment
FORETINIB (GDSC2:2040),Drug sensitivity AUC (Sanger GDSC2),0.006,compound_experiment
ZK-93426 (BRD:BRD-K68392338-003-02-0),Drug sensitivity AUC (PRISM Repurposing Secondary Screen),0.006,compound_experiment
KY02111 (BRD:BRD-K13302470-001-02-7),Drug sensitivity AUC (PRISM Repurposing Secondary Screen),-0.006,compound_experiment
INC-280 (BRD:BRD-K81016934-001-02-0),Drug sensitivity AUC (PRISM Repurposing Secondary Screen),-0.006,compound_experiment
SR-27897 (BRD:BRD-K35629949-001-02-0),Drug sensitivity AUC (PRISM Repurposing Secondary Screen),-0.006,compound_experiment
INCB-024360 (BRD:BRD-K79450420-001-01-8),Drug sensitivity AUC (PRISM Repurposing Secondary Screen),0.006,compound_experiment
odanacatib (BRD:BRD-K22822991-001-02-3),Drug sensitivity AUC (PRISM Repurposing Secondary Screen),-0.006,compound_experiment
quizartinib (BRD:BRD-K93918653-001-08-9),Drug sensitivity AUC (PRISM Repurposing Secondary Screen),0.006,compound_experiment
rutin (BRD:BRD-K20482099-001-09-4),Drug sensitivity AUC (PRISM Repurposing Secondary Screen),-0.006,compound_experiment
tepoxalin (BRD:BRD-K89714990-001-01-5),Drug sensitivity AUC (PRISM Repurposing Secondary Screen),-0.006,compound_experiment
clindamycin-phosphate (BRD:BRD-K27771035-001-02-5),Drug sensitivity AUC (PRISM Repurposing Secondary Screen),-0.006,compound_experiment
trequinsin (BRD:BRD-K84663978-003-02-9),Drug sensitivity AUC (PRISM Repurposing Secondary Screen),-0.006,compound_experiment
tiludronate (BRD:BRD-K10845183-304-01-6),Drug sensitivity AUC (PRISM Repurposing Secondary Screen),0.006,compound_experiment
FR-122047 (BRD:BRD-K30990140-003-02-4),Drug sensitivity AUC (PRISM Repurposing Secondary Screen),-0.006,compound_experiment
mitoxantrone (BRD:BRD-K21680192-300-14-4),Drug sensitivity AUC (PRISM Repurposing Secondary Screen),0.006,compound_experiment
Aleglitazar (BRD:BRD-K00076061-001-02-9),PRISM Repurposing Public 24Q2,-0.006,compound_experiment
pilocarpine (BRD:BRD-K85090592-008-22-7),Drug sensitivity AUC (PRISM Repurposing Secondary Screen),0.006,compound_experiment
PHA-568487 (BRD:BRD-K48053228-051-02-9),PRISM Repurposing Public 24Q2,-0.006,compound_experiment
GSK369796 (BRD:BRD-K00003121-300-01-9),PRISM Repurposing Public 24Q2,0.006,compound_experiment
Mps1-IN-5 (BRD:BRD-K43812936-001-01-9),PRISM Repurposing Public 24Q2,-0.006,compound_experiment
Metaflumizone - QC Failure (BRD:BRD-K00084844-001-01-9 - QC Failure),PRISM Repurposing Public 24Q2,0.006,compound_experiment
"3,5-DHPG-(S) (BRD:BRD-K57796080-001-04-9)",PRISM Repurposing Public 24Q2,0.006,compound_experiment
selumetinib:decitabine (4:1 mol/mol) (CTRP:660249),Drug sensitivity AUC (CTD^2),0.006,compound_experiment
crizotinib (CTRP:628603),Drug sensitivity AUC (CTD^2),0.006,compound_experiment
MI-1 (CTRP:185987),Drug sensitivity AUC (CTD^2),0.006,compound_experiment
AT-406 (CTRP:710154),Drug sensitivity AUC (CTD^2),-0.006,compound_experiment
GSK-3 inhibitor IX (CTRP:52582),Drug sensitivity AUC (CTD^2),-0.006,compound_experiment
CAY10576 (CTRP:622913),Drug sensitivity AUC (CTD^2),-0.006,compound_experiment
AZD8055 (CTRP:609639),Drug sensitivity AUC (CTD^2),0.006,compound_experiment
OP-0595 (BRD:BRD-K00004708-001-01-9),PRISM Repurposing Public 24Q2,0.006,compound_experiment
parsaclisib (BRD:BRD-K00004594-001-01-9),PRISM Repurposing Public 24Q2,0.006,compound_experiment
BQ-788 (BRD:BRD-K02490038-236-03-8),PRISM Repurposing Public 24Q2,-0.006,compound_experiment
HOKU-81 (BRD:BRD-K00003598-001-01-9),PRISM Repurposing Public 24Q2,0.006,compound_experiment
5-hydroxyectoine (BRD:BRD-K03871161-001-02-9),PRISM Repurposing Public 24Q2,0.006,compound_experiment
solriamfetol (BRD:BRD-K00004707-001-01-9),PRISM Repurposing Public 24Q2,0.006,compound_experiment
UC-112 (BRD:BRD-K73610817-001-10-9),PRISM Repurposing Public 24Q2,-0.006,compound_experiment
P22077 (GDSC2:1933),Drug sensitivity AUC (Sanger GDSC2),0.006,compound_experiment
propagermanium (BRD:BRD-K53382462-001-02-0),PRISM Repurposing Public 24Q2,-0.006,compound_experiment
Pibrentasvir (BRD:BRD-K00076315-001-02-9),PRISM Repurposing Public 24Q2,-0.006,compound_experiment
LDN-212854 (BRD:BRD-K59831625-001-01-6),Drug sensitivity AUC (PRISM Repurposing Secondary Screen),0.005,compound_experiment
ALISERTIB (GDSC2:1051),Drug sensitivity AUC (Sanger GDSC2),-0.005,compound_experiment
nemazoline (BRD:BRD-K00004662-001-01-9),PRISM Repurposing Public 24Q2,0.005,compound_experiment
C11-Acetate (BRD:BRD-K83914624-415-01-3),PRISM Repurposing Public 24Q2,0.005,compound_experiment
chlorphenoxamine (BRD:BRD-K00003537-001-01-9),PRISM Repurposing Public 24Q2,-0.005,compound_experiment
L-694247 (BRD:BRD-K18816859-001-06-9),PRISM Repurposing Public 24Q2,0.005,compound_experiment
CORT-108297 (BRD:BRD-K00004700-001-01-9),PRISM Repurposing Public 24Q2,0.005,compound_experiment
CEP-40783 (BRD:BRD-K00003396-001-01-9),PRISM Repurposing Public 24Q2,-0.005,compound_experiment
bromisoval (BRD:BRD-K00003522-001-01-9),PRISM Repurposing Public 24Q2,0.005,compound_experiment
pamiparib (BRD:BRD-K00003461-001-01-9),PRISM Repurposing Public 24Q2,0.005,compound_experiment
JD-5037 (BRD:BRD-K00003271-001-01-9),PRISM Repurposing Public 24Q2,-0.005,compound_experiment
IM156 (BRD:BRD-K00091083-015-01-9),PRISM Repurposing Public 24Q2,0.005,compound_experiment
W-54011 (BRD:BRD-A00559310-003-01-1),PRISM Repurposing Public 24Q2,0.005,compound_experiment
GSK2606414 (BRD:BRD-K81689258-001-04-8),PRISM Repurposing Public 24Q2,0.005,compound_experiment
Dinotefuran (BRD:BRD-K00084839-001-01-9),PRISM Repurposing Public 24Q2,-0.005,compound_experiment
Dorzagliatin (BRD:BRD-K00090645-001-01-9),PRISM Repurposing Public 24Q2,-0.005,compound_experiment
pamabrom (BRD:BRD-M67659203-001-02-7),PRISM Repurposing Public 24Q2,-0.005,compound_experiment
D-157495 (BRD:BRD-K29066607-001-02-9),PRISM Repurposing Public 24Q2,0.005,compound_experiment
BAY-61-3606 (BRD:BRD-K53281329-300-01-5),PRISM Repurposing Public 24Q2,0.005,compound_experiment
LEFLUNOMIDE (GDSC2:1578),Drug sensitivity AUC (Sanger GDSC2),-0.005,compound_experiment
terfenadine (BRD:BRD-A06352418-001-25-9),Drug sensitivity AUC (PRISM Repurposing Secondary Screen),0.005,compound_experiment
isoflupredone-acetate (BRD:BRD-K29173907-001-09-2),Drug sensitivity AUC (PRISM Repurposing Secondary Screen),-0.005,compound_experiment
MLN0128 (BRD:BRD-K59317601-001-05-5),Drug sensitivity AUC (PRISM Repurposing Secondary Screen),-0.005,compound_experiment
MTPG (BRD:BRD-A28329383-001-02-1),Drug sensitivity AUC (PRISM Repurposing Secondary Screen),-0.005,compound_experiment
danusertib (BRD:BRD-K07881437-001-04-6),Drug sensitivity AUC (PRISM Repurposing Secondary Screen),0.005,compound_experiment
STF-118804 (BRD:BRD-K39171998-001-01-1),Drug sensitivity AUC (PRISM Repurposing Secondary Screen),-0.005,compound_experiment
AVN-944 (BRD:BRD-K62196610-001-01-6),Drug sensitivity AUC (PRISM Repurposing Secondary Screen),0.005,compound_experiment
quinidine (BRD:BRD-K59632282-052-03-1),Drug sensitivity AUC (PRISM Repurposing Secondary Screen),-0.005,compound_experiment
niclosamide (BRD:BRD-K35960502-001-20-0),Drug sensitivity AUC (PRISM Repurposing Secondary Screen),0.005,compound_experiment
oxonic-acid (BRD:BRD-K31468676-237-01-8),Drug sensitivity AUC (PRISM Repurposing Secondary Screen),-0.005,compound_experiment
SINULARIN (GDSC2:1838),Drug sensitivity AUC (Sanger GDSC2),-0.005,compound_experiment
SB-225002 (BRD:BRD-K61323504-001-04-0),Drug sensitivity AUC (PRISM Repurposing Secondary Screen),0.005,compound_experiment
norethindrone-acetate (BRD:BRD-A09349126-001-10-7),Drug sensitivity AUC (PRISM Repurposing Secondary Screen),0.005,compound_experiment
methotrexate (BRD:BRD-K59456551-001-22-6),Drug sensitivity AUC (PRISM Repurposing Secondary Screen),-0.005,compound_experiment
vidarabine (BRD:BRD-K72093121-001-16-3),Drug sensitivity AUC (PRISM Repurposing Secondary Screen),-0.005,compound_experiment
barasertib (BRD:BRD-K31928526-001-02-1),Drug sensitivity AUC (PRISM Repurposing Secondary Screen),0.005,compound_experiment
oxiracetam (BRD:BRD-K50677762-001-01-5),Drug sensitivity AUC (PRISM Repurposing Secondary Screen),-0.005,compound_experiment
naftidrofuryl (BRD:BRD-A67862938-034-14-9),Drug sensitivity AUC (PRISM Repurposing Secondary Screen),-0.005,compound_experiment
nomegestrol-acetate (BRD:BRD-K27351809-001-09-5),Drug sensitivity AUC (PRISM Repurposing Secondary Screen),0.005,compound_experiment
GEMCITABINE (GDSC1:135),Drug sensitivity AUC (Sanger GDSC1),0.005,compound_experiment
RTRAIL (GDSC1:1261),Drug sensitivity AUC (Sanger GDSC1),0.005,compound_experiment
CPI-1205 (BRD:BRD-K00003360-001-01-9),PRISM Repurposing Public 24Q2,0.005,compound_experiment
eniporide (BRD:BRD-K00004568-001-01-9),PRISM Repurposing Public 24Q2,0.005,compound_experiment
vorasidenib (BRD:BRD-K00003460-001-01-9),PRISM Repurposing Public 24Q2,-0.005,compound_experiment
A-804598 (BRD:BRD-K94313941-001-03-9),PRISM Repurposing Public 24Q2,-0.005,compound_experiment
hydroxysafflor-yellow-A (BRD:BRD-K00003327-001-01-9),PRISM Repurposing Public 24Q2,-0.005,compound_experiment
ziritaxestat (BRD:BRD-K00003431-001-01-9),PRISM Repurposing Public 24Q2,0.005,compound_experiment
"2,4-Dihydroxypyrimidine-5-carboxylic Acid (BRD:BRD-K00078070-001-02-9)",PRISM Repurposing Public 24Q2,-0.005,compound_experiment
Lanraplenib - QC Failure (BRD:BRD-K00084187-001-02-9 - QC Failure),PRISM Repurposing Public 24Q2,0.005,compound_experiment
ML006 (CTRP:17712),Drug sensitivity AUC (CTD^2),0.005,compound_experiment
LY2795050 (BRD:BRD-K00003195-001-01-9),PRISM Repurposing Public 24Q2,0.005,compound_experiment
seletalisib (BRD:BRD-K00003228-001-01-9),PRISM Repurposing Public 24Q2,-0.005,compound_experiment
SA-47 (BRD:BRD-K99819791-001-02-9),PRISM Repurposing Public 24Q2,-0.005,compound_experiment
PFI-4 (BRD:BRD-K13106865-001-02-9),PRISM Repurposing Public 24Q2,-0.005,compound_experiment
radotinib (BRD:BRD-K00004716-001-01-9),PRISM Repurposing Public 24Q2,0.005,compound_experiment
NS-11394 (BRD:BRD-K00004548-001-01-9),PRISM Repurposing Public 24Q2,0.005,compound_experiment
luzindole (BRD:BRD-K67013324-001-04-9),PRISM Repurposing Public 24Q2,-0.005,compound_experiment
AS-2444697 (BRD:BRD-K73565918-003-02-9),PRISM Repurposing Public 24Q2,0.005,compound_experiment
BRD-K02492147 (CTRP:415688),Drug sensitivity AUC (CTD^2),0.005,compound_experiment
cabozantinib (CTRP:660840),Drug sensitivity AUC (CTD^2),0.005,compound_experiment
SB 505124 (GDSC1:1194),Drug sensitivity AUC (Sanger GDSC1),-0.005,compound_experiment
IDELALISIB (GDSC1:238),Drug sensitivity AUC (Sanger GDSC1),-0.005,compound_experiment
SERDEMETAN (GDSC1:1133),Drug sensitivity AUC (Sanger GDSC1),0.005,compound_experiment
GNF-2 (GDSC1:52),Drug sensitivity AUC (Sanger GDSC1),0.005,compound_experiment
MK-0752 (CTRP:660332),Drug sensitivity AUC (CTD^2),-0.005,compound_experiment
PF-06409577 (BRD:BRD-K00003731-001-01-9),PRISM Repurposing Public 24Q2,0.005,compound_experiment
3-Cl-AHPC (CTRP:660796),Drug sensitivity AUC (CTD^2),-0.005,compound_experiment
BRD-K27188169:navitoclax (2:1 mol/mol) (CTRP:665818),Drug sensitivity AUC (CTD^2),0.005,compound_experiment
YK 4-279 (CTRP:632103),Drug sensitivity AUC (CTD^2),0.005,compound_experiment
selumetinib:GDC-0941 (4:1 mol/mol) (CTRP:660174),Drug sensitivity AUC (CTD^2),0.005,compound_experiment
JW-480 (CTRP:660227),Drug sensitivity AUC (CTD^2),0.005,compound_experiment
6-Diazo-5-oxo-L-nor-Leucine - QC Failure (BRD:BRD-K84924563-001-06-9 - QC Failure),PRISM Repurposing Public 24Q2,0.004,compound_experiment
Crocin - QC Failure (BRD:BRD-K00091268-001-01-9 - QC Failure),PRISM Repurposing Public 24Q2,0.004,compound_experiment
zoliflodacin (BRD:BRD-K00003264-001-01-9),PRISM Repurposing Public 24Q2,0.004,compound_experiment
ABX-1431 (BRD:BRD-K00004603-001-01-9),PRISM Repurposing Public 24Q2,0.004,compound_experiment
LY2857785 (BRD:BRD-K15382985-001-01-7),PRISM Repurposing Public 24Q2,0.004,compound_experiment
A-839977 (BRD:BRD-K60427831-001-02-9),PRISM Repurposing Public 24Q2,-0.004,compound_experiment
A12B4C3 (BRD:BRD-A30000356-001-02-9),PRISM Repurposing Public 24Q2,0.004,compound_experiment
CK-101 (BRD:BRD-K00005246-001-01-9),PRISM Repurposing Public 24Q2,-0.004,compound_experiment
alpha-asarone (BRD:BRD-K72536715-001-01-5),PRISM Repurposing Public 24Q2,-0.004,compound_experiment
(+)-Borneol - QC Failure (BRD:BRD-K00091292-001-01-9 - QC Failure),PRISM Repurposing Public 24Q2,-0.004,compound_experiment
argireline (BRD:BRD-K00003332-001-01-9),PRISM Repurposing Public 24Q2,-0.004,compound_experiment
bexagliflozin (BRD:BRD-K00003246-001-01-9),PRISM Repurposing Public 24Q2,-0.004,compound_experiment
astilbin (BRD:BRD-K44845912-001-02-9),PRISM Repurposing Public 24Q2,0.004,compound_experiment
roluperidone (BRD:BRD-K00003283-001-01-9),PRISM Repurposing Public 24Q2,-0.004,compound_experiment
olodanrigan (BRD:BRD-K00003151-001-01-9),PRISM Repurposing Public 24Q2,-0.004,compound_experiment
lucanthone (BRD:BRD-K00003521-001-01-9),PRISM Repurposing Public 24Q2,0.004,compound_experiment
TC-G-1000 (BRD:BRD-K27010807-050-02-9),PRISM Repurposing Public 24Q2,-0.004,compound_experiment
PTC596 (BRD:BRD-K00090626-001-01-9),PRISM Repurposing Public 24Q2,0.004,compound_experiment
LY2940094 (BRD:BRD-K00077386-001-02-9),PRISM Repurposing Public 24Q2,-0.004,compound_experiment
fenebrutinib (BRD:BRD-K25290930-001-03-9),PRISM Repurposing Public 24Q2,-0.004,compound_experiment
ethynylcytidine (BRD:BRD-K00003207-001-01-9),PRISM Repurposing Public 24Q2,-0.004,compound_experiment
R-121919 (BRD:BRD-K00004717-001-01-9),PRISM Repurposing Public 24Q2,0.004,compound_experiment
afamelanotide (BRD:BRD-K00003330-001-01-9),PRISM Repurposing Public 24Q2,0.004,compound_experiment
acelarin (BRD:BRD-K00003531-001-01-9),PRISM Repurposing Public 24Q2,0.004,compound_experiment
radiprodil (BRD:BRD-K00005328-001-01-9),PRISM Repurposing Public 24Q2,-0.004,compound_experiment
glecaprevir (BRD:BRD-K00003260-001-01-9),PRISM Repurposing Public 24Q2,-0.004,compound_experiment
CKI-7 (BRD:BRD-K34303607-300-01-4),PRISM Repurposing Public 24Q2,-0.004,compound_experiment
sultiame (BRD:BRD-K00003488-001-01-9),PRISM Repurposing Public 24Q2,-0.004,compound_experiment
Lapirium chloride - QC Failure (BRD:BRD-K00071588-003-01-9 - QC Failure),PRISM Repurposing Public 24Q2,-0.004,compound_experiment
crystal-violet (BRD:BRD-K60025295-003-06-6),Drug sensitivity AUC (PRISM Repurposing Secondary Screen),0.004,compound_experiment
veliparib (CTRP:606034),Drug sensitivity AUC (CTD^2),-0.004,compound_experiment
CARMUSTINE (GDSC2:1807),Drug sensitivity AUC (Sanger GDSC2),-0.004,compound_experiment
UNC1215 (GDSC1:1262),Drug sensitivity AUC (Sanger GDSC1),-0.004,compound_experiment
"A-770041, KIN001-111 (GDSC1:55)",Drug sensitivity AUC (Sanger GDSC1),-0.004,compound_experiment
TIVOZANIB (GDSC1:312),Drug sensitivity AUC (Sanger GDSC1),-0.004,compound_experiment
MIDOSTAURIN (GDSC1:153),Drug sensitivity AUC (Sanger GDSC1),0.004,compound_experiment
propoxycaine (BRD:BRD-K18250272-003-11-0),Drug sensitivity AUC (PRISM Repurposing Secondary Screen),0.004,compound_experiment
isoxsuprine (BRD:BRD-A16700644-003-04-4),Drug sensitivity AUC (PRISM Repurposing Secondary Screen),-0.004,compound_experiment
carvedilol (BRD:BRD-A10977446-001-12-1),Drug sensitivity AUC (PRISM Repurposing Secondary Screen),0.004,compound_experiment
marimastat (BRD:BRD-K21396683-001-04-8),Drug sensitivity AUC (PRISM Repurposing Secondary Screen),0.004,compound_experiment
SCH-900776 (BRD:BRD-K75009076-001-02-1),Drug sensitivity AUC (PRISM Repurposing Secondary Screen),0.004,compound_experiment
lestaurtinib (BRD:BRD-A27376179-001-01-3),Drug sensitivity AUC (PRISM Repurposing Secondary Screen),-0.004,compound_experiment
theophylline (BRD:BRD-K97799481-001-16-0),Drug sensitivity AUC (PRISM Repurposing Secondary Screen),0.004,compound_experiment
thioguanine (BRD:BRD-K49350383-001-13-7),Drug sensitivity AUC (PRISM Repurposing Secondary Screen),0.004,compound_experiment
BYL-719 (CTRP:668495),Drug sensitivity AUC (CTD^2),-0.004,compound_experiment
JQ-1:UNC0638 (2:1 mol/mol) (CTRP:660129),Drug sensitivity AUC (CTD^2),0.004,compound_experiment
idelalisib (BRD:BRD-K60866521-001-07-1),Drug sensitivity AUC (PRISM Repurposing Secondary Screen),0.004,compound_experiment
JQ-1:carboplatin (1:1 mol/mol) (CTRP:660247),Drug sensitivity AUC (CTD^2),0.004,compound_experiment
lomeguatrib (CTRP:660207),Drug sensitivity AUC (CTD^2),0.004,compound_experiment
BRD-K37390332 (CTRP:463198),Drug sensitivity AUC (CTD^2),-0.004,compound_experiment
MST-312 (CTRP:411865),Drug sensitivity AUC (CTD^2),-0.004,compound_experiment
ML050 (CTRP:153820),Drug sensitivity AUC (CTD^2),-0.004,compound_experiment
PF-184 (CTRP:660208),Drug sensitivity AUC (CTD^2),0.004,compound_experiment
OSI-027 (BRD:BRD-K87124298-001-03-4),Drug sensitivity AUC (PRISM Repurposing Secondary Screen),-0.004,compound_experiment
NMS-E973 (BRD:BRD-K58770988-001-01-8),Drug sensitivity AUC (PRISM Repurposing Secondary Screen),0.004,compound_experiment
cyclophosphamide (BRD:BRD-A09722536-002-18-0),Drug sensitivity AUC (PRISM Repurposing Secondary Screen),-0.004,compound_experiment
wiskostatin (BRD:BRD-A18579359-001-05-9),PRISM Repurposing Public 24Q2,-0.003,compound_experiment
ML324 (BRD:BRD-K25611237-001-02-1),PRISM Repurposing Public 24Q2,0.003,compound_experiment
LY3295668 (BRD:BRD-K00004722-001-01-9),PRISM Repurposing Public 24Q2,0.003,compound_experiment
Ranitidine (hydrochloride) (BRD:BRD-K76687997-003-07-9),PRISM Repurposing Public 24Q2,0.003,compound_experiment
Taletrectinib - QC Failure (BRD:BRD-K00091097-040-01-9 - QC Failure),PRISM Repurposing Public 24Q2,0.003,compound_experiment
Remogliflozin etabonate (BRD:BRD-K00090650-001-01-9),PRISM Repurposing Public 24Q2,0.003,compound_experiment
Ro-5263397 (BRD:BRD-K00004623-001-01-9),PRISM Repurposing Public 24Q2,-0.003,compound_experiment
siremadlin (BRD:BRD-K65480835-001-02-9),PRISM Repurposing Public 24Q2,0.003,compound_experiment
rosuvastatin (BRD:BRD-K82941592-238-07-9),PRISM Repurposing Public 24Q2,0.003,compound_experiment
ALX-40-4C (BRD:BRD-K00003337-019-01-9),PRISM Repurposing Public 24Q2,0.003,compound_experiment
PF-06282999 (BRD:BRD-K00003279-001-01-9),PRISM Repurposing Public 24Q2,-0.003,compound_experiment
lodenosine (BRD:BRD-K00004554-001-01-9),PRISM Repurposing Public 24Q2,-0.003,compound_experiment
LEQ506 (BRD:BRD-K00003269-001-01-9),PRISM Repurposing Public 24Q2,0.003,compound_experiment
sufugolix (BRD:BRD-K00004582-001-01-9),PRISM Repurposing Public 24Q2,-0.003,compound_experiment
Saredutant (BRD:BRD-K00091297-001-01-9),PRISM Repurposing Public 24Q2,-0.003,compound_experiment
eldecalcitol (BRD:BRD-K00003316-001-01-9),PRISM Repurposing Public 24Q2,-0.003,compound_experiment
OF-1 (BRD:BRD-K92658264-001-02-9),PRISM Repurposing Public 24Q2,-0.003,compound_experiment
Latanoprostene bunod (BRD:BRD-K00029604-001-02-9),PRISM Repurposing Public 24Q2,0.003,compound_experiment
avacopan (BRD:BRD-K00003256-001-01-9),PRISM Repurposing Public 24Q2,0.003,compound_experiment
Filibuvir (BRD:BRD-K00091264-001-01-9),PRISM Repurposing Public 24Q2,-0.003,compound_experiment
phenyl-salicylate (BRD:BRD-K44091963-001-04-9),PRISM Repurposing Public 24Q2,-0.003,compound_experiment
VER-155008 (BRD:BRD-K32330832-001-01-0),PRISM Repurposing Public 24Q2,0.003,compound_experiment
ITX3 (BRD:BRD-K36515744-001-03-5),PRISM Repurposing Public 24Q2,-0.003,compound_experiment
ISO-1 (BRD:BRD-A94055480-001-02-9),PRISM Repurposing Public 24Q2,0.003,compound_experiment
AZD2098 (BRD:BRD-K00076909-001-02-9),PRISM Repurposing Public 24Q2,0.003,compound_experiment
edonerpic-maleate (BRD:BRD-K00003259-050-01-9),PRISM Repurposing Public 24Q2,-0.003,compound_experiment
UBP-296 (BRD:BRD-A45499626-001-04-9),PRISM Repurposing Public 24Q2,0.003,compound_experiment
doravirine (BRD:BRD-K00003231-001-01-9),PRISM Repurposing Public 24Q2,0.003,compound_experiment
GW-1100 (BRD:BRD-K23614267-001-01-2),PRISM Repurposing Public 24Q2,-0.003,compound_experiment
CC-90011 (benzenesulfonate) (BRD:BRD-K00091110-074-01-9),PRISM Repurposing Public 24Q2,-0.003,compound_experiment
CB-1158 (dihydrochloride) - QC Failure (BRD:BRD-K00090656-300-01-9 - QC Failure),PRISM Repurposing Public 24Q2,-0.003,compound_experiment
XL041 (BRD:BRD-K00003439-001-01-9),PRISM Repurposing Public 24Q2,0.003,compound_experiment
E7820 (BRD:BRD-K00003172-001-01-9),PRISM Repurposing Public 24Q2,0.003,compound_experiment
CP-640186 (BRD:BRD-K26921335-003-01-2),PRISM Repurposing Public 24Q2,-0.003,compound_experiment
Tricaine (methanesulfonate) (BRD:BRD-K44518413-066-04-9),PRISM Repurposing Public 24Q2,-0.003,compound_experiment
BMS-986020 (BRD:BRD-K00004586-001-01-9),PRISM Repurposing Public 24Q2,-0.003,compound_experiment
tenapanor (BRD:BRD-K00003201-001-01-9),PRISM Repurposing Public 24Q2,0.003,compound_experiment
ceruletide (BRD:BRD-K00003320-001-01-9),PRISM Repurposing Public 24Q2,0.003,compound_experiment
talsaclidine (BRD:BRD-K00004651-001-01-9),PRISM Repurposing Public 24Q2,-0.003,compound_experiment
TANESPIMYCIN (GDSC1:1026),Drug sensitivity AUC (Sanger GDSC1),-0.003,compound_experiment
exisulind (BRD:BRD-K37708699-001-01-4),Drug sensitivity AUC (PRISM Repurposing Secondary Screen),0.003,compound_experiment
ifosfamide (BRD:BRD-A67097164-001-18-7),Drug sensitivity AUC (PRISM Repurposing Secondary Screen),-0.003,compound_experiment
BRD-K11533227 (CTRP:389297),Drug sensitivity AUC (CTD^2),-0.003,compound_experiment
BMS-345541 (CTRP:622911),Drug sensitivity AUC (CTD^2),0.003,compound_experiment
BRD-K33199242 (CTRP:449707),Drug sensitivity AUC (CTD^2),-0.003,compound_experiment
BRD-K61166597 (CTRP:348633),Drug sensitivity AUC (CTD^2),-0.003,compound_experiment
GW-405833 (CTRP:375447),Drug sensitivity AUC (CTD^2),-0.003,compound_experiment
pralatrexate (BRD:BRD-A74914197-001-02-9),Drug sensitivity AUC (PRISM Repurposing Secondary Screen),0.003,compound_experiment
GSK269962A (GDSC1:1192),Drug sensitivity AUC (Sanger GDSC1),0.003,compound_experiment
hydroxyurea (BRD:BRD-K51747290-001-13-1),Drug sensitivity AUC (PRISM Repurposing Secondary Screen),-0.003,compound_experiment
selamectin (BRD:BRD-A58564983-001-04-6),Drug sensitivity AUC (PRISM Repurposing Secondary Screen),-0.003,compound_experiment
belinostat (BRD:BRD-K17743125-001-08-4),Drug sensitivity AUC (PRISM Repurposing Secondary Screen),-0.003,compound_experiment
trans-4-Hydroxycrotonic-acid (BRD:BRD-K91614056-001-02-2),Drug sensitivity AUC (PRISM Repurposing Secondary Screen),0.003,compound_experiment
famciclovir (BRD:BRD-K45033733-001-12-2),Drug sensitivity AUC (PRISM Repurposing Secondary Screen),-0.003,compound_experiment
daunorubicin (BRD:BRD-K43389675-001-02-1),Drug sensitivity AUC (PRISM Repurposing Secondary Screen),0.003,compound_experiment
talmapimod (BRD:BRD-K17555800-003-02-3),Drug sensitivity AUC (PRISM Repurposing Secondary Screen),-0.003,compound_experiment
CP-724714 (BRD:BRD-K76908866-001-07-6),Drug sensitivity AUC (PRISM Repurposing Secondary Screen),-0.003,compound_experiment
fluorouracil (CTRP:25344),Drug sensitivity AUC (CTD^2),0.003,compound_experiment
CPI-1189 (BRD:BRD-K11073688-001-01-6),Drug sensitivity AUC (PRISM Repurposing Secondary Screen),0.003,compound_experiment
R547 (BRD:BRD-K52233191-001-02-4),Drug sensitivity AUC (PRISM Repurposing Secondary Screen),-0.003,compound_experiment
ornithine (BRD:BRD-A13561534-003-02-0),Drug sensitivity AUC (PRISM Repurposing Secondary Screen),-0.003,compound_experiment
AS-1949490 (BRD:BRD-K61936403-001-01-7),Drug sensitivity AUC (PRISM Repurposing Secondary Screen),-0.003,compound_experiment
broxaldine (BRD:BRD-K36222532-001-01-8),Drug sensitivity AUC (PRISM Repurposing Secondary Screen),0.003,compound_experiment
methscopolamine (BRD:BRD-A03932035-004-04-3),Drug sensitivity AUC (PRISM Repurposing Secondary Screen),-0.003,compound_experiment
BF2.649 (BRD:BRD-K21673112-003-01-3),Drug sensitivity AUC (PRISM Repurposing Secondary Screen),-0.003,compound_experiment
paliperidone (BRD:BRD-A99888680-001-03-8),Drug sensitivity AUC (PRISM Repurposing Secondary Screen),-0.003,compound_experiment
fruquintinib (BRD:BRD-K70504253-001-01-3),Drug sensitivity AUC (PRISM Repurposing Secondary Screen),-0.003,compound_experiment
IKK-2-inhibitor-V (BRD:BRD-K74305673-001-06-2),Drug sensitivity AUC (PRISM Repurposing Secondary Screen),0.003,compound_experiment
linalool (BRD:BRD-A43082461-001-06-3),Drug sensitivity AUC (PRISM Repurposing Secondary Screen),0.003,compound_experiment
litronesib (BRD:BRD-K83029223-001-01-3),Drug sensitivity AUC (PRISM Repurposing Secondary Screen),-0.003,compound_experiment
toremifene (BRD:BRD-K51350053-048-16-5),Drug sensitivity AUC (PRISM Repurposing Secondary Screen),-0.003,compound_experiment
volasertib (BRD:BRD-K69776681-001-03-8),Drug sensitivity AUC (PRISM Repurposing Secondary Screen),-0.003,compound_experiment
Platin (CTRP:375395),Drug sensitivity AUC (CTD^2),0.003,compound_experiment
imiquimod (BRD:BRD-K26657438-001-15-2),Drug sensitivity AUC (PRISM Repurposing Secondary Screen),0.003,compound_experiment
necrostatin-7 (CTRP:660201),Drug sensitivity AUC (CTD^2),0.003,compound_experiment
BELINOSTAT (GDSC1:274),Drug sensitivity AUC (Sanger GDSC1),0.003,compound_experiment
RU-SKI-43 (GDSC1:576),Drug sensitivity AUC (Sanger GDSC1),-0.003,compound_experiment
JQ12 (GDSC1:164),Drug sensitivity AUC (Sanger GDSC1),-0.003,compound_experiment
PHA-793887 (GDSC1:301),Drug sensitivity AUC (Sanger GDSC1),0.003,compound_experiment
CABOZANTINIB (GDSC1:249),Drug sensitivity AUC (Sanger GDSC1),0.003,compound_experiment
SL 0101-1 (GDSC1:1039),Drug sensitivity AUC (Sanger GDSC1),0.003,compound_experiment
BOSUTINIB (GDSC1:1019),Drug sensitivity AUC (Sanger GDSC1),0.003,compound_experiment
AZ6102 (GDSC2:2109),Drug sensitivity AUC (Sanger GDSC2),-0.003,compound_experiment
BVD-523 (GDSC2:1908),Drug sensitivity AUC (Sanger GDSC2),0.003,compound_experiment
verucerfont (BRD:BRD-K00003180-001-01-9),PRISM Repurposing Public 24Q2,-0.002,compound_experiment
APX-115 (free base) - QC Failure (BRD:BRD-K00091125-001-01-9 - QC Failure),PRISM Repurposing Public 24Q2,-0.002,compound_experiment
naxagolide (BRD:BRD-K00004670-001-01-9),PRISM Repurposing Public 24Q2,-0.002,compound_experiment
dixyrazine (BRD:BRD-K00003339-001-01-9),PRISM Repurposing Public 24Q2,0.002,compound_experiment
AG-556 (BRD:BRD-K81048131-001-03-9),PRISM Repurposing Public 24Q2,-0.002,compound_experiment
nemiralisib (BRD:BRD-K00003285-001-01-9),PRISM Repurposing Public 24Q2,0.002,compound_experiment
BRL-44408 (BRD:BRD-K01825677-050-02-9),PRISM Repurposing Public 24Q2,0.002,compound_experiment
fosfluconazole (BRD:BRD-K00003384-001-01-9),PRISM Repurposing Public 24Q2,0.002,compound_experiment
osilodrostat (BRD:BRD-K00003210-001-01-9),PRISM Repurposing Public 24Q2,-0.002,compound_experiment
fumagillin (BRD:BRD-A99367815-001-04-9),PRISM Repurposing Public 24Q2,-0.002,compound_experiment
avoralstat (BRD:BRD-K00003224-001-01-9),PRISM Repurposing Public 24Q2,0.002,compound_experiment
butylidenephthalide (BRD:BRD-K02260986-001-03-9),PRISM Repurposing Public 24Q2,0.002,compound_experiment
convallatoxin (BRD:BRD-K00004559-001-01-9),PRISM Repurposing Public 24Q2,-0.002,compound_experiment
lanabecestat (BRD:BRD-K00003387-001-01-9),PRISM Repurposing Public 24Q2,-0.002,compound_experiment
morphothiadin (BRD:BRD-K00003491-001-01-9),PRISM Repurposing Public 24Q2,-0.002,compound_experiment
valnemulin (BRD:BRD-K33813875-003-01-8),Drug sensitivity AUC (PRISM Repurposing Secondary Screen),-0.002,compound_experiment
floxuridine (BRD:BRD-A03757454-001-03-4),Drug sensitivity AUC (PRISM Repurposing Secondary Screen),-0.002,compound_experiment
CH5132799 (BRD:BRD-K28352084-001-02-3),Drug sensitivity AUC (PRISM Repurposing Secondary Screen),0.002,compound_experiment
salvianolic-acid-A (BRD:BRD-K00005247-001-01-9),PRISM Repurposing Public 24Q2,0.002,compound_experiment
BMS-470539 (BRD:BRD-K22000702-300-02-9),PRISM Repurposing Public 24Q2,0.002,compound_experiment
efletirizine (BRD:BRD-K00004551-001-01-9),PRISM Repurposing Public 24Q2,-0.002,compound_experiment
emricasan (BRD:BRD-K00023644-001-01-9),PRISM Repurposing Public 24Q2,-0.002,compound_experiment
tedizolid (BRD:BRD-K59436580-001-01-7),Drug sensitivity AUC (PRISM Repurposing Secondary Screen),-0.002,compound_experiment
AZD2858 (BRD:BRD-K85849709-001-01-5),Drug sensitivity AUC (PRISM Repurposing Secondary Screen),0.002,compound_experiment
AZD5991 (BRD:BRD-K00005264-001-02-9),PRISM Repurposing Public 24Q2,0.002,compound_experiment
GDC-0152 (BRD:BRD-K68938568-001-01-7),Drug sensitivity AUC (PRISM Repurposing Secondary Screen),0.002,compound_experiment
navitoclax (BRD:BRD-K82746043-001-15-1),Drug sensitivity AUC (PRISM Repurposing Secondary Screen),0.002,compound_experiment
4E1RCat (BRD:BRD-K67173685-001-06-9),Drug sensitivity AUC (PRISM Repurposing Secondary Screen),0.002,compound_experiment
cimetidine (BRD:BRD-K34157611-001-16-0),Drug sensitivity AUC (PRISM Repurposing Secondary Screen),-0.002,compound_experiment
Actinonin (BRD:BRD-K24621118-001-04-9),PRISM Repurposing Public 24Q2,0.002,compound_experiment
LY2334737 (BRD:BRD-K04993719-001-01-7),Drug sensitivity AUC (PRISM Repurposing Secondary Screen),-0.002,compound_experiment
LY2784544 (BRD:BRD-K25630527-001-03-8),Drug sensitivity AUC (PRISM Repurposing Secondary Screen),-0.002,compound_experiment
filanesib (BRD:BRD-K37379014-001-02-0),Drug sensitivity AUC (PRISM Repurposing Secondary Screen),0.002,compound_experiment
CEP-37440 (BRD:BRD-K72827473-001-01-0),Drug sensitivity AUC (PRISM Repurposing Secondary Screen),-0.002,compound_experiment
harringtonine (BRD:BRD-K96358241-001-01-9),Drug sensitivity AUC (PRISM Repurposing Secondary Screen),0.002,compound_experiment
ICI-162846 (BRD:BRD-K11071038-001-01-7),Drug sensitivity AUC (PRISM Repurposing Secondary Screen),0.002,compound_experiment
SB-242235 (BRD:BRD-K19412355-001-01-0),Drug sensitivity AUC (PRISM Repurposing Secondary Screen),-0.002,compound_experiment
sulfasalazine (BRD:BRD-K10670311-001-15-5),Drug sensitivity AUC (PRISM Repurposing Secondary Screen),0.002,compound_experiment
PSI-7976 (BRD:BRD-K05674516-001-01-7),Drug sensitivity AUC (PRISM Repurposing Secondary Screen),-0.002,compound_experiment
methocarbamol (BRD:BRD-A31521121-001-26-4),Drug sensitivity AUC (PRISM Repurposing Secondary Screen),0.002,compound_experiment
benzocaine (BRD:BRD-K75466013-001-14-4),Drug sensitivity AUC (PRISM Repurposing Secondary Screen),0.002,compound_experiment
FQI-1 (CTRP:102193),Drug sensitivity AUC (CTD^2),-0.002,compound_experiment
NSC-636819 (BRD:BRD-K61120504-001-01-6),PRISM Repurposing Public 24Q2,-0.002,compound_experiment
JW-7-24-1 (GDSC1:256),Drug sensitivity AUC (Sanger GDSC1),0.002,compound_experiment
"NSC-207895, XI-006 (GDSC1:269)",Drug sensitivity AUC (Sanger GDSC1),-0.002,compound_experiment
tetracycline (BRD:BRD-K00003352-003-01-9),PRISM Repurposing Public 24Q2,0.002,compound_experiment
SN-38 (CTRP:375637),Drug sensitivity AUC (CTD^2),0.002,compound_experiment
vorapaxar (CTRP:660136),Drug sensitivity AUC (CTD^2),-0.002,compound_experiment
Ki8751 (CTRP:375560),Drug sensitivity AUC (CTD^2),-0.002,compound_experiment
BRD-K07442505 (CTRP:660229),Drug sensitivity AUC (CTD^2),-0.002,compound_experiment
tanespimycin (CTRP:50134),Drug sensitivity AUC (CTD^2),-0.002,compound_experiment
AUY922 (GDSC2:1559),Drug sensitivity AUC (Sanger GDSC2),0.002,compound_experiment
MSDC-0602K (BRD:BRD-K00004703-001-01-9),PRISM Repurposing Public 24Q2,0.002,compound_experiment
SB-216763 (GDSC1:1025),Drug sensitivity AUC (Sanger GDSC1),-0.002,compound_experiment
tigecycline (BRD:BRD-K00003349-001-01-9),PRISM Repurposing Public 24Q2,0.002,compound_experiment
SSR240612 (BRD:BRD-K00003186-003-01-9),PRISM Repurposing Public 24Q2,-0.002,compound_experiment
JNJ-54175446 (BRD:BRD-K00004575-001-01-9),PRISM Repurposing Public 24Q2,-0.002,compound_experiment
Gemcabene (BRD:BRD-K00077939-001-02-9),PRISM Repurposing Public 24Q2,-0.002,compound_experiment
Trifarotene (BRD:BRD-K00077480-001-02-9),PRISM Repurposing Public 24Q2,0.002,compound_experiment
UK-5099 (BRD:BRD-K19558579-001-02-9),PRISM Repurposing Public 24Q2,0.002,compound_experiment
Gadoxetate disodium - QC Failure (BRD:BRD-K00093436-304-01-9 - QC Failure),PRISM Repurposing Public 24Q2,0.002,compound_experiment
sodium-nitrite (BRD:BRD-K61230716-236-03-5),PRISM Repurposing Public 24Q2,-0.002,compound_experiment
Ethyl pyruvate - QC Failure (BRD:BRD-K47738867-001-05-9 - QC Failure),PRISM Repurposing Public 24Q2,0.002,compound_experiment
tinoridine (BRD:BRD-K84313779-003-03-9),PRISM Repurposing Public 24Q2,0.002,compound_experiment
PF-06873600 (BRD:BRD-K00004750-001-01-9),PRISM Repurposing Public 24Q2,-0.002,compound_experiment
AGI-5198 (GDSC2:1913),Drug sensitivity AUC (Sanger GDSC2),-0.002,compound_experiment
Tylvalosin (BRD:BRD-K00079560-001-02-9),PRISM Repurposing Public 24Q2,0.001,compound_experiment
LY2562175 (BRD:BRD-K00075537-001-02-9),PRISM Repurposing Public 24Q2,0.001,compound_experiment
MK-0557 (BRD:BRD-K00003190-001-01-9),PRISM Repurposing Public 24Q2,-0.001,compound_experiment
florbetapir - QC Failure (BRD:BRD-K00071590-001-01-9 - QC Failure),PRISM Repurposing Public 24Q2,-0.001,compound_experiment
MRTX1133 (BRD:BRD-K00104122-001-01-9),PRISM Repurposing Public 24Q2,-0.001,compound_experiment
leonurine (BRD:BRD-K00004696-001-01-9),PRISM Repurposing Public 24Q2,0.001,compound_experiment
licogliflozin (BRD:BRD-K00003504-001-01-9),PRISM Repurposing Public 24Q2,-0.001,compound_experiment
BMS-265246 (BRD:BRD-K62814476-001-03-3),Drug sensitivity AUC (PRISM Repurposing Secondary Screen),0.001,compound_experiment
verubecestat (BRD:BRD-K00003229-001-01-9),PRISM Repurposing Public 24Q2,-0.001,compound_experiment
SGS-742 (BRD:BRD-K00004650-001-01-9),PRISM Repurposing Public 24Q2,-0.001,compound_experiment
MK-4074 (BRD:BRD-K00003482-001-01-9),PRISM Repurposing Public 24Q2,-0.001,compound_experiment
PF-06840003 (BRD:BRD-K00003400-001-01-9),PRISM Repurposing Public 24Q2,0.001,compound_experiment
ODM-203 (BRD:BRD-K00091101-001-01-9),PRISM Repurposing Public 24Q2,0.001,compound_experiment
L-755507 (BRD:BRD-K39359968-001-03-9),PRISM Repurposing Public 24Q2,-0.001,compound_experiment
AT-406 (BRD:BRD-K83030136-001-02-9),PRISM Repurposing Public 24Q2,-0.001,compound_experiment
lurbinectedin (BRD:BRD-K00003211-001-01-9),PRISM Repurposing Public 24Q2,0.001,compound_experiment
17-PA (BRD:BRD-K07395323-001-02-9),PRISM Repurposing Public 24Q2,-0.001,compound_experiment
KAF-156 (BRD:BRD-K00004578-001-01-9),PRISM Repurposing Public 24Q2,0.001,compound_experiment
AP-18 (BRD:BRD-K32143970-001-02-9),PRISM Repurposing Public 24Q2,0.001,compound_experiment
ZSTK-474 (BRD:BRD-K63068307-001-08-9),Drug sensitivity AUC (PRISM Repurposing Secondary Screen),0.001,compound_experiment
clamikalant (BRD:BRD-K00004576-001-01-9),PRISM Repurposing Public 24Q2,-0.001,compound_experiment
BAM7 (BRD:BRD-K07442505-001-03-6),Drug sensitivity AUC (PRISM Repurposing Secondary Screen),-0.001,compound_experiment
navitoclax:MST-312 (1:1 mol/mol) (CTRP:660222),Drug sensitivity AUC (CTD^2),0.001,compound_experiment
NSC48300 (CTRP:594399),Drug sensitivity AUC (CTD^2),0.001,compound_experiment
BRD-K30748066 (CTRP:689506),Drug sensitivity AUC (CTD^2),-0.001,compound_experiment
C6-ceramide (CTRP:44554),Drug sensitivity AUC (CTD^2),-0.001,compound_experiment
BRD9876:MK-1775 (4:1 mol/mol) (CTRP:689136),Drug sensitivity AUC (CTD^2),-0.001,compound_experiment
JQ-1 (CTRP:616354),Drug sensitivity AUC (CTD^2),-0.001,compound_experiment
PYR-41 (CTRP:660202),Drug sensitivity AUC (CTD^2),-0.001,compound_experiment
BRD-A94377914 (CTRP:61724),Drug sensitivity AUC (CTD^2),-0.001,compound_experiment
bruceantin (BRD:BRD-A36057565-001-01-0),Drug sensitivity AUC (PRISM Repurposing Secondary Screen),-0.001,compound_experiment
purmorphamine (CTRP:52576),Drug sensitivity AUC (CTD^2),0.001,compound_experiment
LE-135 (CTRP:375354),Drug sensitivity AUC (CTD^2),0.001,compound_experiment
ELCPK (CTRP:609056),Drug sensitivity AUC (CTD^2),-0.001,compound_experiment
ampyrone (BRD:BRD-K20484910-001-16-9),PRISM Repurposing Public 24Q2,-0.001,compound_experiment
Acrizanib (BRD:BRD-K00093439-001-01-9),PRISM Repurposing Public 24Q2,0.001,compound_experiment
homoquinolinic-acid (BRD:BRD-K30519779-001-03-1),Drug sensitivity AUC (PRISM Repurposing Secondary Screen),0.001,compound_experiment
FQI-2 (CTRP:609091),Drug sensitivity AUC (CTD^2),-0.001,compound_experiment
delafloxacin (BRD:BRD-K90991629-100-02-9),PRISM Repurposing Public 24Q2,-0.001,compound_experiment
cefazolin (BRD:BRD-K99750640-236-20-3),PRISM Repurposing Public 24Q2,0.001,compound_experiment
ogerin (BRD:BRD-K00005341-001-01-9),PRISM Repurposing Public 24Q2,0.001,compound_experiment
deferasirox (BRD:BRD-K97010173-001-06-9),PRISM Repurposing Public 24Q2,-0.001,compound_experiment
chlortetracycline (BRD:BRD-K00003353-003-01-9),PRISM Repurposing Public 24Q2,-0.001,compound_experiment
ceftobiprole (BRD:BRD-K00003117-001-01-9),PRISM Repurposing Public 24Q2,-0.001,compound_experiment
PFI-3 (GDSC2:1620),Drug sensitivity AUC (Sanger GDSC2),-0.001,compound_experiment
OTX015 (GDSC2:1626),Drug sensitivity AUC (Sanger GDSC2),0.001,compound_experiment
ALPELISIB (GDSC2:1560),Drug sensitivity AUC (Sanger GDSC2),0.001,compound_experiment
amifostine (BRD:BRD-K73947551-001-04-4),PRISM Repurposing Public 24Q2,-0.001,compound_experiment
CCR2 antagonist 3 (BRD:BRD-K00077266-001-02-9),PRISM Repurposing Public 24Q2,0.001,compound_experiment
clonixin (BRD:BRD-K18399440-001-11-9),PRISM Repurposing Public 24Q2,-0.001,compound_experiment
GDC-0941 (GDSC1:1058),Drug sensitivity AUC (Sanger GDSC1),-0.001,compound_experiment
RUCAPARIB (GDSC1:1175),Drug sensitivity AUC (Sanger GDSC1),0.001,compound_experiment
CPI-613 (GDSC1:415),Drug sensitivity AUC (Sanger GDSC1),0.001,compound_experiment
YM-298198 (BRD:BRD-K59650319-003-04-9),PRISM Repurposing Public 24Q2,0.001,compound_experiment
vemurafenib (BRD:BRD-K56343971-001-14-8),Drug sensitivity AUC (PRISM Repurposing Secondary Screen),0.001,compound_experiment
"L-798,106 (BRD:BRD-K43905307-001-01-2)",Drug sensitivity AUC (PRISM Repurposing Secondary Screen),0.001,compound_experiment
skepinone-l (BRD:BRD-K83607951-001-02-2),Drug sensitivity AUC (PRISM Repurposing Secondary Screen),0.001,compound_experiment
lanoconazole (BRD:BRD-A54275602-001-01-0),Drug sensitivity AUC (PRISM Repurposing Secondary Screen),-0.001,compound_experiment
raltitrexed (BRD:BRD-K89839824-001-05-3),Drug sensitivity AUC (PRISM Repurposing Secondary Screen),0.001,compound_experiment
4-hydroxy-phenazone (BRD:BRD-K49759007-001-11-9),Drug sensitivity AUC (PRISM Repurposing Secondary Screen),-0.001,compound_experiment
toceranib (BRD:BRD-K62040061-011-02-7),Drug sensitivity AUC (PRISM Repurposing Secondary Screen),-0.001,compound_experiment
ulipristal (BRD:BRD-K64381438-001-03-8),Drug sensitivity AUC (PRISM Repurposing Secondary Screen),0.001,compound_experiment
oxcarbazepine (BRD:BRD-K04196797-001-24-4),Drug sensitivity AUC (PRISM Repurposing Secondary Screen),0.001,compound_experiment
deoxycorticosterone-acetate (BRD:BRD-K24556098-001-16-7),Drug sensitivity AUC (PRISM Repurposing Secondary Screen),0.001,compound_experiment
savolitinib (BRD:BRD-K98028353-001-02-8),Drug sensitivity AUC (PRISM Repurposing Secondary Screen),0.001,compound_experiment
tucatinib (BRD:BRD-K26026438-001-01-0),Drug sensitivity AUC (PRISM Repurposing Secondary Screen),-0.001,compound_experiment
doxercalciferol (BRD:BRD-K82928892-001-02-5),Drug sensitivity AUC (PRISM Repurposing Secondary Screen),-0.001,compound_experiment
TC1 (BRD:BRD-A13964793-001-02-6),Drug sensitivity AUC (PRISM Repurposing Secondary Screen),-0.001,compound_experiment
dalcetrapib (BRD:BRD-K18849474-001-04-4),Drug sensitivity AUC (PRISM Repurposing Secondary Screen),0.001,compound_experiment
phenylmercuric-acetate (BRD:BRD-K74193284-001-04-8),Drug sensitivity AUC (PRISM Repurposing Secondary Screen),0.001,compound_experiment
CI-844 (BRD:BRD-K83022601-001-01-0),Drug sensitivity AUC (PRISM Repurposing Secondary Screen),-0.001,compound_experiment
BMS-566419 (BRD:BRD-K56932272-001-02-9),PRISM Repurposing Public 24Q2,-0.001,compound_experiment
ZK811752 (BRD:BRD-K91825936-001-01-2),Drug sensitivity AUC (PRISM Repurposing Secondary Screen),0.001,compound_experiment
A61603 (BRD:BRD-A83650191-004-02-8),Drug sensitivity AUC (PRISM Repurposing Secondary Screen),-0.001,compound_experiment
TG-101348 (BRD:BRD-K12502280-001-08-0),Drug sensitivity AUC (PRISM Repurposing Secondary Screen),0.001,compound_experiment
HER2-Inhibitor-1 (BRD:BRD-K89709433-001-03-9),PRISM Repurposing Public 24Q2,-0.0,compound_experiment
iberdomide (BRD:BRD-K00003408-001-01-9),PRISM Repurposing Public 24Q2,-0.0,compound_experiment
hepsulfam (BRD:BRD-K00004739-001-01-9),PRISM Repurposing Public 24Q2,0.0,compound_experiment
AZD5153 (BRD:BRD-K00003528-457-01-9),PRISM Repurposing Public 24Q2,0.0,compound_experiment
BX-795 (BRD:BRD-K47983010-001-15-3),PRISM Repurposing Public 24Q2,0.0,compound_experiment
glesatinib (BRD:BRD-K00003288-003-01-9),PRISM Repurposing Public 24Q2,0.0,compound_experiment
MIW-815 (BRD:BRD-K00003146-318-01-9),PRISM Repurposing Public 24Q2,-0.0,compound_experiment
cysteamine (BRD:BRD-K92611362-003-03-9),PRISM Repurposing Public 24Q2,-0.0,compound_experiment
MDR-652 (BRD:BRD-K00091267-001-01-9),PRISM Repurposing Public 24Q2,0.0,compound_experiment
exo-IWR-1 (BRD:BRD-K96155658-001-02-9),PRISM Repurposing Public 24Q2,0.0,compound_experiment
GSK2245035 (BRD:BRD-K00074079-001-02-9),PRISM Repurposing Public 24Q2,-0.0,compound_experiment
LGD-6972 (BRD:BRD-K00003132-001-01-9),PRISM Repurposing Public 24Q2,-0.0,compound_experiment
USL311 (BRD:BRD-K00091126-001-01-9),PRISM Repurposing Public 24Q2,-0.0,compound_experiment
parethoxycaine (BRD:BRD-K54799382-003-08-4),PRISM Repurposing Public 24Q2,0.0,compound_experiment
EI1 (BRD:BRD-K91535048-001-01-2),PRISM Repurposing Public 24Q2,0.0,compound_experiment
Fedovapagon (BRD:BRD-K00075618-001-03-9),PRISM Repurposing Public 24Q2,0.0,compound_experiment
betulinic-acid (BRD:BRD-K45401373-001-20-9),Drug sensitivity AUC (PRISM Repurposing Secondary Screen),0.0,compound_experiment
chlorquinaldol (BRD:BRD-K90374350-001-09-2),Drug sensitivity AUC (PRISM Repurposing Secondary Screen),0.0,compound_experiment
mericitabine (BRD:BRD-K69726595-001-01-2),Drug sensitivity AUC (PRISM Repurposing Secondary Screen),-0.0,compound_experiment
PHA-767491 (BRD:BRD-K50000283-001-04-4),Drug sensitivity AUC (PRISM Repurposing Secondary Screen),0.0,compound_experiment
KI-8751 (BRD:BRD-K47150025-001-05-3),Drug sensitivity AUC (PRISM Repurposing Secondary Screen),0.0,compound_experiment
balapiravir (BRD:BRD-K47976015-001-01-2),Drug sensitivity AUC (PRISM Repurposing Secondary Screen),0.0,compound_experiment
AKBA (BRD:BRD-K54907283-001-01-2),Drug sensitivity AUC (PRISM Repurposing Secondary Screen),-0.0,compound_experiment
teroxirone (BRD:BRD-A39935389-001-05-9),Drug sensitivity AUC (PRISM Repurposing Secondary Screen),0.0,compound_experiment
SB-200646 (BRD:BRD-K77677632-003-02-6),Drug sensitivity AUC (PRISM Repurposing Secondary Screen),-0.0,compound_experiment
lenvatinib (BRD:BRD-K39974922-001-04-3),Drug sensitivity AUC (PRISM Repurposing Secondary Screen),-0.0,compound_experiment
orotic-acid (BRD:BRD-K32572029-001-04-4),Drug sensitivity AUC (PRISM Repurposing Secondary Screen),0.0,compound_experiment
AR-42 (BRD:BRD-K13167095-001-02-9),Drug sensitivity AUC (PRISM Repurposing Secondary Screen),0.0,compound_experiment
zardaverine (BRD:BRD-K37561857-001-15-5),Drug sensitivity AUC (PRISM Repurposing Secondary Screen),-0.0,compound_experiment
oridonin (BRD:BRD-K23925186-001-02-8),Drug sensitivity AUC (PRISM Repurposing Secondary Screen),0.0,compound_experiment
lafutidine (BRD:BRD-A67516570-001-02-8),Drug sensitivity AUC (PRISM Repurposing Secondary Screen),0.0,compound_experiment
cefditoren-pivoxil (BRD:BRD-K72167406-001-02-1),Drug sensitivity AUC (PRISM Repurposing Secondary Screen),0.0,compound_experiment
OSI-930 (GDSC1:298),Drug sensitivity AUC (Sanger GDSC1),0.0,compound_experiment
SNX-2112:bortezomib (250:1 mol/mol) (CTRP:660251),Drug sensitivity AUC (CTD^2),0.0,compound_experiment
itraconazole (CTRP:63349),Drug sensitivity AUC (CTD^2),0.0,compound_experiment
tretinoin:navitoclax (4:1 mol/mol) (CTRP:660179),Drug sensitivity AUC (CTD^2),0.0,compound_experiment
docetaxel:tanespimycin (2:1 mol/mol) (CTRP:660217),Drug sensitivity AUC (CTD^2),0.0,compound_experiment
DOCETAXEL (GDSC2:1007),Drug sensitivity AUC (Sanger GDSC2),0.0,compound_experiment
WZ4003 (GDSC2:1614),Drug sensitivity AUC (Sanger GDSC2),0.0,compound_experiment
GS-9973 (GDSC2:1630),Drug sensitivity AUC (Sanger GDSC2),0.0,compound_experiment
NVP-BEZ235 (GDSC2:1057),Drug sensitivity AUC (Sanger GDSC2),0.0,compound_experiment
IBRUTINIB (GDSC2:1799),Drug sensitivity AUC (Sanger GDSC2),0.0,compound_experiment
"IWP-2, WNT INHIBITOR IWP-2 (GDSC2:1576)",Drug sensitivity AUC (Sanger GDSC2),0.0,compound_experiment
VINBLASTINE (GDSC1:1004),Drug sensitivity AUC (Sanger GDSC1),-0.0,compound_experiment
SNX-2112 (GDSC1:328),Drug sensitivity AUC (Sanger GDSC1),-0.0,compound_experiment
NGD-98-2 (BRD:BRD-K81779590-003-02-9),PRISM Repurposing Public 24Q2,0.0,compound_experiment
